file	paragraph	lines	score	markers	text
010.9月28日李敖登陆香港.txt	30	59-59	18	举例|例子|过去|问|他说|骗|骂|打	李敖：我记得过去美国林肯总统在被人骂的满头包的时候，人家问他，你为什么不还嘴，为什么不辩护，为什么不解释？林肯总统说，一件事情如果我做对了，证明他们骂我的话是废话，如果证明我做错了，十个天使出来证明我清白都没有用。再举例子，美国第三任总统杰弗逊被人骂成骗子，被人骂成放高利贷者，可是他从来不辩解，为什么呢？他说为了给我们美国一个榜样，使大家知道什么叫作言论自由，如果我作为总统，动辄反驳，动辄诉诸法律，我就不能够促使美国有言论自由。我再举美国总统罗斯福的例子，他在竞选的时候讲了一句话：you can't beat something with nothing，你不能用一无所有来打败有些东西，有两下子的人不能用一无所有来打败他。所以有人酸溜溜的，或者他很忌妒的，或者他容不得别人好的，我告诉你，可以乐观一点，是没有用的。因为他们是nothing，我是something。
003.9月21日神州文化之旅第三天.txt	39	77-77	17	讲一个|例子|后来|最后|死	李敖：屈原就属于我对政府不满，我“嗝儿”了的典型。我认为那是弱者的表达，现在的人要用清醒的、理性的并且快乐一点的表达。让我最后讲一个例子给大家。王安石做官的时候，他的小女儿在他任上死了。他临走时，划个小船，到坟上给他的小女儿say goodbye。后来写了一首诗“今夜扁舟来诀汝”，今天晚上，我坐了小船来跟你说再见；“此生从此各西东”，从此我们见不到面了，再也回不来了。为什么？回家乡是好难的事情。
003.9月21日神州文化之旅第三天.txt	102	203-203	17	有一个|后来|说：|他说|打|和尚	李敖在法源寺参观了一个多小时。临走前，圣辉方丈请李敖到佛学院礼堂讲话。中国佛学院是以培养僧才为目标的中国高等佛教学校，1956年在法源寺创办，第一任院长是喜饶嘉措大师。来自全国的约150名僧人正在这里研修佛法。圣辉方丈向僧人们介绍说，李敖先生虽然从来没到过法源寺，却用文学家的神来之笔写出了法源寺，所以李敖先生的前世可能是个和尚。李敖一笑，说出的却是一番“无神”言论。他说：原始的佛教与现代的佛教是有冲突的，我今天参观法源寺，看到很多了佛像、很多神，这些东西在宗教史和艺术史上是非常有意义的，但在信仰上，总有一个声音在我脑子里打转。在释迦牟尼时代，佛教里是没有神的，但是发展到后来，佛教变得有神而且是多神。我要说，释迦牟尼不是神，是人！说完，李敖又加了一句，“我扫了大家的兴，可是不扫这个兴，也就不叫我了。”
003.9月21日神州文化之旅第三天.txt	16	31-31	15	故事|最后|说：|死	自由主义的另外一个部分就是我们人民和政府的关系。第一个关系是政府这么坏，我不要活了，我“嗝儿”了。屈原就是，政府不好，我嗝了。（笑声）辛亥革命以前的杨笃生在英国跳海，就是我不要活了。最有名的一个英国的故事，一位英国的议员叫Aster，这个女的跟另外一个议员，有名的丘吉尔吵架。Aster说：“你太可恶了。如果我是你太太，我就弄杯毒药给你。”丘吉尔说：“如果我是你丈夫，这毒药我就喝。”（笑声）意思是：有你这种太太我不要活了。所以，政府跟人民的第一个关系，就是政府太坏了，我“嗝”了，我不要活了。伯夷、叔齐最后饿死在首阳之山，就是“嗝”了。
003.9月21日神州文化之旅第三天.txt	83	165-165	15	有一个|说：|他说|打	子尤得的病是一种罕见的恶性肿瘤。可是，小小年纪，逢此劫难，竟能泰然处之。这种从容、勇敢和强悍，倒颇有李敖之风。不过，子尤评价李大师却是“李敖不是天才，是才子”，因为“天才是不关注外部事务，李敖太关注外部事务了，光打官司就打了好多次”。以爱不爱“打官司”评价“天才”与否，可谓耳目一新。子尤的狷狂也不落李敖之后，他说：“我只是欣赏李敖，不崇拜他。我不随便崇拜人”，“20世纪出生的天才作家里，女的只有一个，张爱玲；男的就是我，子尤。”
003.9月21日神州文化之旅第三天.txt	111	221-221	15	故事|死|写信|康有为	《北京法源寺》中的史事，都以历史考证做底子，它的精确度，远在历史教授们之上（例如张灏写《烈士精神与批判意识》，作者俨然谭嗣同专家，但书中一开头就说谭嗣同活了三十六年，事实上，谭嗣同生在一八六五，死在一八九八，何来三十六年）。在做好历史考证后，尽量删去历史中的伪作（例如根据王照《小航文存》和唐才质《戊戌闻见录》，谭嗣同在狱中，不可能再写信给康、梁），而存真实。不过，为了配合小说的必要，在刀口上，我也留下关键性的可疑文献（例如谭嗣同狱中诗，“去留肝胆两昆仑”的事，我在《历史与人像》中早有考证，但这是历史学的范围，不是小说的范围，在小说中，我另作处理），甚至还有将错就错之处（例如谭嗣同孙子谭训聪写《清谭复生先生嗣同年谱》中说“亲赴法源寺访袁”，但照袁世凯《戊戌日记》，他住的是法华寺。但我为了强调法源寺的故事性，特就年谱将错就错处理）。大体说来，书中史事都尽量与历史符合，历史以外，当然有大量本着历史背景而出来的小说情节，但小说情节也时时与史事挂钩，其精确度，别有奇趣（例如书中描写谭嗣同看到的日本公使馆“那一大排方形木窗”，事实上，是我根据一九〇〇年的一张日本公使馆的照片做蓝本写出来的。又如整个有关法源寺的现状，是许以祺亲在北京为我照相画图的；有关袁崇焕坟墓资料，是潘君密托北京作家出版社李荣胜代我找的；有关康有为、谭嗣同故居现状，是陈兆基亲自代我查访的……）。清朝史学家说“中有苦心而不能显”“中有调剂而人不知”，大率类此。
005.9月23日神州文化之旅第五天.txt	24	47-47	15	故事|有一个|过去|她说|抓|死	政治家的眼光和老百姓是不一致的。老百姓是不了解的，是抱怨的，是愤怒的。过去很穷困的时候，很多人从广州游泳到香港。有一个悲惨的故事：一对青年男女一起游泳，往香港游，游了一半，男朋友淹死了，这个女孩子抓住男朋友的尸体继续往前游，她说我们死也要死在自由的地方。这个故事被外面人大肆宣传，我们平心静气地想，一对穷乡僻壤的小夫妻，为了他们能够过好一点的生活，能够穿一双袜子，他们跑了，是可以原谅的，是人之常情，我们不能用“不爱国”三个字抹煞一切。可是我们现在知道，自由不在外面，自由在我们眼前，经过我们的努力自由会实现，为什么我们要跑？
005.9月23日神州文化之旅第五天.txt	40	79-79	15	故事|有一次|当年|问|死	李敖：你把我谈的太小了。我觉得政治问题太小了，政治真的是一时的，可是文化是永久的。我在台湾做大学生的时候，有一次碰到当年南开大学的教授，也是近代史的一个著名的学者叫蒋廷黻，他提到一个问题，汉武帝伟大还是司马迁伟大？结论是司马迁伟大。汉武虽然折腾了一辈子，不可一世，可是死了以后什么都没有，司马迁和他的《史记》和他悲惨人生故事一直流传到今天。
006.9月24日李敖做客凤凰网（聊天节选）.txt	117	233-233	15	故事|有一个|当年|说：|他说	李敖：很难说。当年陈寅恪给他的表兄讲了一个故事，他幼年时去见历史学家夏曾佑，那位老人对他说：“你能读外国书，很好；我只能读中国书，都读完了，没得读了。”他当时很惊讶，以为那位学者老糊涂了。等到自己也老了时，他才觉得那话有点道理。中国书有十万种怎么看完呢？中国书有一个主轴，中国文化有一个主轴，就是孔孟文化。除了主轴以外，还有儒家的、道家的，其余的许多都是千篇一律。所以看一本就等于看了很多本。
010.9月28日李敖登陆香港.txt	27	53-53	15	有一个|过去|问|答|胡适	李敖：我大概从13-14岁开始，我的人生观就不是独善其身，一直闹到今天，我先向你报告这一点。所以我认为不独善其身是中国知识分子的了不起的精神，就是我们所谓的“先天下之忧而忧，后天下之乐而乐”。现在我告诉大家，世界改变了，我们不但先天下之忧而忧，甚至不可能后天下之乐而乐，因为我们还充满了忧郁。我给大家一个样板是说我们不必忧郁，告诉大家，知识分子不是弱者。我记得过去胡适先生在台湾的时候，当时有一个杂志叫作《自由中国》，是雷震先生办的，当时发生一个冲突，就是《自由中国》的大将殷海光先生质问了胡先生，说你劝我们知识分子容忍，为什么你不去劝那些有刀有枪的，那些有财有势的？为什么不劝这些有权有势的人，来劝我们？胡先生回答的是说，别忘了，我们也是有权有势的人。只是我们有知识能力，我们的本领不建筑在刀光剑影上面，也不建筑在金光闪闪上面，我们是建筑在人类的良知上面，不要忽略了我们也是有权有势的人，中国的知识分子是有权有势的人，大家不要妄自菲薄。
010.9月28日李敖登陆香港.txt	56	111-111	15	笑话|我讲|讲一个|过去|答|骂	容我讲一个笑话，过去中国大陆都恨上海人，包括我，我也不喜欢上海人，因为上海人势利，有钱不给别人。可是当台湾人到了上海去以后，大陆同胞就发现台湾人比上海人还坏。台湾人听了以后就很不服气，说为什么你们不骂香港人？中国大陆人的答复是，香港人还是人吗？我今天讲这个笑话，丝毫没有冒犯你们的意思，告诉你们，香港人不是人，香港人是——神。
011.9月29日李敖神州文化之旅第十一天.txt	10	19-19	15	故事|后来|问|他说|杀|蒋介石	对于有人提议把蔡元培墓迁到北京大学的问题，李敖认为“不必了”。他说，蔡先生埋在香港，也代表一个故事：当时蒋介石除请他担任中央研究院院长外，还请他当监察院院长，他不肯干，但也不说破，而是以留在香港的行动表示了他对蒋的不合作。李敖说，蒋介石暗杀了中研院的首任总干事杨杏佛，蔡元培很难过。革命革到后来，成果被同是浙江人的蒋介石偷走了。
011.9月29日李敖神州文化之旅第十一天.txt	23	45-45	15	故事|有一个|问|他说|打	李敖：他讲过他的一个故事。我父亲有一天在北大图书馆里面见到有一个湖北的学生在看报纸，在他背后，一个湖南的学生也跟着看报纸。这个湖北的学生不愿意背后的学生看到报纸，结果湖南的学生头到右边，湖北的学生也头到右边，湖南的学生头到左边，湖北的学生也头朝左边。结果湖南的学生打湖北的学生一耳光，湖北的学生就跑去旁边就校长室就找校长评理。校长听了半天以后，就讲了一句话，他说如果你不该打他，他打你，他是妄人，就是狂妄的，就是他是足到的人，如果你不该打他他打你，他是妄人，是无知妄为的人。如果你该打，他打你，你自己来评判。我父亲亲眼看到蔡元培怎么样解决这么一个问题的。蔡元培非常的聪明。
002.9月20日神州文化之旅第二天.txt	142	283-283	14	有一个|有一次|打	其实，李敖心中还有一个秘密，就是想见另一位老师王恒庆。他回忆说，王恒庆老师跟我们同学感情极好，但有一次被我们气得赌气不教了，走出教室，我跑出去，把她迎面推了回来。王恒庆老师是我小学时代最怀念的老师。我小时候，长得“真人不露相”，面目慈祥，同学们给我起外号，叫“老太太”，王恒庆老师也这样跟着叫，她能和学生打成一片，由此可见。王恒庆老师生小孩时候，她的哥哥来代课，此公身材很高，写了一手整整齐齐的黑板字，为我生平仅见。他在我作文上批“意短情长，允称佳作”，给我最大的鼓励。
003.9月21日神州文化之旅第三天.txt	7	13-13	14	故事|问|他说|她说|打	各位终于看到我了！（笑声）主任，校长，总裁，各位贵宾，各位老师，各位小朋友！来演讲紧张不紧张？紧张！站在大庭广众面前，很多人可以指挥千军万马的军队，可是你让他讲几句话，他就缩了不敢讲话，什么原因？胆小！美国人打赢南北战争的将军葛兰特，指挥千军万马打赢仗，林肯总统请他上台给他勋章，让他几句话，他讲不出口，为什么？怕这玩意，一讲演就紧张。前天晚上我编了一个故事：北京大学的一个女孩子进了一个小房间，突然看到一个男的在里面走来走去，嘴巴里面念念有词。这个女孩子就问他，你在干吗？他说我在背讲演稿。她说你在哪儿演讲，他说我要在北京大学演讲。女孩子说，你紧张吗？他说我不紧张。女孩子说，你不紧张你到女厕所来干什么？
003.9月21日神州文化之旅第三天.txt	13	25-25	14	有一个|问|说：|他说|胡适	在五四时代，在新文化运动时代，有一个问题只有胡适先生解决了，别人解决不了。有一个北大学生提出来，说他的一个朋友的姐姐被土匪抢走了，绑票了，当然，也发生了刚才我所说的那种不幸的结果。问北大的这些思想家们：你们怎么样解释这个现象？大家解释不出来，胡适先生做出解释。他说，如果有男人要讨这个被害的女孩子做太太，我们要尊敬这个男的。胡先生意思是说：一个女人被强暴了，在生理上其实变化很小，手被撞了一下，被割了一下；心理上难过，所以如果有这个男的能够破除这种情节，这个男的了不起，我们应该尊敬他。
003.9月21日神州文化之旅第三天.txt	72	143-143	14	故事|最后|死	考试作文培训出来的，都是冷冰冰的字句与冷冰冰的人，没有感表，没有感情！这是多么可怕的呀！生病后，我偶然参加了一次题名为“爱的教育”的作文比赛，那时我身体极差，心想自己写作这么好，没参加过比赛怪可惜，也不知道别人的写作程度怎样，抱着这种态度，我往他们的邮箱里石沉大海地发了两篇，有一篇得了个三等奖，奖品是获奖作文集成的一本书。遍视全书，那些作文是怎样表现“爱的教育”的呢？多数都是发现一只病猫，带回家养，最后猫死了的故事。这就是我们的爱！没得奖的那篇与我的得病经历有关，我猜想它没被选上的原因是，考官们看了太多虚假编造的作文（据说高考作文会出许多死了爹妈，自己有病的内容），这回看见我一个真的，还不太相信。
003.9月21日神州文化之旅第三天.txt	110	219-219	14	故事|有一个|死	为什么罕见？因为《北京法源寺》是历史小说。一般历史小说只是“替杨贵妃洗澡”“替西太后洗脚”等无聊故事，《北京法源寺》却全不如此。它写的重点是大丈夫型的人物。这是一部阳刚的作品，严格说来，书中只有一个女人，并且还是个坏女人，其他全是男性的思想与活动。它写男性的豪侠、男性的忠义、男性的决绝、男性的悲壮。但它并不歧视女人，从光绪的珍妃的哀怨、到谭嗣同的闰妻的死别，都可反映出这些，只是它的主题不止于男女之情而已。
004.9月22日神州文化之旅第四天.txt	245	489-489	14	有一次|当年|他说	“潘金莲！”李敖见到老同学潘燕生，“外号”脱口而出。这个当年被李敖起外号的“潘金莲”如今已经是七旬老人。他说，李敖小时候就喜欢领导别人，是个“孩子王”。当年詹永杰是班长，是“官方的领导”，而李敖爱给别人起外号，是班里的“民间领导”。而《李敖回忆录》里有关记载是：“有一次，我在班上恶作剧，搂住一位两眼含情脸蛋泛红的潘姓漂亮小男生大叫：‘我爱潘金莲！’”
004.9月22日神州文化之旅第四天.txt	254	507-507	14	有一个|后来|抓	李敖曾在书中写道：詹永杰长得极好，圆圆的脸、红红的脸蛋、一对又大又亮的眼睛、一张能言善道的嘴巴，突然脱颖而出，在四年级的班上，风靡了我们。原来詹永杰知道最多的八年来被封锁的一切，他会背《国父遗嘱》、他会读《三民主义》、他会唱《中华民国国歌》，他也会唱《义勇军进行曲》……后来詹永杰和我，还有一个脑后留“坠根”（“坠根”是脑后留眼镜片大小的头发，这种从胎毛就留起的头发又叫“孝顺毛”，留长后可编小辫，因为很短，据说鬼都抓不住，可以长命百岁，所以也叫“鬼见愁”）、左耳戴“金圈耳环”（满月这天扎左耳洞戴“金圈耳环”，意谓套住了、安全了，结婚之夜才由新娘拿下）的小朋友，三人在我家，焚香膜拜，拜起把子来，这当然是受了刘关张桃园结义的影响。爸爸很喜欢詹永杰，说他长得真好，他看见我们拜起把兄弟来，还叮嘱我们不要“拔香头子”（把兄弟决裂之意）。
005.9月23日神州文化之旅第五天.txt	15	29-29	14	有一个|过去|问|打|哭	我们中国过去盖长城就是挡外国人，挡胡人，各代都挡。现在的长城不是秦始皇的长城，不是孟姜女哭倒的长城，是以一个旧的为根据盖出来的一个新城。到了1840年、1842年和英国人打仗的时候，才发现过去长城挡的或者东征西讨打的都是自己人，英国人出来以后，我们才知道什么是真的外国人。那时候出现了一个民族英雄林则徐，鸦片战争以后他被定罪，发配到新疆。在路上，林则徐写了一封秘密的信给他的好朋友，说和英国人打仗，关公岳飞出来都束手无策，我们看不见敌人，敌人就打到了我们，他们有大炮，我们绝对打不过他们。为什么发生这个现象？因为真的洋人来了，我们真打不过他们。这时候中国就一路挨打，中国面临的两个问题就是如何避免挨打和挨饿。这么多年下来，香港也收回了，现在没有人敢打我们中国了。我在这里公开和大家说，只有一个党能够做到这个现象，就是中国共产党。
008.9月26日神州文化之旅第八天.txt	4	7-7	14	有一个|问|骂|打|蒋介石	众人细问原委，才知道，大师原来并不会用这些洗浴的工具。贵宾楼的淋浴头只有一个开关，且只能向右拧，越向上拧水越热，如果只是打开，流出的水全是凉的。而浴池的下水口也是有一个“暗道机关”，需要向上拉一下，才能堵上蓄水。李敖虽然研究国民党、蒋介石头头是道，可是怎么也研究不懂这些洗澡的洋玩意，只好把无辜的老里根骂几句了事。
008.9月26日神州文化之旅第八天.txt	22	43-43	14	我讲|逃|打	英文在14世纪时只是一个地方语言。英国国会开会讲法文，大学讲课讲法文，吵架讲法文。可是当英国人出了莎士比亚，出了约翰生，出了这些人以后，英文变得越来越强势。到今天，英文直接威胁到全世界各国语言，包括法文和中文。可是当电脑科技出现的时候，英文威胁不到我们。我们有这么好的基础来发展中文，并且发展我们中文的思路。所谓“中文的思路”就是中文常常用四字成语来表达思想，这个里面有很多很好的文字。比如房子着火了，大家“夺门而出”，请注意这个“夺”字；眼泪“夺眶而出”，我讲得太好了，眼泪都快出来了；打败国民党，国民党“望风而逃”，大家注意这个“望”字；现在我“倚老卖老”，这四个字多么有趣，“倚”是靠着，大模大样的，好像坐在椅子上。
008.9月26日神州文化之旅第八天.txt	24	47-47	14	有一个|过去|后来|最后|问	美国有个文学家马克·吐温，一辈子赚了很多钱都糟蹋掉了，因为他喜欢投资，可是每次投资都失败。最后来了一个人说，我有一个玩意，你和它讲话，隔壁就听到了，就是电话。马克·吐温说这是什么玩意，我不要投资，他失去了这个机会。一辈子要投资，最后碰到一个最好的投资，他漏掉了，这就是机会问题。我认为今天我们遭遇到一个好的机会，过去从来没有碰到这么好的机会，今天我们碰到了，要珍惜这一次机会。
008.9月26日神州文化之旅第八天.txt	45	89-89	14	有一个|哭	李敖：我必须告诉你，我觉得人生有一个“有为主义”，什么是“有为主义”？就是这件事情当你做它和不做它是不一样的。我本人是有为主义，我相信很多事情我们努力去做，会有不同的结果，那种抱怨、说风凉话、那种关着门诅咒、拍桌子、砸板凳都不是健康的。同样的，我觉得用一种悲愤的情绪去表达一切也是不好的。为什么我不喜欢鲁迅？老是横眉冷对，不好。我也不喜欢“文革”后的伤痕文学。眼泪太多了，就是邓小平所挖苦的，哭哭啼啼，没有出息。我们是男人，我们不要没有出息。
009.9月27日神州文化之旅第九天.txt	108	215-215	14	举一个|例子|有一个|问|骂	楚天都市报：您曾经在《鲁豫有约》里面举一个例子，说狮子的哲学。显然你有一个失误，因为狮子是群居动物，您一定是把狮子当成了豹子或者是老虎，这说明您也会出现口误和失误。您骂人无数，您在批评别人的时候，也会拿出其中的一点来批评，您觉得这样很公平吗？您今后还会不会这样？第二个问题，您一直戴着您的墨镜，胡一虎在全球连线中也希望您把眼镜拿掉，您56年没有回来，您现在回来，您不想摘下您的眼镜看看大陆吗？您明天就要离开了，想不想摘下您的眼镜让我们看到真实的你呢？
009.9月27日神州文化之旅第九天.txt	111	221-221	14	故事|最后|他说|抓|哭	至于你刚刚说到什么母老虎的事情，我告诉你，像钢琴家鲁宾斯坦一样，钢琴家鲁宾斯坦有两个，一个是19世纪一个是20世纪，都来自俄国，都会弹钢琴。20世纪的鲁宾斯坦讲了一句话，他说他演奏的时候，演奏错误的部分可以编成一本书。当我大量的宣布我的思想的时候，我有没有错，我会有错。可是，你所指责的部分很抱歉，我没有错，为什么没有错？请你看看动物学，为什么呢？因为我指的母狮子它是一个多情的母狮子。你看那种DISCOVERTY里面的节目，我是看这个节目才知道这个故事的。我再和大家再讲一遍这个故事，就是母狮子最后要断奶，让它们自谋生路，可是它怎么做呢？最后它抓到一只羊放在地下，两个小狮子在吃的时候，妈妈离开了，永远地离开了，等于给它的小宝宝做了最后的一顿午餐，然后离开了。我赞美这个母狮子，因为它有那么洒脱的哲学情怀，而人类反倒哭来哭去，纠缠不清，所以我说这是一个好的教训。我的思想的来源，故事来源是DISCOVERTY的动物频道，如果你否认了这个事实，我认为你误解了母狮子，好的修改你的胡子，因为被我刮了，开玩笑。欢迎你坐同样的飞机和我一起回去。他很了不起，他买了头等舱的飞机票坐在我后面，他是和我这样来的，我觉得他们的新闻精神，采访精神非常的优秀，我特别赞美你和你的报纸。（wjm_tcy注：狮子虽是群居动物，但雄狮会在2岁左右就会离开母亲，或被赶走。）
010.9月28日李敖登陆香港.txt	53	105-105	14	例子|有一个|打|孔子	李敖：当然儒家文化是我们的主流，可是我们也不要忘记诸子百家的文化，事实上也是我们的主流。甚至除了这些正统的，高高在上的文化以外，我们民间的文化还是一个强大的力量，我们常常忽略。好比说香港有一个文化叫“打小人”，这个文化在香港民间是很强烈的。可是我们不要忘记，这和儒家文化不合。孔子只是说女子小人难养而已，没有要打她，可是香港人比较凶悍，就要打她。我举这个例子告诉大家，没有什么儒家文化或者是其他的文化不是中国文化，中国文化是非常高明的。
011.9月29日李敖神州文化之旅第十一天.txt	125	249-249	14	有一个|问|哭|死	李敖：是先看选美，再迎接死亡，海南岛选美比较多。我的意思是感情的处理是有一个方法的。犹太人被德国人迫害，把头发剪断，假牙拔下来，男的女的老的少的全部脱光，推进毒气室。有一位老祖母把小孙子抱在怀里，胳肢他的胳肢窝，小孙子在笑，老祖母也在笑。独裁者可以置我于死，可是我会笑着死，这是人生一个很高的境界。如果用哭哭啼啼那种方法处理感情问题，处理生死，是正确的吗？
002.9月20日神州文化之旅第二天.txt	122	243-243	13	有一次|过去|问|死	在走到学校后院，李敖做一个痛苦的表情：指着一个角落说，这里过去是厕所，臭得要死。小时李敖有一次在此小便，一个顽皮的小男生在他背后一推，他站立不稳，两手陷到尿池里。那时李敖已经学会了“我告老师去”，马上去告状。老师问是谁推的，李敖不知道那小男生名字，就走到他身边，把他揪出来。
003.9月21日神州文化之旅第三天.txt	18	35-35	13	有一个|答	第三个是“嘚儿”了。有一个台湾人，他住在北京很久，住在雍和宫附近，讲了一口京片子。他到北京大学来作客，副校长他们也照应过他，叫作林云。你给他通电话，他的答录机说“我是林云，我不在家”，等会儿这个答录机“嘚”一响，就开始录音，你要告诉我的话，你就把它录进去。什么叫“嘚”了，就是你找不到我了，我猫起来了。中国的标准里面，是做隐士，藏起来了。（笑声）诸葛亮不就是“嘚儿”了吗？可刘备找着他了，所以就不嘚儿了。（笑声，掌声）
003.9月21日神州文化之旅第三天.txt	90	179-179	13	有一个|问|答|死	李敖知道在化疗病人的房中不能久留，待了不到十分钟就要走。子尤的妈妈说，子尤还有一个重要的问题要问你。但是，老先生却脚不停步地出去了。而子尤则坐在轮椅上去送别。在电梯里，子尤“重要”的问题终于有时间问了出来，“你惧怕死亡吗？”李敖答：“我以前已经恐惧过了，现在不会了。”
006.9月24日李敖做客凤凰网（聊天节选）.txt	56	111-111	13	我讲|有一次|他说	李敖：在家里窝囊受气。因为我比我太太大30岁，比我儿子大58岁，比我女儿大60岁。我和他们的落差过大，所以小孩子对我不像是父母和子女的关系，而像祖父和孙子孙女的关系，我只有“惯”他们，而他们对我也是非常的骄纵。有一次在街上，我儿子和我发脾气，我小声和他说，你别这样和我讲话，你和我这样发脾气被人家看到，别人就不怕我了。
008.9月26日神州文化之旅第八天.txt	18	35-35	13	故事|有一个|抓|老子	邓小平说，其中有20年时间浪费了。为什么？大跃进、文革都浪费了时间。什么原因？我想到汉朝一个故事，汉高帝刘邦痛恨知识分子，知识分子戴着帽子，他一把把帽子抓下来放在下面撒尿，看不起这些人。陆贾和汉高帝讲怎么样治国。刘邦说，老子是骑着马得到天下的，谁要听知识分子讲课啊？陆贾讲了一句话：马上得天下，不能马上治天下，治天下需要专业人才。因为没有专业人才，用爱国的热心拼命想把天堂造出来，所以我们付了代价。可是回头想，我们有没有机会建造一个天堂？当方法对的时候，当时来运转的时候，我们觉得有一个机会可以造出天堂。
008.9月26日神州文化之旅第八天.txt	23	45-45	13	有一个|有一次|说：|他说	中文有它好的语言，好的表现法，好的意境。当中文电脑化以后，我们发现简体字不好认，繁体字好认，根据原结构出来，它好认，当我们不写它的时候，它就好认。所以我们想想看，要不要把中文的优点用现代科技把它开发下去？我们有很多意境是洋人所没有的。好比英文有一个AJAR，就是“门半开的”。《西厢记》说：待月西厢下，迎风户半开，隔墙花影动，疑是玉人来。这就是中文的意境。好比宋朝的黄山谷，他说香气这样闻，就不是香气，香气是你坐在这儿，忽然一股香气到你鼻子里，香气是主动你是被动，这样感觉出来的香气才是香气。这么细腻的感觉在我们中国文学里面才可以看到。黄山谷也说，他做官被贬，有一次被关在城门楼里不让他动，外面下雨，他把脚从窗户伸出去，雨水淋到他的脚。他说我生平没有感觉这么快乐。大家想到这个意境吗？这是了不起的意境。我们中国的语言文字、中国的思想里面可以保留这么多的意境，要用现代的科技把它发扬光大。
008.9月26日神州文化之旅第八天.txt	26	51-51	13	有一个|最后|问|死	我给大家演讲，第一次是金刚怒目，第二次是菩萨低眉，第三次是尼姑思凡。为什么叫作“思凡”？就是女的下辈子要变男的，男的下辈子要变成佛。这是佛教的精神。女的下辈子变成男的，这是尼姑的理想，可是现实是花花世界，灯红酒绿，她觉得很遗憾，这是现实问题。我的意思是说，现在不要再谈理想问题，可以谈一点现实问题。美国有一个办报的人叫ABBOTT。他晚年写回忆录，说他爸爸临死前告诉他，所有人间宗教的争执，90%都是名词之争。小ABBOTT老了以后，回忆这段话时说，我发现我爸爸数学不好，原来最后那10%也是名词之争。
011.9月29日李敖神州文化之旅第十一天.txt	73	145-145	13	有一个|打|死	李敖：从日看到夜，看得我头都炸掉了。我有一个噩梦排除不掉，1949年我在黄浦江在银行门口看到挤兑黄金，警察骑着高头大马拿着鞭子在打群众，一天挤死好几十个人。我今天看黄浦江，每次看了，噩梦就出来了。
001.9月19日神州文化之旅第一天.txt	28	55-55	12	有一个|他说	李敖：表达就是说，我回来了，大家看，英国的有一个叫牛津运动，牛津运动有一个牧师，叫纽曼，他讲了一句话，他说如今我回来了，你们看便不一样了。
002.9月20日神州文化之旅第二天.txt	120	239-239	12	有一次|打|哭	在新鲜胡同小学中，有我神秘的初恋。这女孩子叫张敏英，北京人，长得清秀脱俗，长形的脸，眼睛不大，但是晶莹而有灵气。她身材高瘦、性情温和，是最最可爱的小女生。功课也好，尤其写了一手好字。我最初感到她的存在，是在四年级的时候，她在我隔壁班上。五年级后，她和我同分到五丙，老师排座位，一度还并排在一起，令我感到一种莫可名状的快乐。六年级后，她和我较熟起来，下课回家，偶尔走在一起，童子军在校门口站岗时候，她也和我一组过，她穿着女童军的制服，姿态优美，令我心动。我只看她哭过一次，是一次考试没考好，我一路安慰她，看她泪眼。看她楚楚可怜，非常喜欢她。我做图书馆长的时候，她做我副手，有一次犯了小错，我开玩笑，拉住她的手，轻打她手心，她装得很疼的样子，给我的快感，令我毕生难忘。对张敏英，我从来没有表示出我对她的情爱，我把一切都遮盖住了，我不知道她是否知道她是我魂牵梦萦的心底的情人，我一直把她视同我的初恋情人，虽然这次初恋，实在没有什么实绩可寻，但它一直在我心底，充满了美丽的回忆。我一生忧患，所存美丽的回忆无多，但是对张敏英的每一件，都是令我最感温馨。最感神往的。
003.9月21日神州文化之旅第三天.txt	56	111-111	12	典故|问|胡适	参观结束，北大图书馆以馆赠和个人赠送的名义，赠给李敖三件礼物。北大图书馆戴馆长此前曾宣布会送一件珍贵礼物。昨天，这件神秘礼物揭开谜底，戴馆长代表图书馆赠给李敖一件用镜框封存的胡适手迹的复制品。此外，李敖还获赠一本《北京大学图书馆藏历代金石拓本菁华》。第三份礼物是图书馆的师女士个人制作的剪纸艺术《雄鸡图》。李敖则为北大图书馆题词：“人书俱老”。“人书俱老”出自古书里的典故，表示人的学问和书法技艺，已经达到炉火纯青的境界了。北大的副校长吴志攀当场就向记者解释，这是赞扬这里的人与书都很成熟、老道。李敖解释说，“书”的原意是书法，我是借指。因为我老了，所以我和北大的很多人都有渊源。比如胡适、钱穆。未名湖的名字就是钱穆起的，现在他们都走了。
004.9月22日神州文化之旅第四天.txt	58	115-115	12	有一个|打	李敖：我们小学一年级有一个大块头叫齐风林，打架我们打不过他。我的把兄弟詹永杰是最优秀的小男生，带领我们反抗齐风林，被鲁老师看到了，说了一句话，说李敖这么凶，我到现在还记得。
005.9月23日神州文化之旅第五天.txt	26	51-51	12	有一个|当年|问	当年，清华大学创办的时候和美国有一个半秘密协定，规定这个学校80%的学生学科学、学农、学工，另外20%学法政，不念中文，不搞这个，要培养中国富国强兵的人才。所以，清华大学本身是一个非常务实的学校。今天，你们进到清华大学，你们会长大，老问题出现了，你要不要做自了汉？别人都不管，只管我自己。有点钱读了博士，或者在外国住下去，管自己的生活，这叫自了汉。我告诉各位，这个观念是错的，对中国你可以抱怨，可以不满，可以诅咒，可是告诉你，你的根就在这里。
006.9月24日李敖做客凤凰网（聊天节选）.txt	71	141-141	12	有一个|抓	李敖：书不是这样看的，书是参考用的。所谓参考用就是当你需要那一本的时候，立刻可以找到。书对我而言，完全是在我掌握之中。很多不会看书的人，老是从头到尾看一遍，一本书不看完不看另一本，这是错误的，大家不要那么笨地去看书。我是学历史的人，二十四史是必读的书。北京大学有一个人叫他二十四史看过好几遍。我只看过一遍，看三遍表示你第一遍没有看好。就像狗熊进到玉米园子，抓到一颗玉米塞到腋下，随夹随丢。不会看书的人就是这样看一本忘一本。
007.9月25日神州文化之旅第七天.txt	41	81-81	12	有一个|问|说：	记者说：“你刚刚抵达北京那天在机场时有一个提问：你是否准备听到反对的声音。那个提问者就是我。28日的上海记者会，我将有更尖锐的问题向你提出。”李敖说：“再尖锐的问题我也不怕，到时我们就较个真吧。”
008.9月26日神州文化之旅第八天.txt	37	73-73	12	我讲|骗|打	容我讲一句话，祖国的朋友们在科学上、在技术上、在自然科学上都非常优秀，在人文科学上面，考古方面也很优秀，可是我必须说，涉及思想层面，尤其是社会科学层面的，我们祖国的朋友们这么多年来吃亏，原因不是别人，就是马克思。因为你一定要打着马克思的招牌才能发挥演绎，才能发学术论文。我认为这是一个错误，现在很好，现在已经想通了，知道马克思离我们远一点，我认为是好事情。真正的自由开放，就是我们真的不受人家来骗我们，我们自己有这个能力来辨别。
008.9月26日神州文化之旅第八天.txt	53	105-105	12	故事|打|毛泽东	我常常讲一段故事，1920年9月毛泽东在长沙给《大公报》写的一篇文章说，全中国各省都对不起我们湖南人，我们湖南要独立。请注意，10个月以后，毛泽东就组织了中国共产党。10个月他就想通了，不能搞地方独立，而要搞统一的国家。以毛主席那么英明都要想10个月才想得到，台湾离开祖国110年，要不要给台湾同胞一点时间，一点机会，让他想一想？不要动辄就讲，我要打他个稀巴烂。
009.9月27日神州文化之旅第九天.txt	103	205-205	12	故事|问	李敖：我最想讲的其实都讲过了，有的时候由于时间不够，我没有讲完。比如说，在讲演的时候，我最想讲的是一类小故事。比如说宗教是人们的鸦片，这是马克思的话？我告诉你，其实不是，他是德国诗人席勒的话，诸如此类。我和大家可以连续讲好几遍，因为我的学问太大了，很可惜，没办法讲那么多。我是朝这个方向努力的。
009.9月27日神州文化之旅第九天.txt	106	211-211	12	有一个|问|骂	浙江电视台：我想问的是浙江的发展，浙江人以及浙江地域文化有没有进入过您的研究视线？最近有一个浙江学者也向您开骂，指责您开始媚俗，您有什么反应？
009.9月27日神州文化之旅第九天.txt	109	217-217	12	有一次|问	李敖：上次我看到你的时候胡子没有刮，今天可能要被我刮胡子。我告诉你，你没有好好看《李敖有话说》的节目。在《李敖有话说》里面有一次我的眼镜拿下来了。那一次为什么拿下来？问在座的制作人游本嘉先生、王祥基先生。那一次拿下来的时候是我在介绍眼镜不是我们中国货，是明朝才到中国来的。所以我拿出一个明朝的一个玳瑁眼镜，我戴起来给大家看。我把我这个眼镜拿下来，在那一刹那之间你们看到了我的眼睛，换句话说，证明了你没有好好看我的节目，今天你要叫我拿下眼镜来，我可以拿下来，可是会使很多人失望的时候，我会做这种事情吗？
009.9月27日神州文化之旅第九天.txt	113	225-225	12	我讲|有一个|他说	这次我在北京，由于刘长乐先生的帮助，我算有一个小的特权向大家报告，有点惭愧，就是故宫博物院听我讲了话，说北京的故宫博物院是空壳子，台北的故宫博物院是有货，这个货是北京运出去的，所以北京的故宫博物院是有壳没瓤，而台北的故宫博物院正相反，北京故宫博物院不服气，要我去看看他们的宝贝，我就看了三希堂法帖里面王洵的波源帖，我很有眼福，他们让我看了，这是很难得的一件事情。王洵是王羲之之子，他生平有一个本领，历史上记载他说，说能令工怒能令工喜，是说他讲话让你生气你就生气，让你高兴就高兴，谢谢大家，今天看到现代的王洵。
010.9月28日李敖登陆香港.txt	33	65-65	12	有一个|过去|问	我们过去看到香港人和英国人之间的相处，英国人给香港人充分的自由，我们可以这样假设，可是不包含民主。如果说英国人要给香港人议会的话，为什么不早给？为什么在97大限以前忽然做了两件事情，一个是有香港民主的议会发生了民主的问题，第二是把英国在香港的国库花掉了，英国人什么意思？为什么要掏空这些，而增加了给北京的麻烦？所以我说香港人如果争民主，为什么不在英国人统治我们的时代开始真民主？所以我说香港人争民主是错误的，不是说民主对香港不好，而是对聪明的香港人而言，这个东西太抽象了，可以不要这个东西。当我们香港变得壮大，变得强大，在整个中国有一个指标性的地位，我们可以领导很多事情，民主自然就会来，不需要我们去争它。所以我认为香港人应该继续他的聪明，对政治应该淡漠一点，这才是聪明的香港人。
010.9月28日李敖登陆香港.txt	54	107-107	12	有一个|他说|打	（对四个城市）整个的感觉我告诉你，香港人常常想到，他在英国统治的150年来对中国的贡献，对世界的贡献。我记得新加坡的卓越的政治家李光耀先生和我有一个同样的“毛病”，就是喜欢打官司告人。李光耀先生他劝过香港的朋友，他说不要和北京作对，应该和北京和谐相处，因为北京太大了，香港的力量没有那么大。
011.9月29日李敖神州文化之旅第十一天.txt	96	191-191	12	我讲|后来|孔子|毛泽东|周恩来	李敖：明朝王阳明讲了一句话，圣人我做不到，可是圣人做我不过如此。我说，孔子我做不到，可是孔子做我也不过如此。我在台湾碰见一个曾办过党中央刊物《红旗》的老先生，他做过国民党的济南市长，本来是共产党，后来被国民党逮住了，要枪毙。正好他舅舅是国民党政治局常委，就跟别人讲了，算是双方和解，他跟国民党走了。他和我讲，毛泽东一个人在台湾，周恩来一个人在台湾，也不会比你李敖干得更多。如果一个人落单了能做出多少事情？我的本领就是落单了，干了这么多事情。
011.9月29日李敖神州文化之旅第十一天.txt	126	251-251	12	有一个|哭|死	还有一个老祖母在小孙女死了以后，没什么难过的表情。大家很奇怪说，小孙女死了，你老太太看起来很沉得住气啊。老祖母说，我这么老了，我的人生指日可待，可以数出能活多少天，我的每一小时对我都是珍贵的，我花一个小时去哭我的小孙女，不如花同样一个小时去回想我和她在一起的那段快乐时光，怎么样在大树底下捉迷藏，每人吃一个冰激凌。
012.9月30日李敖神州文化之旅第十二天.txt	23	45-45	12	有一个|最后|打	李敖在小时候呆过六年的北京新鲜胡同小学参观时，刘长乐一直在近距离观察李敖的表情，透过墨镜发现了李敖的秘密。刘长乐说，李敖的泪水其实已经在眼眶里打转儿了，他与小学生们挨个握手时，有一个扭头动作，半天没回头。他在干吗呢？他在控制自己，他要“男儿有泪不轻弹”，因为真的一弹，泪水可能会一发不可收拾。李敖最后还是用他刚烈的一面战胜他柔软的一面，这柔软在埋在心底，充满温情。
003.9月21日神州文化之旅第三天.txt	35	69-69	11	例子|过去|当年|问|说：|打|写信	李敖：我们必须承认，我们在全盘西化中最典型的例子，就是马克思。马克思就是全盘西化，因为他全是洋玩意儿。你去问国防部曹刚川部长，他现在不会搞什么刀枪剑戟，一定都是现代化的武器，这都是西方的玩意儿。当年林则徐在鸦片战争以后，被发配到新疆。他在路上写信给他的好朋友，信里说：关公跟岳飞来了，都打不过英国人。为什么呢？因为英国人打炮过来，我们被打到了；我们打他，打不着，甚至看不见人。这种武器的悬殊，关公、岳飞来了，都没办法。这就是为什么我们要全盘西化的原因。过去为了政治原因特别强调并且挖苦并且打击全盘西化，我必须说，现在可以缓和一点了。（掌声）
005.9月23日神州文化之旅第五天.txt	17	33-33	11	有一个|问	我看过30年前的一个报告，一群人到甘肃考察农业，大家口渴了，到农家要水喝，看到床上有一个棉被，棉被底下有人在动。他们很好奇，问农夫，有人在睡觉吗？农夫说，没有。没有睡觉蒙着棉被干什么？农夫说，不瞒你们说，她是我女儿，你们是客人，她不能出来，她没有裤子穿。台湾有我一个好朋友李庆华，他爸爸在国民党政府里做过“行政院长”。他亲口告诉我们，在西北行军时看到农民家里只有一条裤子，农夫出来，家里人都光着屁股，农夫的老婆出来，裤子给她穿，农夫在家里光着屁股。
006.9月24日李敖做客凤凰网（聊天节选）.txt	87	173-173	11	有一个|骂	谈到李文，她是一个被惯坏的美国人，对人情世故不太熟。她新搬家以后，自己有一个怪毛病，在外面贴了一个条子“门铃只准按一下”，不准按两下。有一天，一个送饭的小孩不小心按了两下，她就把人家骂了。我责备李文，人家是小孩子，帮你送东西，不小心多按一下，你这样骂人家，下一次送的菜里面就有口水了。我觉得人聪明是很重要的，谦虚一点也很重要，李文和陈文茜都是骄气凌人的聪明女人。
008.9月26日神州文化之旅第八天.txt	49	97-97	11	我讲|死	我讲的话很现实。我们中国知识分子看不起钱，看不起经济的力量，但钱是非常重要的一个力量，可以保护我们的自由。《中华人民共和国宪法》里面修改了一条，我们可以有私人财产，我们在改变，在进步。怎么有钱？第一先调查你爸妈的钱包，他们如果有钱，就不要死了再给你，先分给你。如果没有钱，建议你培养一套安贫乐道的人生观。否则的话，你没有这些能力而想做这些事情是很危险的。
010.9月28日李敖登陆香港.txt	48	95-95	11	例子|问|他说|救|骂|打	当排山倒海的攻势攻到香港来的时候，大家不要忘记，真正救了香港的是北京。北京掏出钱来才使香港当时没有毁灭，否则香港当时股市和汇市双双都要毁掉。我举这个例子告诉大家，就是说香港遭遇到这种压力的时候，有的时候挡不住。所以我们要看好的这一面。比如说我在台湾做了所谓的“立法委员”，我质问了“国安局”局长（就是安全局局长）薛石民将军，在北京通过“反分裂法”以后，我问他，骂了半天，你有没有想到这个“反分裂法”对我们的好处，你有没有这样子反面思考？或者全面思考？他说李委员，有什么好处呢？我说你不是看到吗，北京告诉我们，如果你不台独我就不打你，这句话不但约束了我们，也约束了他自己，给了我一个定心丸，只要我们不台独他就不打我们。
005.9月23日神州文化之旅第五天.txt	79	157-157	10	典故|老子	参观结束，李敖向工作人员致谢，合影留念并题词：“不做刀笔吏，愿做守藏吏。”写完这十个字，李敖先生又开始“显摆”：“刀笔吏出自《汉书》，是指那些靠笔去做官的人。守藏吏就更早了，从老子起就有了典故，能写出这十个字，显示出我胸中有无数丰富的知识！”然后哈哈大笑！
006.9月24日李敖做客凤凰网（聊天节选）.txt	73	145-145	10	例子|最后|打|抓|杀|死	李敖：我现在做《李敖有话说》的资料，有我8岁时候搜集的，从北京带去的资料还有。大量的资料都经过我的分类，发生了类似的题目，我随手拿来和我的旧资料合并。可是这个资料怎么样定题目，一般人不知道，需要在50年前甚至60年前就知道这是一个什么样的题目。比如报纸上常常看到，有的人抓到警察局畏罪自杀。凡是碰到有人死在警察局的资料我就搜集起来，然后排出来，几十条都是死在警察局的例子。这人好端端的，早不死晚不死，在警察局死了，最后才知道真的原因是在警察局被打死了，刑囚而死。这就是我搜集资料的一个例子，对我而言这是一个题目，可是搜集它需要30年。
008.9月26日神州文化之旅第八天.txt	17	33-33	10	有一个|当年|后来|说：	有一个匈牙利作家卡斯利，当年是共产党，后来脱党了。他写了一本书《下午的黑暗》，书里讲到老共产党被整肃，被枪毙的时候，和他年轻的共产党儿子说：你们休想硬把天堂造出来。大家想想看，我们真的努力去“硬造天堂”。我们必须承认，中国共产党很努力地去造出一个天堂。
010.9月28日李敖登陆香港.txt	45	89-89	10	过去|问|他说|骗	李敖：我在台湾连续住了56年，并且我和民进党政府的这些朋友们都熟的不得了。大家也知道，在我过去对抗国民党时代办的杂志，我的社长不是别人，就是陈水扁，所以他们对我说起来是我的徒弟。今天我告诉大家我们被骗了，台湾反对“一国两制”，因为现在就是“一国两制”，有什么好反对的？他们反对的是“一国”，可是这个“一国”台湾说不出口，什么原因呢？当我做了所谓的台湾“国会议员”，我第一次质问台湾所谓的“行政院长”谢长廷，也是我的老朋友，我们拉着手一起去过阳明山去玩。我问他，长廷，我们是不是中华民国？他说是，我说我们是不是中国？他愣住了，他说你给我一分钟让我解释，我说不给你一分钟，YES or NO？他不敢讲。我告诉他，如果我们不是中国，我们也不是台湾，什么原因？
011.9月29日李敖神州文化之旅第十一天.txt	18	35-35	10	有一个|问|死	记者：在北京的时候，患绝症的子尤有一个问题想问你，你惧怕死亡嘛？
012.9月30日李敖神州文化之旅第十二天.txt	17	33-33	10	有一个|最后	第二，李敖很怕坐飞机。他小时候曾经坐过一次飞机，他并没有描述自己有多么恐惧，但确实从那以后，他再也没有坐过飞机。所以，坐飞机对李敖而言是一个艰难的心理挑战；第三个原因，跟李敖的坐牢经历有很大关系。李敖坐了五年多的牢，多数时间是被关在单人牢房里。出狱以后，又过了两年多时间的隐居生活。至今，李敖还是经常一个人在阳明山上写作，一呆个把月，可以不跟任何人见面。这种孤僻的性格或者惰性很大的生活方式使他不愿意“动”。最近这几年，别说去大陆，台北他都没有离开过；最后还有一个“寻梦说”。李敖很怕回乡后会破坏脑海中存留下来的那种旧梦，很怕梦会破碎。
012.9月30日李敖神州文化之旅第十二天.txt	20	39-39	10	我讲|后来|最后|胡适	开始劝李敖的时候，他还比较固执，说要不然我80岁再回去吧。后来我讲了一个观点，引起他很大震动。我说，你今年已经70岁了，人生易老天亦老，你到80岁的时候身体可能就不好了，你的表达和行动都可能会有些不方便；另外，很多从大陆出去的知识分子，像张大千、钱穆、胡适、林语堂等，他们在中国思想史、文化史上都留下了重重的一笔，但最后都没能再回到自己的故乡，回到大陆；这些人没能回来，你能回来，你回来了能了却自己的心愿，也能帮他们寻梦、圆梦。李敖陷入了沉思。
001.9月19日神州文化之旅第一天.txt	32	63-63	9	我讲|过去	李敖：有这种感觉，可是我觉得我的乡音没有改，可是北京的乡音会改，因为北京变大了，过去那些，北京附近的那些县，他们的语言影响着现在北京的语言，就他们的语言改了，我讲的还是很纯的北京话。
002.9月20日神州文化之旅第二天.txt	82	163-163	9	有一个|后来	李敖：这东西您知道原来在三希堂，那是应该是谁也不敢动的，三件大宝贝。后来清末就乱了，有一个老太太叫静仪太妃，有心眼，她是谁呢，同治的妃，不知什么时候她把这个两个捣鼓到她宫里去了，完了出宫的时候就夹在铺盖里卷走了。
003.9月21日神州文化之旅第三天.txt	69	137-137	9	有一个	我觉得咱俩有一个非常像的地方，您也是做过手术的人，但永远显露在众人面前的是谈笑风生的样子，我也如此。您总在电视上时不时炫耀自己的字，说它“一极棒”，但我妈妈觉得她的字比您好，而我姥姥的字比我妈妈还好，所以我们家人的字已不是“一级棒”能形容的了，而是一家子“超级棒”！
005.9月23日神州文化之旅第五天.txt	22	43-43	9	最后|说：|他说|骗	美国的富兰克林一生分成两段，前半生做生意、办报纸、放风筝；后半生革命，越老越激进，最后变成美国的革命党。富兰克林讲了一句话，非常动人，他说：“哪里有自由，哪里就是我的祖国。”告诉大家，富兰克林是错误的，这句话被我李敖改写成“这里是我的国家，我要使它自由”。别以为都是假的，当我们努力就是真的；别以为他们在骗我们，当我们认真，他们就不是骗子。
005.9月23日神州文化之旅第五天.txt	60	119-119	9	有一个|后来|最后	詹福瑞：反正台湾也是国有。第二大专藏，《赵城金藏》，就是《大藏经》。这个很有意思，有一个民间的崔进女儿叫崔法珍衲把自己胳膊砍断了，然后化缘，在陕西、山西这一带化缘，最后修成了一个大僧，这都是民间的捐的钱，整个修成以后是7000多件，也是一个很大的费用，基本是在《开宝藏》和《其南藏》的基础上修成的。1932年发现时引起很大震动。那时候是抗日战争，它藏赵城，就是现在的洪洞县广胜寺的一个地方。日本鬼子知道这个书，就往广胜寺去，薄一波知道后，赶紧让游击队员通知当时广胜寺的住持是力空法师，让他们一块儿给保护起来。后来转移到北京。我们任继愈老馆长说，这个《大藏经》基本是底本了。
005.9月23日神州文化之旅第五天.txt	74	147-147	9	问|他说|梁启超	李敖：这个在赵明诚《金石录》里有记录。是上下两册，这个拓本按年代来算，有人怀疑是唐末期，有人怀疑是北宋。这个比较珍贵。接下来看的有司马光的《资治通鉴》手稿，有有梦溪笔谈的原刻本，有王国维的遗书真迹，有鲁迅《阿Q正传》的手稿和朱自清的手稿。李敖对名人的字非常在意。看梁启超的手稿时说，你看看，这字写得多漂亮。对鲁迅的手稿，他说，字写得不错。但在看章太炎的“轴”时说，“学问挺好，字不是太好。”在看王国维的遗墨绝笔时，李敖除了想不通王国维这样聪明的大学者为什么字写得不好外，发大了一通感慨：
006.9月24日李敖做客凤凰网（聊天节选）.txt	60	119-119	9	有一个|毛泽东	李敖：我不是合格的学者。合格的学者需要和学术界混在一起，我们这种人是排挤在圈外面的，不太可能作一个学者。我是闲云野鹤式的，我有点儿酸葡萄地告诉你们，我不是学者。我说过有两个人和北京大学有特殊关系，但都不是北大的学生，一个是毛泽东，一个是我。这两人有一个特色，基本上是反知识的。因为太了解知识分子了，看不起知识分子。我基本上是反知识的人，不太适合做学者。
006.9月24日李敖做客凤凰网（聊天节选）.txt	62	123-123	9	故事|讲一个|最后	何琳：您在北大演讲那天想让大家看一个凄凉的画面，让王菲的姑姑上台，说您要讲个故事，但最后没讲成，我们都想知道您想讲一个什么故事？
006.9月24日李敖做客凤凰网（聊天节选）.txt	70	139-139	9	有一个|问	吴小莉：这里有一个手机短信问题，是福州的一位网友，他的问题是，您书房里的书真的全部都看过吗？
006.9月24日李敖做客凤凰网（聊天节选）.txt	145	289-289	9	典故|当年|皇帝	游览结束后，李敖一行到颐和园听鹂馆的寿膳厅用餐。李敖走到哪儿都不忘“显摆”，大讲听鹂馆的典故：当年慈禧太后在这儿听戏，戏文里一假皇上说，我虽是假的，但我还有椅子坐。慈禧听到这儿，回头对手下说，去给皇上搬把椅子。原来，光绪皇帝还是站着的。
008.9月26日神州文化之旅第八天.txt	21	41-41	9	例子|过去|问|打	我举个例子给大家看，过去我们的刻板印象里，中文是很难学，中文是很难认的。共产党这么多年来努力造成了简体字，可是简体字面对现代技术的时候，它有问题了。问题在哪里？中文不去写的时候，很容易学。中文是全世界最简单的文字，从文法而言，是非常简单的文法，“春风又绿江南岸”，这个“绿”是形容词当动词。中文有这么优秀的转变能力，大家过去说中文不利于发展，要消灭它，可是今天忽然发现中文咸鱼翻身，因为有了现代科技，打字的时候一个字一个音是最好的输入方法。有的是有音没有字，怎么解决这个问题？有待于复旦大学来面对。中文要把它发扬光大，为什么消灭不了？它有那么厚的文化基础，有十万字的古书在我们背后，它不是埃及文字，也不是巴比伦文字，中文是一个活的语言。
008.9月26日神州文化之旅第八天.txt	39	77-77	9	有一个|康有为|梁启超	梁启超和康有为见面的时候，康有为对他讲了一番话，两个人影响了一个时代。台湾有一个人叫雷震，办了一个杂志叫作《自由中国》，办了10年，提倡自由民主，他的影响力只在一个人身上生根发芽，开花结果，就是我，只影响了我一个人。我希望能影响你们一个人也很好，如果将来你们变成了国家领导人，由于你们的开明，思想的奔放，知道什么是真的改革开放，推动它，我觉得也是一件非常好的事情。
008.9月26日神州文化之旅第八天.txt	52	103-103	9	过去|问|打|蒋介石	因为有这种经验，有人在台湾打天下，在台湾变天，在台湾天要下雨娘要嫁人，你们紧张了。我告诉你们，这些人我都认识，陈水扁和我一起办杂志，他们我是太清楚了，是玩假的，是嚷嚷的，觉得台独有市场。可我告诉大家，没有台独问题，只有中美问题，美国在撑腰，美国也是历史反革命，不是现行反革命，为什么？美国过去和蒋介石挂钩，有军事合作关系。我们和美国人建交以后，那些老关系一时掐不断，所以形成今天这样。可是美国人也知道，不能够真的支持他们搞台独。所以，台独分子嚷嚷半天，你是“总统”，为什么不独？你是“执政党”，为什么不独？你有“国会”的半数，为什么不独？因为你是孬种，你是玩假的，是一个假货。
009.9月27日神州文化之旅第九天.txt	112	223-223	9	故事|典故|最后	我告诉大家最后一个故事，大家知道朝三暮四这个故事，大家说这个人朝三暮四，可是这个原始的典故大家都知道，是一个养猴子的老头子，他养了一群猴子，他和猴子说我早晨给你们三个果子，晚上给你们四个果子，猴子们听了以后反对，老头说，那我早晨给你们四个，晚上给你们三个果子，猴子一听高兴了，对这个老头而言，早晨三个，晚上四个，早晨四个，晚上三个，他付出的代价都是七个，可是他会使猴子快乐或者使猴子不快乐。
010.9月28日李敖登陆香港.txt	4	7-7	9	我讲|打	在飞机前，李敖对记者说，我觉得非常快乐，并且觉得很满意，你要我讲真话吗？我到台湾会被鸡蛋打，可是我还要讲，我支持中国共产党。
010.9月28日李敖登陆香港.txt	47	93-93	9	过去|骂|打|杀	可是对香港而言，我们必须承认，香港人面对的“一国两制”要不要也有一点点的盘算？到底对我们划得来划不来？至少在言论自由上面，我李敖所了解的，希望各位知道，我对香港也是有一点点研究的，没有打压。有一些人捣乱，香港有一些烂杂志拿美国中央情报局的钱，他在骂，或者拿台湾的钱在骂，口口声声喊打压，那不是打压，如果打压的话，根本办不到今天。所以必须说“一国两制”以后香港遭遇了什么？大家想想看，有的事情能够赖北京吗？当97年回归以后，西方帝国主义的老套来了，什么老套？过去老套是杀人越货，我把你人杀掉，把你东西抢去，现在的帝国主义者不用老套了，用新的方法，我不杀你的人，我不占领你的土地，我不抢你的东西，可是我抢你的通货。
003.9月21日神州文化之旅第三天.txt	12	23-23	8	故事|讲一个	我给大家讲一个故事，台湾在清朝统治之前是郑成功统治，这是个了不起的民族英雄。郑成功的爸爸投降了，郑成功不肯，郑成功妈妈在福建被清朝的兵轮奸了。郑成功很痛苦，发现母亲被轮奸了，怎么办？他把他母亲身体切开，用水冲洗他的母亲的尸体。他认为他母亲被轮奸以后，脏了。用水来冲才能够解开郑成功自己心头的这个压力和痛苦。
003.9月21日神州文化之旅第三天.txt	29	57-57	8	当年|后来|问|死|毛泽东	当年马寅初在北大干了九年校务长，在国民党时代被软禁。后来又做北大的校长，本来一开始和毛泽东关系很好，但是为了人口问题，闹翻了。马寅初认为中国人这样生下去，国家的财政都要被吃掉。毛主席说，人多没关系，人多好办事情。结果毛主席赢了，大家去斗马寅初，一路斗到马寅初的床头都贴上大字报。可是马寅初说我不在乎，我要干到死，我要孤军奋战。结果他没死，他活到100岁，别人都死了，他还活着。这就是北大精神，北大的教育。所以我说今天从北大开始，虽然毛主席说，北京大学“庙小妖风大，池浅王八多”，（笑声）多几个王八也不坏吧。（掌声）
004.9月22日神州文化之旅第四天.txt	18	35-35	8	救|打	李敖：这个没有，因为被钱“烧”的，被钱“烧”的就不知道愤世嫉俗了。打小鼓的农民挑着篮子，前边是菜，后边是自己的儿子，连儿子带菜一起卖掉。为什么要把儿子卖到北京来？他不是害儿子，是救儿子，这儿子将来要有发展一定要到城里来。
004.9月22日神州文化之旅第四天.txt	138	275-275	8	救|打	李敖：我是英雄好汉，我看不起国民党。别人不知道国民党那些丢人现眼的事情，我跟他们一起跑过来的。我见过日本人打过来国民党不抵抗，他不说“撤退”叫“转进”，向后转，再前进。这样不要脸，到了台湾忽然神气起来，救国救人了。
004.9月22日神州文化之旅第四天.txt	205	409-409	8	我讲	李敖：我讲话太快了，大家都聚精会神听，来不及鼓掌，明天在清华我就一点一点地讲。
004.9月22日神州文化之旅第四天.txt	207	413-413	8	说：|骂	李敖：我的孩子都藏在群众里面。我把儿子小女儿带来见识这个场面，他们在家老欺负我，这次给他们看看，你家老爸蛮吃得开的。我女儿四岁就是共产党，到我面前眼泪汪汪地说：妈妈骂我，我不喜欢妈妈，爸爸我喜欢你，你抱我。这就是共产党，为什么？“妈妈骂我”是叙述情况，“我不喜欢妈妈”是划清界线，“爸爸我喜欢你”是展开统战，“你抱我”就是提出要求。
005.9月23日神州文化之旅第五天.txt	20	39-39	8	当年|问|说：|骂|胡适	当年，胡适先生在北京大学，共产党的学生和国民党的学生为了一件事情在礼堂里吵起来。胡先生出现时，共产党的学生起来指着胡适骂：汉奸！胡先生心平气和、苦口婆心地说：“这个房屋里面没有汉奸。”今天在我们的祖国大地上，没有谁不爱中国，没有谁是要捣你的乱，和你过不去，乱出反动言论，影响民心士气。有的人说你们言论有问题，这就是邓小平同志所讲的，有些同志思想需要慢慢地改过来，我愿意等待！不过大家不要忘记，我已经年过70了，我已经等不久了，希望大家要改，要快一点。
005.9月23日神州文化之旅第五天.txt	65	129-129	8	有一个	李敖：我有一个毛病，看到这个书。
006.9月24日李敖做客凤凰网（聊天节选）.txt	30	59-59	8	我讲	李敖：还没。我知道他们要听我讲北京话，所以才说想喝豆汁儿。
009.9月27日神州文化之旅第九天.txt	7	13-13	8	后来|问|哭	注册以后，2月15日开学，一上课我就傻了，因为老师学生多讲上海话，我不懂上海话，使我非常不方便。尤其英文课，上海地区小学就念英文，英文课本是沿用几十年的“英文津逮”，内容比北京四中的“正中英语”深，我简直跟不上。英文老师是女镇长的，讲的一口又快又阿拉的上海话，这下子我英文不懂上海话也不懂，上课时候简直受罪。幸亏每天回家爸爸为我恶补，过了一阵，总算稳住局面。在班上我的国文、历史成绩突出，使老师对我另眼看待，同学也不敢低估我，所以还勉强不受上海佬的气。不料好景不长，一天中午休息时间，我正在教室刻图章，马面班长过来说侮辱我的话，我说你给我停住，再说我就不客气了。可是他还说，我就随手举起刻印刀来，他边退边说，我就来个“小李飞刀”，他一跑，刀正好扎进他的脚心，他立刻疼得大哭大叫起来。大家赶忙把他抬到医务室，我也跟在后面，只觉得脑里昏昏的，心想这下子可闯了大祸。训导主任长得人高马大，过来问我：“是侬干的？”我点点头，他哼了一声，掉头而去。后来马面班长给送到医院，住了好几天，费用全由我负担。学校方面，说我行为粗暴，以刀伤人，记大过一次。
009.9月27日神州文化之旅第九天.txt	8	15-15	8	打|死|蒋介石	李敖在上海唯一常去的地方，就是商务印书馆等几家书店。去这几家书店，必须过桥进入黄浦滩，有一天早上，他在黄浦滩边目击了终生难忘的一幕：由于蒋介石的“金圆券”大幅贬值，物价一天数十变，“向黄浦滩中央银行挤兑黄金的大浪潮，就立刻展开。上海那时戒严宵禁，老百姓只好在头天晚上，藏身在黄浦滩四周，或在陋巷里，或在舢板内，等待清早五点解除宵禁。清早五点一过，黑压压的人山人海，就从四面八方蜂拥中央银行，争取优先兑换。顿时万头攒动，水泄不通。上海警察局派出精锐部队——‘飞行太保’，骑在马上，挥动皮鞭打人，可是都无济于事，每天被挤死踩死挤伤踩伤的，随处可见。我去买书，经过黄浦滩，已无法在马路上通过，只有踩着舢板，绕水而行。这种目睹怪现状，也真二千年所未有也！”
009.9月27日神州文化之旅第九天.txt	71	141-141	8	我讲	李敖：可是我讲话就会引起我的演讲瘾。感谢凤凰电视台刘长乐先生对我的提示、催促，并且成行，所以如果有什么麻烦出来，有什么责任要负，大家有什么账要算，请找刘长乐先生（笑）。
010.9月28日李敖登陆香港.txt	35	69-69	8	我讲	李敖：我必须告诉你，我在大陆没有憋，我要憋的话只是憋了小便。我告诉你，我讲的话是有技巧的，分轻重缓急，大家看到我的技巧，有的时候是轻话重说，有的时候是重话轻说，有的时候是严肃一点，有的时候会开玩笑。所以我告诉你，我是用五花八门的方法来完成我个人的一个意愿。这个意愿我告诉各位，刘长乐老板和我不谋而合，我们没有同谋，我们的基本的看法是一样的，就是我们争取我们的权利，可是要用聪明的方法。我反对那种蛮干。所以我认为中国，当然也包括香港，不再穷，中国不再乱，中国人民不要再混蛋，这点很重要。所谓不混蛋，就是说我们开始聪明了，我们不用蛮干的方法去做那些对我们不利的事情。为什么不用笑脸、用技巧来得到我们要得到的东西？
011.9月29日李敖神州文化之旅第十一天.txt	41	81-81	8	问|答|死	李敖先生9月29日下午在香港凤凰卫视总部参加了《锵锵三人行》节目的录制。录制持续了近两个小时，窦文涛带着两位女嘉宾轮流上阵。和以往“三人对谈”的氛围不一样，李大师学问如海，口才了得，毫无疑问成了节目的“主角”。整场节目窦文涛们不断发问，李大师轻松应答。谈大陆行感受、谈生死、谈女人、谈读书，李大师辩才机敏，言语幽默，全场笑声不断。这次节目被分为四集，分别在9月29日、9月30日、10月3日、10月4日播出，以下是部分节目的文字整理片断。
011.9月29日李敖神州文化之旅第十一天.txt	122	243-243	8	问|孔子	李敖：“博学多才”那一行。我绝不是只会学问，我会做木工，还会做泥水工。英国的丘吉尔首相会做泥水工，执照都考到了。我会做缝衣机，用脚踩的那种，手忙脚乱的。孔子说，“吾少也贱，故多能鄙事。”我就是孔子，如果被劳动改造的话，也不在乎。
011.9月29日李敖神州文化之旅第十一天.txt	141	281-281	8	我讲	李敖：又开玩笑又是真的。我一辈子就干这个事，谈笑之间又真又假，我的特色就是重话轻说，轻话玩笑说。事实上我讲的是真话，话里有话，聪明人一听就懂了。
011.9月29日李敖神州文化之旅第十一天.txt	156	311-311	8	故事	李敖：我喜欢林黛玉，像云里面的人，像神仙里的人，多愁善感，没有什么不好。可这是小说里面的人物，真的人生的爱情故事不可以这样玩的，会要命的。我的爱情哲学是：不爱那么多，只爱一点点，别人的爱情像海深，我的爱情浅；不爱那么多，只爱一点点，别人的爱情像天长，我的爱情短；不爱那么多，只爱一点点，别人眉来又眼去，我只偷看你一眼。
011.9月29日李敖神州文化之旅第十一天.txt	165	329-329	8	问|死	李敖：因为你是老鼠，问题就出在这儿，“原谅”两个字用错了，要死心塌地的佩服我，看到我这个样本，向我学习，这才是正确的。我在故宫看了《三希堂法帖》里王洵的《伯远帖》，后面有董其昌写的跋说，我觉得好有幸，我是明朝人看到了晋朝人王洵这个帖，可是王洵也要感到幸福，因为被我看到了。“我见青山多妩媚，料青山见我应如是”，这才是真正的人生，真正的自信。今天我来到大陆，很高兴看到了祖国，可我希望大家想到，祖国被我看到，应该向我同样觉得快乐。
002.9月20日神州文化之旅第二天.txt	13	25-25	7	当年|问|说：|他说	走到天安门城楼正中，一路陪同李敖进行“神州文化之旅”的凤凰卫视董事局主席、行政总裁刘长乐向李敖介绍，这个位置就是当年毛主席宣布“中国人民站起来”的地方。李敖说，噢噢，就是这个地方。随即停下步子，“显摆”知识。他说，清朝的时候，这地方会向下放一个篮子，里面放上状子，再提上来。天安门城楼下，一群记者仰着头，挥着手大喊：李敖！李敖！刘长乐叫李敖朝记者挥挥手，但是，被称为狂狷奇士的李敖不知被点中了哪根麻筋，一下谦虚起来：“这种地方不能乱挥手。”但是，经不住城楼下记者的狂喊，李敖还是很克制地抬了几下手，算是过了一把瘾。抬眼四望，他看到了当今世界上最大的广场——天安门广场。广场南北长880米，东西宽500米，可容纳100万人举行集会。此时，天生薄雾，更让广场有凝重、深远之感。李敖这位狂傲一世的学问大师，禁不住喃喃说：大国气象！大国气象！
002.9月20日神州文化之旅第二天.txt	119	237-237	7	当年|问|答|打	其实，李敖走进这个教室还有更深一层的意思，这里是当年李敖与他的“初恋”张敏英一起就读的教室。当记者问及“初恋”，睹物思情的李敖却面露尴尬，连声说，“那只是单相思，我这边恋了半天，人家都还不知道！”到大陆之前，他曾经侧面打听一个叫张敏英的北京小女孩。但始终都没答案。最近，有报道说，张敏英已找到，但其家人不希望家庭受到任何影响。在写于一九八一年的自传里，这位桀骜不逊的“斗士”曾用凄婉深情的笔触描述了一个十三岁孩子的“初恋”：
002.9月20日神州文化之旅第二天.txt	123	245-245	7	问|打	后院有间教室是学校的画室。也有孩子在上课。李敖说，给孩子们打个招呼，走了进去。在这里，他想起了自己学画的经历：“图画课上，我总是画汽车，女老师很欣赏我画的汽车。我对汽车的印象，是在太原建立的，那时很少小朋友像我这样“现代化”过，他们要画，大都画洋车，就是人力车。”李敖特别问了孩子们冬天怎么取暖。看到屋里的暖气片，他很感慨：“我上学的时候，冬天大家轮着生火，一替一天，自己从家里带柴火和煤球。”“生火时候，要在院子里，早晨零下几度，在院子里生火，左生不着，右生不着，两手就冻成红萝卜，要跺着脚，放在嘴边用热气呵个不停才成。用这种炉子，在续煤的时候，可不能偷懒，若是续上煤球，偷懒不端到屋外，或还冒着蓝火苗就给请了进来，大家就有煤气中毒的危险，用北京话，这叫‘煤熏着了’，被害人轻则到院子里吃西北风透气，灌酸菜汤；重则一命呜呼。”
003.9月21日神州文化之旅第三天.txt	113	225-225	7	过去|问	总之，写历史小说，自然发生“写实的真”和“艺术的真”的问题，两种真的表达，小说理论头头是道。《北京法源寺》在小说理论上，有些地方是有意“破格”的。有些地方，它不重视过去的小说理论，也不重视现代的，因为它根本就不要成为“清宫秘史”式的无聊小说、也不愿成为新潮派的技巧小说，所以详人所略、略人所详，该赶快“过桥”的，也就不多费笔墨；该大力发挥的，也不避萧伯纳（G.B.Shaw）剧本《一人演说》之谶。
010.9月28日李敖登陆香港.txt	51	101-101	7	问|死	关于凤凰卫视在台湾落地的问题，李敖大师讲了，他希望拔刀相助。他到“立法院”以后，几次想用他的威望和“本领”，当然包括他的死党和“同伙”们帮我们去争这件事情，国际上也有很多对凤凰卫视认同的人也在帮这个忙。现在我可以告诉大家，我们在台湾已经得到积极的回应。我前段时间在台湾的时候，专门会见了台湾“陆委会”的主任吴钊燮先生和“新闻局”的局长姚文智先生，他们都做了积极的回应，认为凤凰卫视落地的问题在他们的概念中间已经相当程度的解决了。我们已经进入了重新审批和复核的阶段，我们热情的期待着这一天可以到来。凤凰为卫视是一个覆盖全球的华人电视台，台湾有2200万的人口，我们却没有得到合法的落地，这是我们很大的遗憾，所以我们希望有这一天。至于您说到其他的问题都是技术上的问题，都很好解决。
011.9月29日李敖神州文化之旅第十一天.txt	183	365-365	7	问|逃	此次李敖大师“神州文化之旅”的幕后推手、凤凰卫视行政总裁刘长乐笑言，为了让大师克服“坐飞机恐惧症”，一定要让大师坐各种交通工具。这次旅程特地安排大师坐飞机、火车，来到香港，则要安排大师坐游艇，饱览维港美景。李敖开始一直推辞，问船底掉了怎么办。刘长乐告诉他，游艇的材料极坚固，且是一体的，“底儿”既不会掉，也不会漏，更不会翻。眼看推辞不掉，李敖大师方于5时许，在两名凤凰卫视美女主持陪同下，登上豪华游艇。途中大师对维港周遭景物都非常感兴趣，在刘长乐总裁的解说下，细意欣赏。只是李敖的经纪人王祥基先生因为晕船而大叫其苦，声称要跳海逃生。大师“左拥右抱”凤凰两位女主持合照，期间动人的表情可以看出他仍然是“壮心不已”。随后，游艇靠上香港仔珍宝海鲜舫，一班恭迎大师的友人中，有不少是台湾大学的校友，包括光华新闻文化中心主任平路、民政事务局局长何志平夫人胡慧中、文化人马家辉，为大师饯行的晚宴成了难得的同学聚会。
012.9月30日李敖神州文化之旅第十二天.txt	5	9-9	7	问|骂	结束“神州文化之旅”回台湾的李敖，今天在香港机场，面对“你在大陆的表现，回去后别人要骂的，怎么办”的提问，以一句“猫回家了，老鼠会不闹的。”轻轻带过。
012.9月30日李敖神州文化之旅第十二天.txt	24	47-47	7	后来|问|他说|骂	后来，鲁豫向李敖提到这个细节，李敖笑说戴墨镜还是管用的。刘长乐说，李敖戴墨镜技术上是因为“怕光”，也可能是他觉得眼睛流露的信息太多，不愿意让人家发现。他是喜欢批判、骂人的人，不愿意也不习惯把他自己一些赞赏、欣赏之类的感情流露出来。他站在天安门上，喃喃自语地说“真是大国气象呀”。这趟回乡之旅，他有相当的震撼，又是相当的冷静，他有时候还很兴奋，但在须臾之间又赶紧控制住自己，怕流露出来。他离开新鲜胡同小学时，记者问他给学校留点什么？他说，“我把爱留下了。”说完这两句，就把车窗关上了。然后，他就长时间地看着窗外。在飞机上的时候，刘长乐挨着李敖坐，发现他也一直靠着窗户往外看，凝视窗外。
002.9月20日神州文化之旅第二天.txt	136	271-271	6	问|说：|打	手捧鲜花的李敖走进鲁荣坤老师家的时候，86岁的鲁老已因帕金森症无法说话。前去打前站的记者说，鲁老师如果见到李敖时眼睛能亮一下就不错了。鲁荣坤的两个女儿付敏、付惠一边对李敖说：“欢迎你来北京”，一边大声地对母亲说：“妈妈，您的学生李敖来看您了。”两位女儿特意强调了李敖二字。但是，鲁老师脸上没有什么表情，眼睛甚至也没有亮上一下。她的女儿解释说：“她心里还知道，但是脸上的表情不太丰富。”李敖大声地对老师说：“我是李敖，我来看您。”并问：“我能握她的手吗？”付敏说：“没关系，没关系，你握吧。”于是，李敖右腿单腿跪地，紧紧握着老师的手。
003.9月21日神州文化之旅第三天.txt	19	37-37	6	打	第四种是“怂”了。什么叫怂？小时候我们在北京斗蛐蛐，用老鼠的胡子逗它。斗来斗去，一个蟋蟀打不过另外一个，你怎么逗它，它都不打，就是“怂”了。“怂”了就是蔫了，我怕你了，我不跟你玩了。
003.9月21日神州文化之旅第三天.txt	58	115-115	6	逃	李敖从北大图书馆一出来，马上见证了“敖旋风”的厉害，没能现场聆听李大师精彩演讲的北大学子（约100多人）疯狂堵截在北大图书馆出口处，李敖大师在数名安保人员“空中挪移”下才从图书馆另一出口“逃出”。因为局面已经失控，见惯大场面的李敖大师为了防止跌倒，只好努力地保持平衡，脸色都变成“猪肝色”。但在挥手离别时依然保持了微笑。
003.9月21日神州文化之旅第三天.txt	61	121-121	6	打	李敖从图书馆“突围”出来，急忙钻上车，往北大医院而去。他是去看望一名罹患癌症的少年。吴子尤今年15岁，身患纵隔恶性肿瘤，手术化疗后，一直住院。他病中写了一篇《让我心痛的妞妞和〈妞妞〉》，批判“周国平式哲学”，颇有见地。几个月前，“敖迷”子尤给李大师写了一封长信，述说自己看过李敖作品和电视节目的感想。这次赴大陆前，李敖托凤凰卫视董事局主席刘长乐打听，并在行程中安排时间看望子尤。
003.9月21日神州文化之旅第三天.txt	86	171-171	6	答	李敖第一句话便惊叹：“我想到你这么高。”子尤答道：“看来要著作等身，我比你要困难些。”李笑道：“那武大郎岂不最容易了？”
003.9月21日神州文化之旅第三天.txt	115	229-229	6	死	在一般以小人物为小说的矮丛中，我高兴我完成了以大人物为主角的这部《北京法源寺》。写大人物是多么振奋自己、振奋人心的事！书中大人物之一谭嗣同，他以身殉道、“踔属敢死”（章大炎语），更是“清季以来”“一人足以当之”的“真人物”（熊十力语）。他一生心血，全在《仁学》一书。写成之后，他感于台湾新丧日本之手，乃不用真名，而以“台湾人所著书”颜其封面，借哀浊世；如今，我独处台湾，写《北京法源寺》，“台湾人所著书”之谶，百年孤寂，又复重演。契阔四十载。今印此书以归故国，沧海浮生，难忘我是大陆人而已。
007.9月25日神州文化之旅第七天.txt	14	27-27	6	打	有学生认为，李敖只具有“文人气质”，他的文章能为大多数人理解，锋芒毕露一些，这是文人的特征，而深沉厚重才是大师的情怀。此语一出，即引来无数李敖“粉丝”打“口水仗”。有人表示，李敖的书多少可以在茶余饭后提高思辨能力；也有人提出，李敖即使不是学术大师也算得上思想家。还有讲求“论据”的学生笑言，李敖究竟如何，只待演讲现场见分晓！
009.9月27日神州文化之旅第九天.txt	119	237-237	6	死	闹哄哄的一场场的大“秀”和抹不去的一片片的文化情，嘈杂的媒体的轰动效应和已相隔五十多年后回家的真感慨，不断涌出的大言及玩笑和不时流露的真性情和真尴尬，这一切混杂成一种奇观。在“超女”的浪潮开始下落的时候，李敖给了我们新的刺激和新的乐趣。这些闹哄哄的场面和总是在媒体头条的出现报道都让我们不得不冷静下来，我们不得不穿越这些表面的轰动，看看这些眼花缭乱之后的东西。在这一切热闹和轰动之间，我们可以观察这样一个“语不惊人死不休”的，充满乐趣和狡黠的李敖的多个侧面。
009.9月27日神州文化之旅第九天.txt	121	241-241	6	问	毫无疑问，李敖本人是调动媒体的超级大腕，他总是善于用语言让媒体感觉有无穷无尽的“料”，他和媒体之间如鱼得水，相得益彰，互相依赖。他总有耸动的材料用生动的语言爆响起来，而媒体也正是需要这些耸动的语言。媒体乐于表现一个放言无忌、随心所欲的李敖，而李敖本人也用这样的形象给自己一个媒体的空间。一般人能够看到的自然只有媒体里的他，而李敖被大众知晓的主要的空间正是依靠无所不在的媒体。这个媒体的李敖有有趣的两面性：一面有文人的作风，时时标榜自己读书破万卷，比起一般的没有多少时间读“闲书”的普通都市的中等收入者高明和渊博，所以他“开讲”总是拿些书或资料，也时时自称有其他人不能了解的秘密在他的手中。
011.9月29日李敖神州文化之旅第十一天.txt	8	15-15	6	问|答|他说	在追忆这位中国文化、学术界先贤的时，李敖也不忘露一手他最擅长的历史考究功夫，向在场记者介绍蔡元培下葬香港的历史由来，并眼尖地指出碑文上的错字。他说，“蔡元培先生是真正提倡思想言论自由的人，而且是很有技巧地提倡”。蔡元培担任北京大学校长时，发生了“五四”新文化运动。当时北大没有女生，有人问什么时候招女生，蔡元培回答说，“现在就可以。”人家问“为什么”，蔡元培说，法律上没有规定不可以招女生，所以北大就很自然地招了女生。李敖的评价是：他很聪明、很技巧地达到了这个效果。
011.9月29日李敖神州文化之旅第十一天.txt	181	361-361	6	问|说：|打	民政事务局长何志平与李敖是多年的朋友，适逢李敖访港，何志平公事再忙也抽空见面。但李敖的确是“文化顽童”，当着众多记者朋友，他竟问何志平“你什么时间做特首？”冷不防有此一问，何志平一时不知所措，不停地打圆场说“拜托，拜托”“饶了我吧！我没有这个本事”。但李敖仍坚信何志平非池中物，说：“你很有特首样子。”
001.9月19日神州文化之旅第一天.txt	6	11-11	5	当年|他说	BBC记者报道说，这次李敖到大陆进行12天的“神州文化之旅”，是他自13岁离开大陆后，56年来首次重返大陆。行前在机场，他自我调侃说，他曾公开赞成“一国两制”，所以大陆应对他有“基本信任关系”，而且早年国民党执政时期，他多次被人向警备总部检举是“匪谍”，既然曾被当作是“共产党的间谍”，他这次去北京会“向党中央报到”。除了调侃自己，李敖也右批蓝军、左批绿军。他说，不喜欢国民党当年把北京改名“北平”；至于他登机时拿着“中华民国”新护照，他也指着民进党政府在护照上加注的“TAIWAN”字眼，批评民进党只敢“偷偷摸摸搞台独”，而不敢写中文的“台湾”二字，“像个贼一样”。
007.9月25日神州文化之旅第七天.txt	19	37-37	5	问|说：	晚上近8点钟，李敖一行抵达下榻的锦江饭店贵宾楼，终于出现在上海众多媒体的视线里，刚下车，李敖就被记者“包围”了。当被媒体责问“来到上海和记者捉猫猫”时，“敖哥”很老实地解释说是“飞机误点”，并向大家致歉。有媒体记者询问他身体状况，李敖说：“我的身体很好啊，一点问题都没有。”
007.9月25日神州文化之旅第七天.txt	35	69-69	5	说：|打	众记者从头等舱撤退后，李敖怕打扰了三名美国乘客，向他们连声说“sorry”。刘长乐走过来对本报记者说：“看到了吗？大师多么谦虚，他是因记者刚才的采访打扰了他们，在记者走后表示歉意。”刘长乐又透露：“昨天晚上即将离开钓鱼台国宾馆时，大师让人把每一个工作人员包括司机的名字全部抄来，一一为他们签名，并每人给了一个红包。”李敖又回头对本报记者说：“对不起。我们已经认识了，所以刚刚没有专门对你说‘sorry’。”
003.9月21日神州文化之旅第三天.txt	112	223-223	4	和尚|康有为	史事以外，人物也是一样。能确有此人、真有其事的，无不求其符合。除此以外，当然也有塑造的人物，但也尽量要求不凭空捏造（例如小和尚普净，他是三个人的合并化身，就参加两次革命而言，他是董必武；就精通佛法而言，他是熊十力；就为共产党献身做烈士而言，他是李大钊。我把他定名为“李十力”，并在李大刽等二十人被绞名额中加上一名，就是因此而来。又如在美国公使馆中与康有为对话的史迪威，他确是中文又好又同情中国的人物，我把他提前来到中国，跟康有为结了前缘）。这类“苦心”与“调剂”，书中亦复不少。
006.9月24日李敖做客凤凰网（聊天节选）.txt	97	193-193	4	过去	李敖：对这三种情况，我只有四个字，“休戚与共”。“休”代表快乐，“戚”代表难过，“共”代表共产党。你的快乐与痛苦都和共产党有关系，台湾如此，我个人也如此。我觉得和共产党要采取友好的态度，共产党是两手策略执行它的政策，就是邓小平说的“一手硬一手软”。我们是用两臂政策，来抱住共产党，我跟你抱在一起，我们是利益共同体。我说要看秦城监狱，看什么？看它历史的陈迹。那里面已经没有政治犯了，是一些贪污犯、小人物关在里面。我去秦城监狱是凭吊过去的历史，并不是揭发什么黑暗，我是有这个心态，可是别人不懂。我觉得“休戚与共”是很重要的，我们现在接受这个事实，要和它（共产党）合作，紧紧抱住它，要它为我服务。
008.9月26日神州文化之旅第八天.txt	40	79-79	4	最后|毛泽东	毛主席有个词，讲到什么人是英雄，最后“俱往矣，数风流人物还看今朝”。现在“风流”两个字是坏字，你们把我当成西门庆，觉得我很风流。可是这个字是好字，中国的语言有它的变化，有的字从坏变好了，好比宋朝你称呼一个女孩子“小姐”，她就给你一嘴巴，因为宋朝的妓女叫“小姐”，可是现在这两个字变好了。“风流”这个字有点走样，可是毛泽东用它的时候还是好的意思。“英雄割据今已矣，文采风流今尚存”。英雄割据今己矣，谁要阻止祖国统一？这些人都没有了，祖国统一了，可是文采风流被留下来。今天我们的中国文化、中国文字、中国精神、中国的怪物都留下来了，我希望我和大家一起文采风流！
002.9月20日神州文化之旅第二天.txt	96	191-191	3	过去	等到下午，形式愈加严峻。由于“凤凰派”的关照，新鲜胡同小学100米外就被封锁。时间一分一秒过去，“麻雀”们虽然个个心急火燎，却只能在门外苦候。不过其中有两三只胆大心细、敬业的“麻雀”，竟然绕过封锁线，爬到房上去了。在房顶上向李敖先生叫唤：对不起，李先生能不能抬头？连李敖都忍俊不禁：爬这么高，我怎么看得到你？
003.9月21日神州文化之旅第三天.txt	46	91-91	3	胡适	胡适是现代诗人、文史学家、五四文学革命的倡导者。1946年9月接任北大校长。同年，在北大新学期开学典礼的讲演中，胡适要求学生做一个能独立研究，独立思想的人。胡适说，我为什么希望且要求你们是“独立”二字，而不是自由思想、自由研究的“自由”二字呢？要知道自由是对外面束缚而言，不受外面势力的限制与压迫，这一向正是北大的精神，而你们现在大抵已经获得了并做到了。而“独立”恰恰没有做到，还有许多误解与迷惘。“独立”是你们自己的事，无论外面的思想环境如何纷纷扬扬，你自己思想不能独立，意识不能独立，仍然是奴隶，走上社会后只能被别人牵着鼻子走，丧失自我。
003.9月21日神州文化之旅第三天.txt	101	201-201	3	皇帝	李敖参观了寺里各种各样的佛像。最为神奇的一个佛像是明代“千手观音”，有四、五十公分高，据说佛像的一只手上会往下滴水，被善男信女称为“圣露”。在藏经阁，李敖参观了一些珍贵的佛法典籍，参观北京最大的一尊卧佛。圆持大师代表法源寺和中国佛教图书文物馆将一大捆书赠送给了李敖。这是乾隆皇帝时编制的《满蒙汉藏合璧大藏全咒》，共8册88卷，多达一千多万字。圆持大师说，这套书凝结多民族文化精华，涉及不少音乐学内容，希望李敖先生通过此书对民族文化有更多的了解。李敖欣然为法源寺留下两幅墨宝：“法海真源，尽在于斯”和“勿我两忘，人书俱老”。
004.9月22日神州文化之旅第四天.txt	253	505-505	3	当年	李敖当年的两位“拜把子”兄弟今天都到齐了。一位叫郭金星，一位叫詹永杰。李敖见到詹永杰，连叫“老大哥”。李敖说“老大哥”当年是他的班长和偶像，“是我一直崇拜的人。”狂放不羁如李敖，竟崇拜自己的老同学，真是难得。
004.9月22日神州文化之旅第四天.txt	257	513-513	3	当年	李敖还和十六位小学同学一起高唱当年的“童子军”歌谣：“你我同在一群中，感情一直都相通。你有快乐我分享，我有忧愁你与共。彼此情谊砌金石，日月明照此寸中。”李敖只唱了几句就跟不上大家的节奏，忘记了歌词只能“随声附和”。
006.9月24日李敖做客凤凰网（聊天节选）.txt	42	83-83	3		李敖：“人书俱老”出自孙过庭《书谱》里的一句话，“书”指书法。我在图书馆里写这个“书”代表书也代表书法。这个“老”字，不是真的老，是炉火纯青的意思，代表书是了不起的书，人也是了不起的人，隐含了吹牛的意思。
009.9月27日神州文化之旅第九天.txt	76	151-151	3		李敖：虽然我们看到正式的名字是李敖“神州文化之旅”，可是我私下里定了三个，有一点点像我性格上的玩世不恭：在北大讲的方法是“金刚怒目”，清华讲的方法是“菩萨低眉”，复旦的讲法是“尼姑思凡”。我是照着这三个路线走下去的。三场讲演其实是一个讲演，大家有的时候太心急了，没有看出来，我还没讲完，讲完北大，讲清华中间大家就性急，做了很多奇怪的解读，其实是不正确的。
001.9月19日神州文化之旅第一天.txt	64	127-127	2		李文之母王尚勤是“台大”农经系的“系花”。李敖与她在1962年相识。李敖与王尚勤的哥哥王尚义是好朋友，王尚义促成李敖认识了王尚勤。但他没想到妹妹会和李敖谈起恋爱来，其间他曾力劝妹妹不要陷得太深。王尚义认为，李敖“有勇气，但缺乏责任”。但王尚勤已深陷其中，不能自拔。
001.9月19日神州文化之旅第一天.txt	69	137-137	2		李文出生时候，李敖已经入狱。因此在李文小时候，李敖一直没好好抱过她。在李文十二岁以前，跟李敖住在一起的整个时间，加起来不超过一星期。李敖叹道：对李文最大的亏欠，是我一生的麻烦！李敖在狱中，仍不忘用家信的方式，对爱女进行“函授”，他每封信均以“亲爱的小文”开首，循循善诱，字字珠玑，先后共写了八十封信。李敖出狱后，第一次见到女儿，直有“恍如隔世”之感。他当下决定，尽其一切可能，给李文最大的补偿！
002.9月20日神州文化之旅第二天.txt	12	23-23	2		天安门原名为“承天门”，是皇城中的重要建筑。1420年建成时，不过是一座黄瓦飞檐的三层楼式的五座木牌坊，牌坊正中高悬“承天之门”匾额。寓“承天启运”和“受命于天”之意。此后百年间，承天门两次起火被毁，直到1651年，清世祖福临下令大规模重建并更名为天安门。
002.9月20日神州文化之旅第二天.txt	95	189-189	2		虽然多次到北京，但是说难听点，每次都跟大禹治水一样，没有机会游览故宫。昨天，游览后唯一的感觉居然是“故宫是大啊”。当“凤凰派”的座驾慢腾腾地从西华门绕到天安门的时候，地面上几十只扛着“长枪短炮”的“麻雀”紧随其后，远看像极了跟着坦克冲锋的步兵。不过，等“凤凰”消失在武英殿方向时，“麻雀”们这才发现，能跟着跑实在是幸福不过的事情了。一旦消失在庭院深深之处，要再寻到，简直是大海捞针。举头望故宫，但见四面红墙，浩浩青天，茫茫无极，怅然若失。
003.9月21日神州文化之旅第三天.txt	44	87-87	2		北大图书馆古籍部的胡先生称，李敖在到来前，点名要看“常丑奴墓志”的拓本。墓志本身是明代出土的，拓本是清初的。“这个拓本知道的人很少，存世更少。”胡先生称，这个拓本被单列在一条长桌上，是唯一一件享受特殊待遇的展品。李敖对此看得很仔细，称“字比我想象中小些，碑文不清”。他还特别关注了拓本上张伯英的字，赞扬其字“大气”。
003.9月21日神州文化之旅第三天.txt	87	173-173	2		李敖拿出自己写的一本书《教育与脸谱》送给子尤。并在上面写了八个字“目有余子，尤其是你”，将子尤的名字嵌进去。“余子”之意是指还不到服兵役年龄的年轻人。但是，在围棋术语里，如果在围棋计算胜负的填满计点法里，有“余子”则为负方。
003.9月21日神州文化之旅第三天.txt	107	213-213	2		耽误的原因其实不全在时间不够，而是我心理上的一个求全故障。伏尔泰（Voltaire）说过一句话：“最好是好的敌人。”（Lemieuxestl’ennemidubien. The best is the enemy of the good.）正因为我要写得“最好”，结果连“好”都踌躇下笔了。
004.9月22日神州文化之旅第四天.txt	158	315-315	2		鲁豫：据我了解叫“小蕾”。您说“小蕾”跟别人不一样，别的是“情随情迁”，这个是“情随事迁”。
007.9月25日神州文化之旅第七天.txt	3	5-5	2		这一天，李敖“之旅”将转战上海。由于原定12点40的飞机晚点两个小时，李敖一行临时决定到北京工人体育场附近一家名叫“欣叶”的台湾餐厅就餐。虽然来的突然，之前也并不认识，但是“欣叶”的执行官施先生说，大家都是台湾人，我们知道李敖先生是什么人，也知道他此次的重要。他是56年来第一次跨海，我们也是第一次到北京来开店，难得一聚。当下决定，由“欣叶”做东，请李敖先生在餐厅里最大的包间“台北城”吃饭。
008.9月26日神州文化之旅第八天.txt	16	31-31	2		我这一次回到祖国的讲演分三场，我在北京大学要讲“金刚怒目”，在清华大学讲“菩萨低眉”，在复旦讲什么？要讲“尼姑思凡”。元曲里挖苦尼姑：小尼姑年方二八，正青春，被师傅削去了头发。她看到男青年，眨巴着眼睛，眉来眼去，就叫“思凡”，就是比较务实的一面。
008.9月26日神州文化之旅第八天.txt	62	123-123	2		会后，胡教授对于在演讲会上李敖挑剔他的“地方口音”，并请别人代为转述观点表示遗憾，他认为，学者以文会友，重在平等交流，李敖高高在上的姿态与平等之精神不符。“《鲁迅全集》他可能都未读完。”“鲁迅是中国当代最伟大的思想家，其深刻性远非李敖所能比，他怎么能比得上鲁迅？”胡建议李敖如果没读过《鲁迅全集》的话，回去再读一遍。
008.9月26日神州文化之旅第八天.txt	86	171-171	2		“白公馆”坐落在上海西区汾阳路上。汾阳路树高枝繁，街道狭窄，有曲径通幽之感。路边的小洋楼也大都历史悠久，如法租界公董局总董官邸、犹太人俱乐部等。灰白色洋楼“白公馆”就是其中之一。所谓“白公馆”，是指白崇禧、白先勇父子曾在这儿居住过。现在，这里是德国啤酒西餐厅宝莱纳的“仙炙轩”极品烧肉餐厅，是上海名流汇集的处所。
009.9月27日神州文化之旅第九天.txt	68	135-135	2		我感觉到李敖先生身上有极大的两重性，他一方面不愿意承认自己是“返乡之旅”。但是我在和他接触之中，能够体谅到他的拳拳之情。他不喜欢鲁迅先生的一些观点，但是我还是想举鲁迅先生的一句话，“无情未必真豪杰”来形容。在“返乡之旅”的全过程中，他充满了深情的期待，充满了深情的思考。
009.9月27日神州文化之旅第九天.txt	130	259-259	2		从传统的角度看，他是一个有侠气的“狂士”，有“仰天大笑出门去”的气魄，有敢爱敢恨的率真。同时他又有一股绵绵的柔情，有一种“无情未必真豪杰”的真性情。正是因为中国的文化是他的精神的归依，所以他总是从“中国”的角度来观察世界。他虽然住在台湾，他的关怀却在整个中国。他的心的境界其实是宽广的。这种关切中国，关切我们的文明的命运的情怀也是中国文人的特质。李敖经常激烈地反传统，但他的气质其实非常传统，他的行为方式在中国传统的文人中都找得到自己的原型。这种对于中国的感情其实不仅仅是对于故乡的绵绵思念，也不仅仅是一种文化的感伤的追怀，其实李敖从来也没有被人为的障碍分隔，他的心和人生的思考从来都是从一个中国的角度开始的。
011.9月29日李敖神州文化之旅第十一天.txt	5	9-9	2		蔡元培生于1868年，卒于1940年。26岁时升补翰林院编修。1902年游历日本归来后，开始反对清廷的革命活动。1904年他被推为反清革命组织光复会会长，1905年加入同盟会，1912年任南京临时政府教育总长。1917年任北京大学校长，提出“思想自由”“兼容并包”的办学方针，使之成为新文化运动的中心。1919年“五四”运动爆发，北京政府对支持学潮的陈独秀、蔡元培等十分不满，拟罢免蔡的北大校长之职，蔡闻知后主动辞职，悄然离京。
012.9月30日李敖神州文化之旅第十二天.txt	32	63-63	2		李敖，一个发誓不离开台湾的“台湾人”，一个永生难忘大陆的“大陆人”，一路行来，在两岸包括全球海外华人中引起的关注是空前的，产生的效应也是非常深远的。这是一个文化人对“文化原乡”所表现出的强烈认同感。无论你身在何方，这片土地、这种文化对你的吸引力将超越意识形态、超越政体、超越地理、超越一切。
011.9月29日李敖神州文化之旅第十一天.txt	90	179-179	1	说：	窦文涛：一位网友说：李敖作为一个政治人物，他坐过台湾党政者的大牢，挺身而出，反对台独；作为一个作家，他的作品多次受到台湾当局的查禁，获得过诺贝尔文学奖的提名；作为一个文人，他博闻强记，遍览古今中外书籍，藏书量巨大；作为一个男人，他美人在怀，风流倜傥。诸位，不管你们怎么看李敖，说他“作秀”也好“无德”也罢，可我们很多人连“作秀”的资本也没有。
002.9月20日神州文化之旅第二天.txt	94	187-187	0		一派是“凤凰派”，人数不多，可以紧贴李敖身旁，自由出入禁地；一派是“麻雀派”，人数不少，“跟着大师跑，全靠两只脚”。晨报记者不幸也是“麻雀派”。当李敖在天安门上挥手的时候，本人只能在金水桥上挥手，也算是和李敖遥相呼应。
011.9月29日李敖神州文化之旅第十一天.txt	36	71-71	0		李敖对中环的古玩街——摩罗街似乎比登高望景更感兴趣，但追访的记者太多，拥着他“步步为艰”，无法进入古董铺中细看，随手拿起一两件细看，都是假货。说话不留情面的李敖对记者说，“这是一条真正的假古董街。”倒是一些店铺的商家认出李敖是“真”的，拿着相机或摄像机跑出来要求合影。一位女子拉着他不让走，大声喊她的朋友一起来合影，让李敖忍俊不禁。
