file	paragraph	score	chars	preview
001.李敖与“编辑室报告”.txt	2	3	181	李敖主编《文星》四年，掀起了一股“文星风云”，每月《文星》出刊，李敖写“编辑室报告”。在“编辑室报告”里面，李敖除了介绍该期《文星》的内容外，更将自己的议论意见利用短短的三字两语表达出来，要了解李敖，这是不可缺少的资料。从“编辑室报告”的字里行间，有心人自可掌握到李敖的精神所在。因此，我在这里把部分“编辑室报告”做了一个大概的分类，给有心人从中找寻宝贵的资料。
001.李敖与“编辑室报告”.txt	7	3	282	在这种现状之下，真正的风雅者是苦恼的。他们要“冲决网罗”，要在彷徨里叫喊，在叫喊里彷徨。在这种十字路口上，走来了本期《文星》的封面人物——萨特。萨特是“存在主义”的代表人物，他的身世是灰暗的、艰苦的：他是孤儿，是战乱里的俘虏，是地下工作的领袖；他的人生时刻都面临着黑暗与死亡，因此，他的哲学与文学也充满离奇和否定。例如，在他眼里，“自由”在抵抗压迫中才能得到；“黑暗”是正常的；世界“无理”也是正常的。二十五年前，他在第一部短篇小说《墙》（Le Mur）里，就表现了这种世界。世界里的每个主角都要碰到这座“墙”，要在墙与墙间面对迎面而来的荒谬和苦炼。（第七十六期）
001.李敖与“编辑室报告”.txt	12	5	250	1月1日，台大教授杨树人先生在《传记文学》杂志里，写了一篇《怀念朱骝先先生》。这个月，他又给本刊写了一篇《回忆一颗大星的陨落——记胡适之先生最后的三年》。他的追记里，使我们知道胡适之先生并没有得到一个“安乐地死”，他在死前曾经有过一段痛苦的历程和磨难，这似乎是必然的；胡适之先生有他智者的寂寞，这种寂寞，有时使他难以自抑，使他收缩了爽朗的笑脸，而呈露了苦相。杨树人先生从苦相里认识了胡适之先生，同时用这种认识，连结了每一个智者的寂寞。面对这样的一个时代，读完这样的文章，谁能不沦入沉思！（第七十六期）
001.李敖与“编辑室报告”.txt	13	3	89	胡适先生已去世两周年，他的“朋友”们除了“告朔饩羊”式的貌似怀念一阵外，什么积极的事也做不出来，这真是他们的大耻辱，他们不但是道义的罪人，也是开明思想传播的拦路虎。（第七十七期）
001.李敖与“编辑室报告”.txt	27	3	180	莎士比亚的名作在中国，不乏有人翻译，甚至有的还以全集姿态出现，但是我们忍不住要说，那些译本不能代表真的莎士比亚。因为它们缺乏深厚的学力基础，缺乏伟大的透视力去穿透莎士比亚脑袋后面的灵光。真正的翻译，不是一个翻译匠的工作，真正的翻译是一种“再创造”。“再创造”的产品登峰造极以后，甚至比原装货还伟大，恰如那罗丹雕塑的萧伯纳造像，谁敢说这个造像不比老萧本人还伟大？
001.李敖与“编辑室报告”.txt	70	3	82	费正清不是故步自封的人，对于中国问题的看法，他始终能接受新证据的引导而修正他的观点，所以对这位“中国通”，我们似乎可以用“刮目”的态度来看他和批评他。（第七十八期）
001.李敖与“编辑室报告”.txt	74	5	338	历史上的特立独行之士，大抵非狂即狷，狂者进取，狷者有所不为，1952年诺贝尔和平奖金的得奖者，1954年的世界风云人物的主要候选人（最后是美国国务卿杜勒斯当选）、《文星》第六期的封面人物史怀哲博士就是一个道地的狂狷之士。这位被推为当代最伟大的人道主义者，今年已经九十出头了，但他还是活得那么硬朗，石缦仪女士在本期《文星》有他的最近报导。《文星》另一位封面人物，高龄九十四岁的美国元老政治家伯纳·巴鲁克于6月20日 因心脏病于其纽约市寓所逝世，他的生平在九十一期《文星》有详尽的介绍。这两位老头子活了那么一大把年纪，可敬的是依然还保持着这份狂狷之气。在我们中国不论活着的，还是死掉的，又有几人能保留“有所进取，亦有所不取”，“有所不为，尔后可
001.李敖与“编辑室报告”.txt	77	3	119	中央社香港二十二日的电讯报导说：一位以前左倾而现在反共的知识分子，今在《天天日报》公开其二十年前所知的秘密。“当年的李公仆和闻一多，可以说是青年学生们的偶像，原来残杀李闻两人的，绝不是共匪所指称的所谓‘蓝衣党特务’，而是共匪自己的特务。”
001.李敖与“编辑室报告”.txt	85	4	323	吴稚晖是胡适笔下“‘自由中国’的一个最特立独行的怪杰”，他的人格与风范，在“自由中国”的衮衮诸公里，再也找不到第二个能比拟他。他的死亡，象征着另一代的知识分子的陨落。他的可爱，在于他明快的主张“把线装书投入茅厕”，明快的主张“‘国故’这臭东西”，要“把它丢在茅厕里三十年”，明快的主张我们该“鼓吹一个干燥无味的物质文明”，明快的认为中国民族的“总和，道德叫做低浅”，而西洋民族的“总和，道德叫做高明”……这一切“实事求是”的爽朗，不做乡愿的决绝，才是吴稚晖的真精神。凡是不了解这种真精神的人，纵使为他开一百次纪念会，为他写一千篇颂扬文字，为他印一万张遗照墨迹，也是隔靴搔痒，舍本逐末。而其结果，除了使吴老头儿躺在海里吃吃暗笑以外，又能得到什
001.李敖与“编辑室报告”.txt	91	3	230	中国近代史和中国法制史，是洋人研究中国的二门热门科目。中国近代史的研究，由于国内学人的提倡，已经蔚成风气。而中国法制史的研究，却远远落在洋人之后，国内除了几本教科书以外，治学成绩远在洋人之后，这实在是中国学人的耻辱。本来学问并无国界，但是以外国学人来治中国旧学，总觉有点“隔靴搔痒”，而中国学人治国学，资料的搜集和整理，就地取材，远较外人方便，因此，我们必须急起直追，养成研究中国法制史的风气。陆啸钊先生的“中国法制史论丛”就是为这个目的而写的。（第九十七期）
001.李敖与“编辑室报告”.txt	96	3	188	“诛及疑似”这一句话，充分表示出中国古代司法的黑暗，和被告人权的不受保护。这些问题一直到今天，依然存在。我们坚信，司法的尊严和独立，必须由司法人员自身去建立，而问案的周详，取证的严谨，更是执法公正的首要条件，诸如这些，千万马虎糊涂不得。尤其一般重大刑案，稍有误失，就是人命一条，冤狱纵可赔偿，也赔不出一个活生生的人出来。《文星》过去所以对自白定罪屡次提出检讨的道理，也就在此。
001.李敖与“编辑室报告”.txt	97	4	234	被陶希圣先生评为必须有“包龙图探阴山的手法才能结案”的火场焚尸案，今天包龙图虽未再世，被告黄衣女郎张韵淑却一审二审都被判处了死刑，可是结伙共同杀人的黄姓男子，直到今天还连个影子都没有，这个疑点不澄清，而仍然依赖一张自白书把人送上断头台的话，不光是张韵淑和她的妈妈要喊冤枉，整个社会都将引为莫大的耻辱。陆啸钊先生的《莫恃官清胆气粗》反复阐释慎刑恤刑的道理，身负司法重任的先生们，请你们自己想一想，以这样的“自白”（？）证据定人死罪，试问你们是否能心安理得。（第九十七期）
001.李敖与“编辑室报告”.txt	98	3	180	由于张子岐一案，又引起了“议员言论不负责权”的旧话重提，我们认为像这样的冲突，在任何一个国家宪政的成长史中，都是一桩无可避免的事实。议员会内言论对外究竟负不负责任，这是一个值得研究的问题。不过，有一点我们必须特别提出，任何一种权力，如果纯靠自律而失去外在制衡力量的话，未有不变成滥用权力的。我们固然不愿意看到司法滥权，同样我们也不忍见到议会专横。（第九十一期）
001.李敖与“编辑室报告”.txt	105	4	348	三十一年前的中国，曾经发生了一件监察委员弹劾法官的案子——弹劾的监察委员是高友唐，被弹劾的法官是前上海地方特区法院院长杨肇熉，和前上海社方审判庭庭长——中国第一位女法官郑毓秀，弹劾书中的结论是：“为国家整纲纪，为法界挽声誉”。这件事情过后三十一年，历史又重演，又发生了一场监察委员弹劾法官的大案子——陶百川、黄宝实两位监察委员的“首揭义旗”，带来了满城风雨。对这个问题，可以从许多角度来评论，我们觉得从思想趋向的角度来看它，也许更有意义。我们忍不住要问：三十一年来，我们在思想趋向上的进步在哪里？我们为什么不能阻止历史不再重演？为什么不能不再开倒车？为什么仍旧有一批顽固分子在阻止人们做“为国家整纲纪，为法界挽声誉”的行为？……从这些角度来
001.李敖与“编辑室报告”.txt	118	3	199	陆啸钊先生所写的《安乐地死》，是一个我们迟早总要接受的新观念。我们只重视“养生”和“送死”（办丧事），但在生死线上，我们似乎没有予以合理的重视。我们只会用传统的“妇人之仁”的“慈悲”，去延续一个已经不能延续的生命，结果使生者和将死者都更痛苦，这却是何苦来？陆啸钊先生主张的“安乐地死”，是真正的“大慈大悲”的观念，它的表面似乎是“残忍”，但是有时候，没有“残忍”，就没有“大慈大悲”。（第七十六期）
001.李敖与“编辑室报告”.txt	138	3	150	“饮食男女，人之大欲存焉。”性是一种自然现象，中国古人并不讳言性，只有到那些腐儒的手里，性才变成不能形之于口的东西。从此性就披上了一层神秘的外衣，很少有人敢去接触这个问题，更谈不到去深入认识了，而一切罪恶也都在暗中摸索里产生了。我们却习惯地把这些罪恶都归咎于性，并且认定只要防止了性，就是防止了罪恶。
001.李敖与“编辑室报告”.txt	160	3	250	高等教育的怪现状问题，自从本刊七十三期起，由李敖先生“发难”以后，大家讨论得非常热烈。我们在七十三期的“编辑室报告”里就说：“我们希望和教育学术界接近的朋友，多多提供这方面的意见，使这潭死水，先激起一点浪花。”这期的《从一巴掌看辅仁大学》，就是一个小小的“浪花”。这是高等教育怪现状的另一面，我们不看这篇报导，想都想不到中国大学教育竟糟到这步田地！教会学校也竟糟到这种程度！我们希望吃得白白胖胖的教育部长，和吃得胖胖白白的红衣主教，都能积极有为的做点事，不要光是说些漂亮的神话来安慰我们。（第八十期）
001.李敖与“编辑室报告”.txt	169	5	295	在今天腐败的高等教育中，最代表落伍性质和时代倒车的，莫过于大学里的中文系和中国文学研究所。它们是现代思潮里的一个脓疮，一个非狠狠开刀一次不可的脓疮。自从《文星》提出高等教育怪现状的讨论以后，社会上的一些乡愿报刊和作者，居然也发表了一些迂腐言论，俨然以为这些迂腐言论可以解决中文系和中国文学研究所的死结，这真是笑话。周弃子先生这回忍不住了，他一言点破这个问题的症结所在，他点出这根本是一个起码的程度问题，这是很一针见血的言论。大家想想看，在今日各大学的中文系中，试看有几个不是“义和团”或“准义和团”分子？连徐复观之流都可以在大学中文系中滥竽充数，做黑牌教授，中文系怎么能不完蛋？（第八十期）
001.李敖与“编辑室报告”.txt	173	4	473	蒋匀田先生本来答应给我们写两篇文章，但是因为他就要出国讲学、研究，只好等到出国之后再写来，他并且还答应陆续给我们写些在国外的观感与见闻。他在2月18日写信给我们说：“我很羡慕美国大专学校鼓励教授出游的办法：每教课二年，得休假一年；同时又得学校之资助，出国旅行考察。对社会言，可以观摩异同，借助他山；对个人言，可以开拓新境，精益求精。因此，使社会不致落后于进步之社会，使个人不致孤立于文明之人际。此乃余今日筹措旅费于万分艰难之中，拟图远游美国之微意。”蒋先生这种随时求进步、求观摩的精神，使我们非常佩服。同时引起我们不少的感叹——感叹我们的“大专学校”的故步自封，不能协助真正的人才“出国旅行考察”。一般人总以为出国旅行考察是“镀金”，其实这
001.李敖与“编辑室报告”.txt	181	3	171	十一期的封面人物李普曼，美国总统约翰逊在12月1日，以一国元首之尊，亲自移樽就教，跑到李普曼家里谈了四十多分钟。我们读《孟子》，有这样的话：“故将大有为之君，必有所不召之臣。”再读《后汉书·杨乘传》，也有这样的话：“夫明主之世，必有不召之臣。”我们怎能想到，我们的传统文化、我们的传统理想，被我们干叫了两千多年结果，竟被西洋人表演得惟妙惟肖！
001.李敖与“编辑室报告”.txt	190	3	93	两百一十三年前（1749），在法国的一本权威杂志——《法国水星》（Mercure de France）上，出现了一页征文启事。征文的题目是：“科学和艺术的进步究竟败坏道德还是增进道德？”
001.李敖与“编辑室报告”.txt	195	3	85	多年以后，他在《忏悔录》（Les Confessions）里回忆这件事，告诉人们，这次应征对他一生的重大意义。他，就是卢梭（Jean Jacques Rousseau）！
001.李敖与“编辑室报告”.txt	201	4	101	〔后记〕李敖后来提醒我，当时有部分“编辑室报告”其实是陆啸钊写的，我因为“不详查”，所以就“陆冠李戴”了。我愿意为这个错误负上全责，但是为了了解“文星风云”的实况，我们也不用太计较作者是谁了。（韩妙玄）
002.《文星杂志选集》导言.txt	10	3	195	两个半世纪前，美国出版原野的开拓者彼得曾格（John Peter Zenger），为争取言论出版自由，因义受难，备历折磨，但在最后，法律和历史都给了他光荣的评价。萧孟能是中国的彼得曾格，在他全盛时代，我未对他有过一字之褒；现在他南美远引、垂老投荒，我愿公开这样说：不管罪名多可笑，不管路多窄、水深波浪多阔，发愿“须对历史交代”的萧孟能，不但已光荣确定他在历史的地位，并且光荣站在历史的前面。
004.“只要寻一个不受人惑的人”.txt	4	4	220	因此，八十年来，中国人办杂志，不受政治影响，而以“思想挂帅”带路的，《文星》杂志就变成凤毛麟角的一种。《文星》杂志为中国思想趋向求答案，在挖根上苦心焦思、在寻根上慎终追远、在归根上四海一家，定向方面的成绩，至今空前绝后，没有任何杂志能赶过它。这种结论，只要比较一下八十年来杂志的内容，就不难做出。在举国滔滔的政治洪水里，《文星》杂志不改本色，坚持“思想挂帅”，这一坚持是很不容易的。《文星》杂志最后为这一坚持而告溺毙，也正说明了这一不容易。
004.“只要寻一个不受人惑的人”.txt	6	3	249	为什么我使《文星》杂志走“思想挂帅”的路线呢？因为我深信应该思想领导政治，不该政治领导思想。思想是一切的根源，思想是冷静的、细密的；政治是狂热的、粗糙的。“政治挂帅”是权力挂帅，照英国哲人的说法，权力使人腐化，绝对的权力使人绝对腐化，为了避免“政治挂帅”的腐化与绝对腐化，必须从根救起，在思想上为中国人定向，使中国人从根上脱胎换骨，不再在思想上糊涂混乱。我深信，只有在思想上得救，中国人才能摆脱“愚昧无知的盲动”（ignorance in action），中国才能走上自由、民主、开明、进步的正路。
005.被封杀的《千秋评论》.txt	20	4	145	然而，《李敖评论》的消息传出，我们的梦也同时惊醒了，李敖已经彻头彻尾的改变。杂志是社会舆论，不是个人舆论：杂志从事探索真理的工作，不能成为真理独断的刽子手。《李敖评论》则毫无疑问的充满着个人主义、英雄崇拜的色彩，相对的则欠缺作为社会公器的基型。《李敖评论》何异于“个人评论”或“片面评论”？
005.被封杀的《千秋评论》.txt	29	3	214	4月5日《时报杂志》有楚深的《艺文扫描》，说“李敖积极筹备《千秋评论》”，“以李敖的才学和财力，加上他事事求精的性格，相信会在杂志界消沉的此时掀起高潮，经过这十年的思想锻炼，说不定李敖能从‘文星时代’重振成为李敖‘千秋时代’。”显然的，楚深太乐观了我的“重振”，而忽略了官方的“三振”，楚深显然忽略了：使李敖一蹶不振，是符合多方面的“国策”标准的：李敖是叛乱犯前科的资深异己，“国策”不打击他，还打击谁？谁会为他“违反国策”呢？
005.被封杀的《千秋评论》.txt	41	6	805	以上述的批评为例：整篇议论所系的基调，是建立在“据知”二字之上，由于“据知”“这份刊物将于民国七十年元月出版，杂志名称为‘李敖评论’”。所以，批评者要呼吁：“我们反对李敖办这份刊物。”作为一个现代的知识分子，在发表堪称立场严肃的谈论时，至少需要检视一下自己的资料，纯以“据知”立论，不得谓为负责的态度。我们虽不尽同意所谓的“唯证据主义”，胡适所提倡的“有一分证据说一分话，有九分证据不能说十分话”。在现代科学的方法论上，也显然已有不足与不妥之处，但负责的态度、严谨的定论，仍是以现代知识分子自居者，在著文立说衡人论事时，不可或缺的要件。事实上，看到该一批评后，我曾向李敖查证有关办杂志之事，李敖的答复是：杂志只在构想中，既未登记，亦未定名。
005.被封杀的《千秋评论》.txt	44	3	407	进而言之，提到道德，此间的知识分子往往会有宽以律己、厚以责人的表现，往往以为自己就是道德的化身、完美的象征，在世风日下人心不古之余，唯有他们自己是出污泥而不染的青莲，是入地狱而不悔的圣贤，精神上高高在上，裁判众生，而很少想到：无论中国或西方，道德的精神都与“恕”字血脉相连，意蕴相通，不妨信手拈来两个家喻户晓的例证，以资说明：《圣经》的“约翰福音”第八章，提到祭司与法利赛人命群众以石头打死一名行淫的妇人，耶稣就说：“你们中间谁是没有罪的，谁就可以先拿石头打她。”于是从老到少，张脉偾兴准备“以义杀人”的群众，一个一个都离去了。《论语》的《里仁》篇，提到孔子之道一以贯之，“忠恕而已矣”，而“尽己之谓忠，推己及人之谓恕”，更明白彰示了仁道与
005.被封杀的《千秋评论》.txt	46	5	670	在一个民主社会中，我们尤其要有容忍的精神。时至今日，至少形式上的容忍已有客观的标准，那就是法律条文，而精神上的容忍却缺乏充分的基础，因为那需要高度的道德自反意识。然而，知识分子倘无自省的能力与习惯，又何贵于成为一个知识分子？又何异于社会上一般随波逐流的大众？倘若由于李敖对于中国文化不宽容，对社会规范不宽容、甚或对于道德情操不宽容，因此我们此间的知识分子也对他的行径、他的思想，甚至他的文字不宽容，以“据知”的种种理由，施独断的道德裁判，那么，我们在内心深处，是否真如我们在口头上所表示的那样重视民主与自由呢？倘若我们在内心深处，确认为李敖归来后的某些作风或行为，法律不足以断定其是非曲直，而必须知识分子再施以舆论的、道德的评估，那么，我们
006.《万岁评论》缘起.txt	17	3	187	1966（民国五十五年）31岁。《孙逸仙和中国西化医学》、《传统下的独白》、《历史与人像》、《为中国思想趋向求答案》、《教育与脸谱》、《上下古今谈》、《文化论战丹火录》、《闽变研究与文星讼案》等书全被查禁。11月5日出版“李敖告别文坛十书”，在装订厂被治安人员抢走。《乌鸦又叫了》、《两性问题及其他》、《李敖写的信》、《也有情书》、《孙悟空和我》、《不要叫吧》等书全被查禁。
006.《万岁评论》缘起.txt	20	3	254	在国民党封杀《文星》后，不但不准我申请登记杂志，甚至我的朋友陆啸钊等也一概不准，当时陆啸钊去拜访内政部掌管出版事业的熊钝生处长，熊钝生就明告他不准之意（十六年后，我在高信疆家偶遇熊钝生，这时他早已垮台了，他还劝告我小心，认为国民党会整我。他的谈吐与常人无异，一点也无复当年的国民党了。这就是我常说的国民党只是上下班的，下午五点半下班后，就不是国民党了，第二天早上八点半，再上班做国民党。国民党的个人，并不那样坏，只是一上了班，就会集体作恶了）。所以，对我说来，我不是不想再接再厉，只是一点机会和帮手都没有了。
006.《万岁评论》缘起.txt	21	3	240	《文星》被封杀以后，我陷入十四年的大霉运，欲卖牛肉面而不可得，这是又一段一个人跟环境斗、跟环境苦斗的历程。这段历程，包括了做苦工与坐牢狱，凄楚而惨烈。结论是：我还是我，李敖没有变。1979年我复出后，有两次跟一大堆大学生谈话，有些不知天高地厚的小毛头，当场指摘我，我笑着说：“我从大学毕业到今天，正好二十年，不论环境怎么打击我，我顽强得很、坚定得很，我没有变。我一个人，在跟团体斗，二十年下来，我还在斗。你们呢？毕业后能继续斗五年，不改本色，还要斗下去，还能斗下去，我就服你们！”
006.《万岁评论》缘起.txt	23	3	134	首先是舆论对我的封锁，《中国时报》的高信疆，终于受到压力，要他在国民党全会期中，停刊我的文字一星期。于是，在“美丽岛事件”前四天，我写信向高信疆辞去专栏，一方面多谢他“这半年来对我的道义支持”，一方面抗议某方面“直接间接扼杀异己的言论，究竟要闹到什么地步才同归于尽？”
006.《万岁评论》缘起.txt	24	5	493	舆论封锁以后，接着是舆论的斗臭，其中最突出的，就是鼓动胡茵梦表演“大义灭亲”，各路人马为了嫉忌李敖、斗臭李敖，居然认同了胡茵梦这种连共产苏联、纳粹德国都怂恿不出来的离奇模式，居然不警觉胡茵梦的“不义灭夫”行为是“违背善良风俗”的、“违反公秩良序”的，甚至与他们“复兴中华文化”的目标绝不相容的，这种“打倒李敖统一战线”，不是太邪门了吗？（胡茵梦在跟我同居时候，国民党就开始封杀她，其中最明显的是国民党中央电影公司逼她拍不成戏。直到她做伪证，毁掉李敖，国民党才让“浪女回头”，给她主持金马奖等做酬佣。在她被封杀的过程里，有一次国民党文工会主任楚崧秋请我吃饭，我笑问他为什么从胡茵梦写《特立独行的李敖》起，你们就秘密行文中影，对她警告？楚崧秋佯
006.《万岁评论》缘起.txt	26	3	176	当《疾风》杂志系统，鼓噪在中泰宾馆之外的时候，眼看而来的，就是对异己法律上面的斗倒；当《疾风》杂志系统，乃至《黄河》杂志系统，鼓噪在高等法院内外的时候，眼看而来的，同样的对异己“政治问题，法律解决”。于是，在选举前夕，在李敖《千秋评论》杂志执照拿到后一个多月，高等法院就快马加鞭的从无罪判到有罪。于是，舆论与法律的双杀局面——从斗臭到斗倒，就前后完成。
006.《万岁评论》缘起.txt	32	3	234	《千秋评论》如今已出版了二十八期，一般都是按每月一册出版着，由于国民党不断的抢书、查禁，为了捉迷藏和出奇兵，出书日期难免有“经期不调”之处，但在大体上，这一“李敖每月一书”的宿愿，我终于能够达成了。不但达成，并且继续立于不败之地，在波谲云诡之中、在纵横捭阖之下，每月使亲快仇痛，煞是好看。美中不足的是，《千秋评论》都是每月李敖个人的独角戏，李敖的朋友们的一些优秀作品，限于篇幅，无法多所带动。这一美中不足，我决心从1984年起予以补救，补救的方法就是出版《万岁评论》。
006.《万岁评论》缘起.txt	33	3	271	因为《千秋评论》四个字，早已是被吊销了的杂志名字，所以《李敖千秋评论丛书》八个字，才是正式的称呼。可是两年来，不论是官方的文件，还是民间的用法，多把《李敖千秋评论丛书》简称做“千秋评论丛书”或《千秋评论》，并把丛书的“册”数比照杂志的“期”数来计算它，连警备总部的查禁文件上都不例外（事实上，警总每月把它放在杂志组审查，以便能够速查速禁）。一开始我本人还是相当维持《李敖千秋评论丛书》的正式称呼的，但是后来我也“吾从众”了，我也《千秋评论》起来了。以此类推，《万岁评论》正式称呼该是《万岁评论丛书》，正名与否，悉听尊便，蛋头们自然不必拘泥也！
006.《万岁评论》缘起.txt	34	3	296	《万岁评论》的成书方式，是每月由我和朋友们合著完成，虽然文章各自独立，内容各自负责，但是声应气求，自然也有它人同此心的“共识”，正所谓“大家一起叫”者也。我盼望朋友们把最精彩的作品投给《万岁评论》，大家“以文会友”，为苦难的时代，多留下些鸿爪遗痕。一千四百多年前的萧恭说：“……历观世人，多有不好欢乐，乃仰眠床上，看屋梁而著书，千秋万岁，谁传此者？”《万岁评论》的著作人，理该正是这种不可救药的理想主义者，大家“知其不可而为之”，以“朝闻道，夕死可矣”的怀抱，期待一时一地的风光、和千秋万岁的传世。一千三百多年前的西班牙学者兼塞维利亚（Seville）大主教伊西多尔（Isidore）说得好：
007.挂“千秋”羊头，卖“万岁”狗肉.txt	8	4	322	《万岁评论》并入《千秋评论》后，编号从《李敖千秋评论丛书》第六十七期开始，原来《万岁评论》书名及编号，都告一段落。乍看起来，大家在《李敖千秋评论丛书》旗下写文章，似乎和“李敖”两字有所混淆，其实不可做这种牛角尖式解释。古往今来，用一个人名字挂羊头卖羊肉也卖狗肉者，例不在少。《密勒氏评论报》（The China Weekly Review）旗下，非全密勒氏之作也；《王榕生时装》旗下，非全王榕生之作也。密勒氏虽死、王榕生虽“投匪”，此理不可易也。所以，在李敖没死、没“投匪”以前，《李敖千秋评论丛书》的招牌，实在可以大用特用你用我用。就便是将来李敖改了行，去“金银岛”做了海盗，这一名称，仍可留给大家，共襄盛举。《商业登记法》第28条不亦云
008.《千秋评论》一百期期期期期期.txt	2	4	211	我曾自谓“五十年来和五百年内，中国人写白话文的前三名是李敖，李敖，李敖，嘴巴上骂我吹牛的人，心里都为我供了牌位”。我为什么如此不谦虚？如此写实？原因无他，实在是因为真写得好。并且，写久了，艺高人胆大，大手笔了，文章一下笔，就放得开，愈写就愈恣肆了。例何须远求，就拿这篇文章的题目来论，“《千秋评论》一百期期期期期期”，一个题目，一连六个“期”字摆在一道，这种学问、这种文字、这种章法，古往今来的中国人，哪个敢这样不期而遇？
008.《千秋评论》一百期期期期期期.txt	4	3	499	“期”字在中文里，又是白话、又是文言、又有历史、又有考据，只有学贯古今的李敖、笔下纵横的李敖，才敢这样期我乎文中。《史记》记刘邦想废太子，改立戚姬生的如意为太子，周昌反对。周昌口吃，盛怒之下说：“臣口不能言，然臣期期知其不可！陛下虽欲废太子，臣期期不奉诏！”《资治通鉴》录此原文，删掉“虽”字。无知的柏杨翻译成白话，竟翻成：“我口不能言，然而我期期知道不可以，陛下要废太子，我期期不接受命令。”这叫什么翻译！太可笑了！“期”字在这里明明是“极”的意思。《朱子语类》有这样一条：“先生曰：‘期，极也。古人用期字，多做极字。周昌云：心期期知其不可。言极知其不可。口吃，故重一字也。’”这才是正解。周昌的真正意思是“我极……极知道这可不行”、“我
008.《千秋评论》一百期期期期期期.txt	7	4	319	如今，八年下来，国民党气数已尽，土匪之风稍戢；我则守死不去，文坛山大王之势如虹。在《千秋评论》出满一百期之日，写此文志盛，自然得意非凡。照《礼记》说法，人活百岁，是为“期颐”，期谓百年、颐为当养。《千秋评论》是书不是人，但它生于忧患，是典型的忧患之书，今兹百期，也寿同“期颐”，只是命苦，虽上寿而不得闲，要自己养自己而已。忧患之余，写成此文，以“《千秋评论》一百期期期期期期”为题。六个“期”字中，头一个，是书刊第几期的期；第二三个，是“每一期都”如何如何的期期；第四五个，是“期期知其不可”的期期；第六个，是“期颐”（期而不颐）的期。这样子一阵期期不绝，真是爽也。《诗经》有云：“君子于役，不知其期。”李敖之于《千秋评论》，其此之谓欤？
009.《千秋评论》停刊告白.txt	5	3	390	我出狱后，每月用《千秋评论》打击以国民党为主轴的魔鬼，从戒严打击到解严，一路打击不休、难分难解。国民党自然负隅顽抗，从第一期就予以抢劫查禁起，第十一期、第十六期、第二十二期、第二十六期、第二十七期、第二十八期、第三十二期、第三十四期、第三十六期、第三十八期、第三十九期、第四十期、第四十三期（下册）、第四十四期、第四十五期、第四十六期、第四十七期、第四十八期、第四十九期、第五十期、第五十一期、第五十二期、第五十三期、第五十四期、第五十五期、第五十六期、第五十七期、第五十八期、第五十九期、第六十期、第六十一期、第六十二期、第六十三期、第六十四期、第六十五期、第六十六期、第六十七期、第六十八期、第六十九期、第七十一期、第七十四期，均予以抢
010.乌鸦的心愿.txt	3	3	376	我生平写作虽多，却始终没办过自己的杂志。过去主持《文星》杂志，是鹊巢鸠占，不算是自己的杂志。《文星》被封后，我申请不到杂志执照，后来坐牢，一连十四年大霉运，离办杂志越来越远。十四年后复出，在1981年申请杂志执照，行政院新闻局在该年4月18日按《出版法》第9条给了我《千秋评论杂志》执照，但在一个多月以后，却又快速按《出版法》第11条“技术击倒”（T. K. O. technical knock-out）了它，使我因冤案入狱而不得为杂志发行人。如今对方已因诬告我，被最高法院判处徒刑，在冤情大白之下，我又出了难题给行政院新闻局——李敖又要办杂志了。行政院新闻局一定想尽五堵、七堵、八堵的法子来堵塞李敖，陷我于狱，可是我不在乎。我现在又申请
010.乌鸦的心愿.txt	5	4	471	四百年来，台湾在外国人、外省人、本省人的相激相荡下，已经变成了一个畸形的、肤浅的、荒谬的、走火入魔的岛，这虽然没有威尔斯（H. G. Wells）笔下《莫洛博士岛》（The Island of Dr. Moreau）那样光怪，但它的陆离，却超乎英国先知者的先知之外。我身处这样子的岛上四十年，虽然不见容于朝、不见知于野，但是独来独往的气概，“我手写我口”的气魄，却老而弥坚。这次出来办《乌鸦评论》，就是要在众口一声的时代里，刮刮大叫一番。我要痛斥政局的黑暗、政党的腐败、群众的无知、群体的愚昧、思想的迷糊、行为的迷信、社会的疯狂、知识分子的失职与怯懦……我绝不怕得罪人，也绝不媚世，台湾所有杂志都是媚世的，可是我就不信邪，我就是要办个“谴责
011.《乌鸦评论》休刊告白.txt	5	3	83	四、《乌鸦评论》创办五个半月来，赚了约二十万元，特移此款，贴补我新编的《拆穿蒋介石》一厚册。《乌鸦评论》订户每位赠送一册，以为答谢；其他读者则可以较廉书价，买到此书。
013.一张报，打倒你！.txt	8	3	112	而1938年4月18日的《新华日报》社论，不过以“论国民参政会的职权和组织”为题中，一句“这一民意机关，要真能包括抗日各党派各军队各有威信的群众团体代表”的话而已。蒋介石防人之严、文网之密，光此一秘件的曝光，即可令人领教矣！
014.生公说法鬼神听.txt	5	3	110	这诗里所说的“生公”，是中国梁代高僧，名叫“竺道生”，他生于4世纪的355年，死于5世纪的434年，巨鹿人。他曾讲经于苏州虎丘，大家不信他，他就堆起石头，对石头开讲，讲得石头都点头了。世遂有“生公说法，顽石点头”的传说。
015.《求是报》是知识贵族最便宜的报.txt	7	4	252	在定价方面，因为《求是报》先天上即缺乏上述的种种支持，财力十分不足，所以要靠读者的支持。定价上，采用台湾地区最高一级的定价，也就是《英文中国邮报》（China Post）、《英文中国日报》（China News）的定价，每份十二元。创刊期间，每份优待十元。在决定定价的业务会议中，发行部门向我表示：“一大张卖十二元，是不是太贵了？”我说：“便宜了又怎样？国民党财阀支持办的报，四大张才卖五块钱，你怎么跟他们比？你定价到一大张五块钱，不懂事的读者还是买了报纸要骂干你娘。——娘既给人干了，还是卖十二块吧！”
016.李敖谈《李敖的报纸》.txt	7	3	257	“《求是报》的一个‘特点’是：旧闻比新闻多。李敖性喜揭他隐私，也以此成名；他所搜集的名人恩怨隐私资料，全国无人能出其右，而他也将这些资料尽可能用到他的报纸里。譬如最近吵翻天的华隆案，各报莫不是在谈张建邦的今日，包括他在交通部长任内的好坏表现；唯独李敖一人大谈三四十年前的张建邦，包括绘声绘影的‘逼母上吊’情节。李敖似乎不太了解，每个人都有过去，每个人的现在和过去也未必相同；假如一个人的今天已不同于往昔，何必老揭人家的过往旧事。李敖至今每论起胡佛、陶百川等人，也只能谈论彼等不太光荣的一段尘封经历，此外再无新义。”
016.李敖谈《李敖的报纸》.txt	8	5	821	陈先生写这些话，首先就暴露了他根本没好好看《求是报》。《求是报》创刊之初，早都声明在先，这个报纸不屑于和一般报纸一样。《求是报》只有一大张，篇幅珍贵，如果一个案子出来，《求是报》谈的，都是陈先生所谓“各报莫不是在谈”的内容，和别的报纸千篇一律，那又何必多此一报？陈先生要“谈张建邦的今日”即可，但是，不温故，又何以知新？《求是报》从张建邦当年“逼母上吊”追踪起，正帮助读者了解，正因为过去有个不仁不义的张建邦，今天才有个不三不四的交通部长！今天台湾人民所以这么蠢、这么容易被国民党、民进党、及一般报纸所骗，原因之一，就是健忘、就是只看眼前、只知道眼前，完全忽略了策往以知来的作业。陈先生说：“李敖似乎不太了解，每个人都有过去，每个人的现在和
016.李敖谈《李敖的报纸》.txt	11	6	386	在这里，陈先生又以两性专家姿态出现，评论起我跟胡茵梦的离合问题来了。这又显示了他根本没好好看《求是报》，把我跟胡茵梦的事，施以影剧新闻式的市井评论了。殊不知我写《我与胡茵梦》，副题明说是“李敖自传与回忆外一章”，是传记式文字，其中一部分，述及胡星妈伪造学历等事，是实事求是的写法，如果只写好的，不写坏的，难道才满陈先生的意么？我认为那反倒是可耻的。至于说我“长年记恨”，也是陈先生一孔之见。我若“长年记恨”，为何《求是报》中会登出我和别人赞美胡茵梦的文字？陈先生若对胡茵梦当年以妄语中伤李敖、以伪证陷害李敖致陷李敖冤狱的事略有所知，理应惊叹李敖的“雅量修养”，确为“普通男人”所难“拥有”的。——我感谢陈先生不拿我同“普通男人”看待，我以我
016.李敖谈《李敖的报纸》.txt	14	3	537	我早在主持《文星》杂志时代，就有“旧文新刊”一栏，原因是我见多识广，新刊旧文，在帮助读者能够习用前述的历史方法。目前我办《求是报》，为了同时增加读者对新闻事件背景资料或参考资料的速成，我也酌予“旧文新刊”。而这些旧文，大多以我十年来的作品为主。我的书，十年来被禁九十六种、被搜十一万七千六百册，在国民党政府大力封杀下，流传大受影响，很多文章虽然写了，可是读者看不到。所以在《求是报》创刊后，为配合新闻事件，也偶推陈出新，以广流传。英国大儒约翰·穆勒（John Stuart Mill）说一个真理未广为人知之时，我们要不断重复这一真理，我的用意，亦即在此，当然所有广告商的用意亦然。这一旧文新刊，对十年来能在查禁苦况下买到我的书的老读者，或有
016.李敖谈《李敖的报纸》.txt	17	3	307	在扒粪上，《求是报》一直在做，除了历史方法的外，“现代的粪”，扒的火候，是一般报纸瞠乎其后的。即以扒长荣集团而论，台湾一般报纸，哪个敢？再以扒蒋纬国丑史而论，《求是报》请人两度赴苏州，扒出蒋纬国遗弃母子的行径，又哪个报做得到？不过，蒋纬国若照陈先生的是非标准——“三四十年前的旧事，除非具有重大史料价值，其余私人恩怨就让它随风而逝吧”的标准，自然会怪我多事、自然会继续不认亲下去。只可惜蒋纬国和陈嘉宗爽了，人家被遗弃了可怜的母子，又如何呢？陈先生口口声声要求“你必须有一些新东西才行”，真不知还要怎么新，被蒋纬国掩埋了五十多年的私生子，被《求是报》挖出来，陈先生怪不够新，难道非扒出个产科病房新生儿出来，才算新吗？
016.李敖谈《李敖的报纸》.txt	20	3	146	陈先生这番话，乍看公道，其实又何尝不“小化”了《求是报》？《求是报》是特立独行的大丈夫报，从“不奉正朔”开始，它是中国唯一一家谁都敢骂、真正无党无派的报，它有几十项优点与特色，却只被好文而色不盲的陈先生看到了区区两点，并讲评说从内容批判，虽不算菜，也没有特别好到哪里去。”这种公道，多有趣呀！
016.李敖谈《李敖的报纸》.txt	21	5	264	更有趣的是，陈先生文章最后，居然改起李敖的文章来了。令我想起几年前《扫荡周刊》主持人大登广告说他文章比李敖写得好的妙事。人间妙事，本来甚多，班门弄斧，亦属常情。但是鲁班门前，只好弄斧，不宜真的动手去做木工，更不可妄想“修删去赘”（陈先生这四个字就不成中文之辞！），妄想改祖师爷的作品。祖师爷就是祖师爷，他本人可以不说一句话，但是旁观者会大笑弄斧者不自量力，弄斧者自彰其丑而已。什么时候，《民众日报》重金礼聘，请我到高雄讲一次“中文修辞学”的演讲，也许我会当众点化陈先生，你的不通在哪里。——你什么不好比，要跟李敖比中文，你疯了！
018.《李敖求是评论杂志》发刊词.txt	4	3	359	《李敖求是评论杂志》虽是杂志，但它的使命，在“成一家之言”，一家之言并不是我一言，而是把特立独行之言、震聋醒聩之言、“虽千万人，吾往矣”之言，不论古今、不论中外、不论新旧，都有以召集，形成光束与弹花，为中国开道、为中国人导向。中国人混蛋混蛋满天下，上自高等知识分子、衮衮诸公；下至匹夫匹妇、贩夫走卒，滔滔皆是混蛋、到处都是混蛋。在这种世风下，第一流的思想家站出来，以实事求是的论证，说点明白话、主持一些公道，这是起码该有的独来独往。《李敖求是评论杂志》就是在这一抱负下创办的。这是全中国唯一一个崇尚真理、全说真话、专讲是非、没有党派的杂志。我敢说，看了它，中国任何刊物都“不够看”、都“何足数”了。——浅人看来，这种开场白有点吹牛；但真正有
