file	paragraph	triggers	chars	snippet
001.景福门，你们来个屁！.txt	5	dialogue	353	最近北京天安门前风起云涌，大陆学生与人民，为争取自由民主，波澜壮阔，蔚为奇观。相形之下，台湾地区的委琐畏葸，显得不成一比。国民党老脸兜不住，乃由巧宦施启扬出面，召集行政院大陆工作会报，徒以空话，加以声援。在上者粉拳绣腿如此，在下者自然希旨成风，也就纷纷绣花枕头而出。其中最恶心人者，是今早看报，有所谓国立中山大学教职员发表的支援大陆民主运动声明。该声明由马屁诗人余光中主稿，最后说：“台湾的社会近年来颇以民主自许，自由自豪。难道我们在争取两千万人的民主与自由之余，竟然无视十亿同胞的民主与自由吗？……天安门广场的胜利，是
002.中国双城记.txt	6	person	67	虽然这回付了惨痛的代价，但从长程的观点看，血也没有白流。在流血中，有一个重要的心态，我们应该记取，那就是不要太感情用事、不要在乎牺牲。
002.中国双城记.txt	7	dialogue	311	为这种心态提供最明确点化的、把握住最正确心理准备的，是圣雄甘地。甘地在献身与反抗的开始，他就首先认清牺牲是不可避免的、牺牲是必要的。甘地在南非从事与黑暗政府周旋的年代里，他领导南非的印度人，用大批入狱来表示他们的消极抵抗。在消极抵抗中，有七十五岁的老太太哈巴津（Harbatsingh），受不住煎熬，死在狱里；有十六岁的小女生维丽玛（villiamma R. Mudaliar），受不住苦炼，丧生鬼门。维丽玛是印度人的安妮·法兰克，她临死前，甘地跑去问她感觉，她说：“我不怕死，谁不愿意为祖国而死呢？”她死后，印度人为她
003.北京滥杀，台北滥情.txt	2	example	257	昨天晚上应台大学生会邀请，在全校处处为天安门滥杀满挂丧祭布条下，发表演讲，我不客气的指出：高等知识分子不可以跟着国民党传播媒体，如此滥情。我认为目前台湾朝野这些举动，只能自己过瘾、自我慰藉而已，对大陆实在“无能为力”，因为大陆那边，得不到任何实惠，如果有什么实惠，我看也是自己享用了。例如到处捐血，捐了半天，送不出去，现在卫生单位负责人已笑脸上电视，说这些血送不出去，只好留在台湾自己用了，台湾血库正缺血呢！由此可见，真相不过如此。又如搞什么一人一报空投大陆，也全是做秀，送报纸，报社存报多得是，何必如此麻烦？……
003.北京滥杀，台北滥情.txt	4	once	348	在北京方面，我指出它的特色是滥杀。不过，别忘了共产党的滥杀，是跟国民党学的。国民党清共之日，所滥杀的人，在江面上全是浮尸、在蒋介石脚下全是人头。以徐复观为例，他当年就被当成共产党绑赴法场。一个说法是：当时死刑犯有名册，十行纸上每页十行，每行十名，因为死刑犯太多，执行时来不及一名名勾勒点决，只好用朱笔在十行纸上一一杠过，代替一名名清点。一次杠到最后，执事者为了迷信的理由，留下最后一名不杀，正巧此人是徐复观，因而留下一命。徐复观的说法是：当时有朋友见到，驰告陶子钦解救，方得死里逃生。逃生后摇身一变又成了军法官，列入杀人
004.双城外记.txt	4	story,person	83	6月7日我在台大演讲，特别请苏荣泉上台讲这个故事，以其寓意甚深，值得广为流传也。苏荣泉说这些学生们没有一个以为共产党会开枪，“不识庐山真面目，只缘身在此山中。”悲夫！
004.双城外记.txt	5	story,hear	158	另一个可悲的故事是陈又亮从美国打电话来告诉我的。他说在北京二十二楼，就是部长副部长级等高干住的楼房，这回遭遇了池鱼之殃，流弹射杀了八楼的一位三十岁的家属。可是家里人首先做的事，却是敲门找来对门的民政部长作证，证明死者纯系在家被误杀，并非上街搞反革命活动而被杀。——死者已矣，可是政府不可误会生者，而剥削生者的权益也。
004.双城外记.txt	9	dialogue	156	反攻大陆是一种梦呓，但另一种梦呓，这回却应运而生了。国民党学人丘宏达，6月5日发表高论，说：“现在参与暴力屠杀中国人民的人，必须绳之以法，不论将来逃到天涯海角都必须逮捕回来治罪。在这方面中华民国政府必须请立法院尽快通过法律，凡是涉及此次暴行之中共人员，均不适用刑法上追诉期间的限制，并且将来处刑以后，不得假释。”
005.别信“匪情专家”.txt	2	hear	109	昨天午前陈又亮自美国打电话来，告诉我北京清华大学学生在天安门广场散发《李敖论五四》一文的事，两人顺便聊起北京的情形。陈又亮是我台大小老弟中最慧黠过人的，跟他聊天，相激相荡之下，每多妙悟。挂掉电话，我就立刻想写这篇文章。
005.别信“匪情专家”.txt	6	dialogue,example	187	例如王昇、任卓宣（叶青）旗下的“匪情专家”马璧，当年固一世之“忠贞”也，可是，就在他大喊“反攻复国”之际，他却先行反攻倒算、投奔大陆去也！又如“匪情专家”万大鋐，他为人比马璧高明一百倍，但是仍不得不出之以回归。他在大陆，当中共封疆大吏问他“你居然敢回来”的时候，他坦然回答说：“我研究你们这么多年，我当然敢回来。”——“匪情专家”深通自保之道如此，吾侪小民，真不得不佩服也！
005.别信“匪情专家”.txt	7	joke	107	除了对“匪情专家”的个人进退、敢不拜嘉之外，所谓“匪情专家”，对我们实在并无更多的权威性。可恶的是，国民党的“匪情专家”却整天被请出来指导我们，为我们导向，甚至为国民党自己的封疆大吏导向，于是许多笑料，就脱肛而出。
005.别信“匪情专家”.txt	8	example	286	例如所谓“反攻大陆”的问题，在国民党党中央四十年前提出“一年反攻”“两年反攻”之后，就一直是“匪情专家”无法面对的问题。在雷震《自由中国》半月刊最后点破反攻无望的时候，“匪情专家”就大肆抨击，认为是“公然散布失败主义的思想”！但是，迟迟不能反攻，直到1959年5月19日，由国民党总裁演讲“掌握中兴复国的机运”时，宣布“再过十年”，也就是到了1969年，“超过了‘十年生聚，十年教训’的期限，还不能反攻复国的话，那就任何希望都要破灭了。”在这一宣布后，1969终于到来了，反攻的希望，按照“总裁言论”，已经破灭，则“公然
005.别信“匪情专家”.txt	9	example	160	虽然事实已经如此明确，但是，我们仍未看到“匪情专家”们有丝毫像样的惭愧与反省。流风所及，一片虚骄之气，间歇犹在朝野人心之中。例如这次天安门事件，俞国华竟然有反攻大陆的表示，而《中央日报》的采访中，也不乏党国小员表示“反攻大陆的时机已经成熟了，为何还不采取行动”的激动之言，可见国民党的“匪情”教育，还有待“大义觉迷”也！
006.从橘子汁到洋酒.txt	2	story	350	6月11日我在《世界论坛报》发表《双城外记》，提到这样一个故事：文星书店有限公司董事长兼李敖出版社董事长苏荣泉，6月4日从北京天安门归来，据他实地了解，天安门广场的学生中，固然有绝食等悲壮表现，却也有另一种现象，可以观察他们的艰苦。有外地来的学生，在天安门前可以享受到香港方面来的免费补给品，可喝到每罐价值三块两毛五的可乐和四块五的橘子汁。而他们的工人工资，每天才四元，学生比工人更穷。如此在天安门有得吃有得喝，无怪北京学生认为该见好就收、外地学生却不肯了。争取自由民主活动，未免抽象；但可乐、橘子汁却是实惠的。令人想起
006.从橘子汁到洋酒.txt	3	story,once	326	这篇文章发表后第二天，康宁祥主持的《首都早报》有了评论。评论以《资本主义流毒浸昏李敖的头？》为标题，指出我写上面这个故事，是“歪曲北京学运的精神”。评论的细部重点是：一、“曾经为追求自由民主而入狱的李敖，对大陆学生追求自由民主的热情却有不同的评价，他以‘民主鬼’‘自由魂’称呼殉难的北京学生。”二、“大陆学生为了争取自由、民主，不惜绝食抗议，甚至以肉身之躯与枪杆、坦克相抗争，其精神感天动地！见闻者莫不欢呼落泪，恨不能与之并立。”“然而，李敖却在昨（11）日的《世界论坛报》中，歪曲北京学运的精神。认为……”三、“李敖这
006.从橘子汁到洋酒.txt	6	joke	118	第二，说我“认为”喝橘子汁如何如何，也是康系报纸“不知逻辑推理与事实的存在”。因为事实并非我“认为”的；而是苏荣泉在天安门现场观察与目击的。把苏荣泉的现场观察与目击，当成李敖的“认为”，稍懂“逻辑推理”的人，一看就知道康系报纸闹了笑话！
007.大风起兮.txt	7	person	118	四、他提醒人们，学潮有美国介入。——“美国的可恶还是可以谅解的，因为没有一个帝国主义愿见中国强大，而最令人痛心疾首者，还是国家干部的贪污腐化、知识分子的愚昧无知不识大体，和台湾国民党数典忘祖甘做美国走狗，千方百计阻扰中国走向繁荣昌盛。”
007.大风起兮.txt	11	dialogue	76	在大风写这篇文章的同一天，他有信给我，说：“大陆学潮，是老共亲美及搞‘和平统一 ’所吃到的苦头。”这一提醒，也是清一色的台湾宣传下，所不得闻的一种声音。
007.大风起兮.txt	12	dialogue	375	到了6月16日，大风在美国看过我在台北演讲的录影带后，再写信来，他指出：“兄说：‘不要以为中共不敢打台湾，连韩战、越战及老美都敢打。’我要加一句：‘更何况一个美国的拖油瓶——台湾。’以我五次回国多方接触的感受，大陆朝野对‘和平统一’意见很多。尤其军方，主张‘干台湾’的大有人在。在此情势下，装孙子孬种、安分混日子，是台湾的上策，如再狂言乱语、刺激中共，甚至听命美国，兴风作浪，为大陆学朝煽风点火，无异是‘作死’！我看经此学潮后，中共的对台政策，就会由软变硬，‘白天邓小平，晚上邓丽君’，邓丽君永远是晚上的、软性的、黄色的
008.共产党饶你，我不饶你.txt	2	once	328	我女儿的外公——河南的王光临先生，年前郁郁死去，死时八十多岁，已属长寿，为何郁郁呢？因为他在开放探亲以后，仍不敢回家乡。他在家乡，官拜少将，为了革命，杀人无算。他在河南，地位一如蒋经国在江西的专员职务，生杀予夺，不在话下。为了革命的需要，连他的小舅子都被当成共产党杀掉，其大义灭亲气派，由此可见。逃到台湾后，王少将落魄，下放做台北县南港成德国小校长，大才小用矣！有一次为了接我女儿回来，与他发生冲突，他气得在电话中大骂：“你是共产党！共产党！共产党！”河南土话中党字发平声而不发仄声，听来每逢党字出口，都是男高音，闻之尤
008.共产党饶你，我不饶你.txt	3	dialogue	75	有人看到王少将那样想家，问他既然政府开放探亲了，何不回去看看？他摇头说：“共产党饶我，可是被杀的人的家里，若有人出来，给我难看，这张老脸怎么兜得住？”
008.共产党饶你，我不饶你.txt	8	dialogue	571	国民党报纸中，有这样的提示：“我们要特别留意的是公告中指出‘如果认为必须追诉的，由最高人民检察院核准’的但书，这和去年的公告所有犯罪不再追诉，显然有极大的不同，突出所谓‘历史罪行’的意义，显示中共在进行‘示好’的同时，仍不忘保留最后的法律处置权，以便能‘伺机运用’，这是有此‘前科’的国人在旅游探亲时不可不特别警惕的。”又说：“在六四事件发生，台海两岸关系微妙变化的此时，中共的此一动作值得注意。自从政府开放大陆探亲以来，国人前往大陆探亲、旅游的人数日多，因制度、法令不同所引发的种种纠纷也日渐增多。除去这些困扰外，最严
008.共产党饶你，我不饶你.txt	9	dialogue,example	420	国民党报纸中这些论述，有的部分，是有意误导的。例如它说“和去年的公告所有犯罪不再追诉，显然有极大的不同，突出所谓‘历史罪行’的意义，显示中共在进行‘示好’的同时，仍不忘保留最后的法律处置权，以便能‘伺机运用’，这是有此‘前科’的国人在旅游探亲时不可不特别警惕的。”事实上，在去年的公告中，共产党明说1949年10月1日以前“在大陆犯有罪行的”，“不再追诉”。对这个日期以后的，并没有提。今年的公告，则更宽大了，凡是这日期以后经过二十年的，一律不再追诉，如二十年后“认为必须追诉的”，也须“由最高人民检察院核准”才行。但这
009.寄语刘宾雁老乡.txt	5	once	407	索尔仁尼琴来台之初，曾经表示，他对“中华民国”不想预先了解太多，他要亲眼去看、亲耳去听，才能了解最真实的“中华民国”。但是，从他全部的行踪里，我们发现他显然都在浮面上走马看花，而不肯看看花下的泥土与阴暗，这样的“了解”，又叫什么“最真实的”呢？最令人奇怪的是，索尔仁尼琴十一天的行程中，从天上神像到人间造船，无一不看，但他为什么不看看台湾的“地狱第一层”呢？他写《地狱第一层》那本书，第五十四章描写美国一位大政治家的R夫人（罗斯福夫人）到苏联，还要参观参观他们的监狱，如今他自己，为什么这么一点人道的共鸣都不肯做一下呢？
009.寄语刘宾雁老乡.txt	6	dialogue	374	显然的，索尔仁尼琴显然没有对他们有任何感想，他的良知、他的仗义、他的道德勇气，显然都腐蚀在国民党及其同路人很技巧的安排之中，他不但看了特工人员为他安排参观的民宅、党务人员为他安排欣赏的电影，甚至和国民党文工会主任会面了。最后，在临行前夜，他甚至在国宾饭店十楼总统套房里，跟世盟荣誉主席谷正纲、立法院长倪文亚、总统府秘书长马纪壮、青年党主席李璜、民社党主席杨毓滋、国民党秘书长蒋彦士、政大校长欧阳勋、文建会主委陈奇禄、外交部次长钱复、新闻局长宋楚瑜、《中央日报》社长姚朋、情报人员王兆徽一干人等，大吃起“一生中最长”的晚宴
011.美国总统的请帖.txt	3	dialogue	193	消息传出后，国民党曲学阿世的花瓶学者照样发表了谈话，今早报上说：“台大教授胡佛今日凌晨在获知方励之被阻参加布希总统宴会后表示，……为了人类共同的价值与理想，美国固应关怀大陆人权运动，也是所有民主国家、世界人权组织所应关注的，海内外中国人，特别是知识分子更不能漠视。”“美国普林斯顿大学教授余英时，今天获悉方励之无法与会的消息后，直率批评中共对方励之的阻挠已失去理性，手段下流而且拙劣。”
011.美国总统的请帖.txt	4	dialogue	561	看了这些报导，立刻想起一件往事。那是1966年殷海光的一篇文字——《我被迫离开台湾大学的经过》，其中提到国民党“某部”（警备总司令部）阻止他与奥地利自由主义大师海耶克见面的事。殷海光回忆，1966年“9月20号海耶克（F. Hayek）教授来到台湾。土地银行董事长萧铮安排一个座谈会，约我参加，预定22号下午举行。21日下午4时20分，某总部该安全人员又来舍，问：‘土地银行董事长萧铮你认识吗？’我答称：‘见过一面，但并不熟。’他又问：‘海耶克你认识吗？’我告诉他：‘海耶克上次来台时，我们聚谈过一次。’他又问：‘你有没
011.美国总统的请帖.txt	5	example	215	殷海光生前，曾把这一回忆的一份稿本留存给我，如今方励之事件后，两相对照，真是余味无穷。在追求人权上面，殷海光比方励之艰苦多了。其中最大的艰苦，是在那恐怖的冰河期中，“美帝”是百分之百与国民党串通一气的，“美帝”连形式上的一点点邀宴，都不愿也不敢的。所以，在台湾，从未发生过美国总统下帖子请请人权斗士的事。如今在大陆，美国总统乖巧了，他总算在形式上表现一点点了，虽然中共立刻还以颜色而令宾主为之失色，但是有这一点点，也就聊胜于无了。
012.美国违反人权记录大曝光.txt	5	dialogue	66	新华社于3月30日发自北京的电讯说：《人民日报》今天应读者来信的要求，解答了美国至今没有参加或没有批准的六个人权方面的国际公约问题。
012.美国违反人权记录大曝光.txt	6	dialogue	414	新华社说：读者李君在信中写道：“看了3月27日钱其琛外长答美国《纽约时报》记者问，使我开了窍。美国经常谈论‘人权’，但它并没有批准或没有参加重要的关于人权的国际公约，理由是人权本质是属于美国国内管辖的，认为这些国际公约有的条款和美国法律有冲突。希望贵报介绍一下哪些关于人权的国际公约美国没有批准或没有参加，请列出公约的全名。”《人民日报》国际部在“答读者”一栏中答复说：“钱其琛外长提到的六个方面的国际公约是：一、《经济、社会和文化权利国际公约》，1966年12月16日通过；二、《公民权利和政治权利国际公约》，1966
014.库尔德真苦·美国伪善.txt	4	dialogue	166	在这之前一年，中情局的一份文件揭露了美国对库尔德族问题的偏激立场，以及华盛顿对伊朗国王言听计从的态度，而那位国王五年之后就被扫地出门。这份文件说：“我们认为他们（伊朗）不会赞同设置正式的（库尔德族）自治政府……（伊拉克）内部因为（库尔德族）拒绝放弃准自治地位而力量削弱。他们（伊朗）和我们都不希望这个问题能解决，不论是以什么方式。”
014.库尔德真苦·美国伪善.txt	5	dialogue	56	一位要求匿名的库尔德人领袖说：“20世纪70年代，美国政府为了支持伊朗国王以换取短暂的利益，就出卖了库尔德人。”
014.库尔德真苦·美国伪善.txt	10	dialogue	167	曾与库尔德人一同生活过的作家裴里特埃写道，库尔德人“一旦被镇压之后会再度揭竿而起，必须反复一再地弹压”。这种事“并不稀罕”。1953年到1971年间担任过伊拉克外交官的库尔德人杜斯基说：“我们总有办法达到目的。如果侯赛因能保住权位，或者侯赛因下台，别出来执政，或者反对派执政，我相信我们会争取到任何国家应有的权利，我认为那就是自治。”
015.魏德迈“客观”吗？.txt	3	once	309	《自由时报》登：“有中华民国长期友人之称的魏德迈将军，17日在华盛顿辞世，享年九十二岁。盖棺论定，魏德迈在历史的评价如何？淡江大学美国研究所所长李本京认为，魏德迈是个客观有风度的职业军人，他既不为共产党，也不为国民党，而是真正为中国人民的福祉着想，对于战时的中国有不可否认的贡献。……魏德迈在二次大战期间曾经担任先总统的参谋长，在他前任的是史迪威，由于史迪威的个性和他对国民政府的成见，并不适宜和蒋合作。魏德迈继承了史的职务与蒋公合作融洽，主要原因就在他是一个客观、有风度的职业军人。由于中美关系在史迪威时代相当的不融洽
016.简体字与“为匪宣传”.txt	2	dialogue	228	8月20日报上说：台北地检处将于24日上午，传讯人权论坛杂志社发行人刘千云、社长周自立等人，调查有关涉及为“匪”宣传的犯罪事实。由于《人权论坛》杂志以简体字刊载中共《政府工作报告》，而被行政院新闻局认为有为“匪”宣传嫌疑，移送台北地检处侦办。另外，据传世台会开会期间，曾有团体、个人散发简体字文稿，台北地检处亦将深入了解，有无涉及不法情事。根据《惩治叛乱条例》第7条有利叛徒宣传罪规定，以文字、图书、演说为有利于叛徒之宣传者，处七年以上有期徒刑，刑责不轻。
016.简体字与“为匪宣传”.txt	3	joke,example	880	行政院新闻局这一移送，本质上，就闹了两个笑话。第一个笑话是“为‘匪’宣传”的认定。《惩治叛乱条例》是1949年6月21日公布施行的，照四十年前的认定标准，今天国民党本身的许多宣传，就未尝不对叛徒有利。例如照《立法院公报》第七十五卷第二期刊出的行政院答复“何谓‘为‘匪’宣传’”的定义，原来是“依《台湾地区戒严时期出版物管制办法》规定，凡违背反共国策，刊登匪酋、匪干之作品或译著及匪伪出版物、匪酋统战谰言，转载左倾匪刊文稿，或对匪政治、军事、经济等各方面作盲目、夸大不实之报导者，即属为匪宣传。”如“为匪宣传”有这样大的涵
016.简体字与“为匪宣传”.txt	4	joke	149	另一个笑话是，行政院新闻局以用“简体字”为由，扭人送官，殊不知用简体字，又算得上什么罪状？何况1935年的国民党教育部，就公布了第一批简体字三百二十四个清单，这还是经国民党中央政治会议通过的，中共搞简体字，乃师国民党之故技而青出于蓝耳！行政院新闻局既无知又大惊小怪，所以笑话连台，邵玉铭真该下台了！
018.恶心到大陆去了.txt	4	hear,dialogue	439	这种恶心到大陆去了的杰作，在我看到4月7日的上海《文汇报》和《新民晚报》后，不但恶心未已，简直有点想吐了。《文汇报》以《儿时孕育的梦实现了——台湾著名作家三毛回大陆寻根》为题，报导说：“隔山隔海四十年，三毛终于如愿以偿，来到了上海，下榻在一直被她称之为‘爸爸’的张乐平先生家。”她坐在张乐平的画桌旁，发表谈话，说：“你们可能知道，我三岁多就离开了上海，那时我刚懂事，看的第一本书就是《三毛流浪记》，那个到处流浪，永远也长不大的男孩，对我影响可大了。许多年以后，当我在异国他乡写我第一本书的时候，我取笔名就用了‘三毛’这个
019.是谁自欺欺人？.txt	2	dialogue	326	8月11日《自立早报》上，登有一篇报导，大意说：新任南韩“驻华大使”韩哲洙，昨日在谈论有关南韩改称中共为“中国”一事时，轻描淡写地将之归因于“纯地理因素”，丝毫未顾及“中韩”仍保持正式外交之事实，因而显得这位甫上任的外交使节，其职前专业训练犹有欠缺。事实上，自20世纪80年代起，南韩与中共互相邀访的学者即迭次在研究报告中，建议将中共改称为“中国”，而南韩报刊杂志，更是早已奉行多时，其官方最近的“改名”之举，绝非偶然。称中共为“中国”，南韩可归因于诸如国家利益、国际环境、甚或世界潮流使然，却绝对不宜自欺欺人地妄称仅是
021.为“反共义士”进一解.txt	2	record,dialogue	150	“义士”一词，在中国有长远的历史。古书中《墨子》《庄子》《荀子》《左传》《战国策》中，都有这词儿出现，可见中国人对“义士”的尊重，是源远流长的。宋朝洪迈《容斋随笔》卷八“人物以义为名”条下说：“至行过人曰义，义士……之类是也。”照这一定义，义士云者，是“至行过人”的超人、高人与伟人，我们不可不注意。
021.为“反共义士”进一解.txt	6	dialogue	281	在《论语》中，圣人提出一个问题，他怀疑的问：“觚不觚。觚哉？觚哉？”翻成山东白话，他是说：“觚是有六个角的酒坛呵！现在觚没有六个角了哇！俺倒要问问：这是啥子觚呀？这是啥子觚呀？”这是孔夫子的“正名主义”。这个主义的特色是：使A恰如A，B恰如B，使万物各得其分，觚要觚、君要君、臣要臣、父要父、子要子；觚不要不觚而觚，君不要不君而君，臣不要不臣而臣，父不要不父而父，子不要不子而子；觚而不觚者，“觚哉”？君而不君者，皇帝哉？臣而不臣者，大臣哉？父而不父者，老子哉？子而不子者，小子哉？……如此类推，可得下式：“反共义士”而
021.为“反共义士”进一解.txt	14	hear	403	二十一年前，胡适听说我穷得当了裤子，特别写了一封限时信给我，并送了我一千元来赎当，我很感动，就写了一封长信给他，说出很多我个人的历史。胡适对我的信很欣赏，拿给一些人看，最后他拿给徐高阮看，徐高阮扣住不还，不久胡适死了。徐高阮遂在1966年11月7日，在一连串的文字斗臭之后，在台北妇女之家举行声讨李敖大会，“邀约了国青民三党人士和若干文化界的朋友三十人”（有陈启天、胡秋原等等），开会斗倒李敖。徐高阮等当场油印公布了我给胡适的信，说我是“叛逆分子”，并把我一状告到警总。警总保安处派魏以之组长主持，把我约谈多次，每次早出
021.为“反共义士”进一解.txt	15	example	7	红色变节者举例
021.为“反共义士”进一解.txt	16	dialogue	342	徐高阮是什么人呢？他是共产党支持的一二九学生运动的大将，他变节后，共产党派蒋南翔接他，蒋南翔后来就是中共的教育部长。徐高阮不变节，他在中共的地位，可想而知。但他变节了，投降国民党，在中央研究院做副研究员，可是写不出学术论文。李济等学阀大概知道他有“国特”背景，不敢惹他，让他管图书室。他有突然性狂怒症，发病时甚至将书架推倒，根本不是正常的人。徐高阮与殷海光在西南联大同学，殷海光主持《自由中国》时代，徐高阮又巴结又嫉妒，《自由中国》停刊后，徐高阮乃施报复，挑殷海光不小心误译的一个名词，联合胡秋原，指为“学术诈欺”，其实
021.为“反共义士”进一解.txt	19	dialogue	371	殷海光这里提到的这种人的心态，是最值得注意的。殷海光说：“这样背景的人物，置身今日的台湾，亟思有以自效，来医治潜意识里的恐惧并打破寂寞，这是无待弗洛伊德（S. Freud）来分析就可明白的。”这是画龙点睛之笔。徐高阮这种“反共义士”，由于他们过去是红色人物，“置身今日的台湾”，只有整天以自己戴过的帽子给别人戴，才能“医治他们潜意识里的恐惧”；只有整天用牺牲别人的方法来垫高他们的忠贞，才能“打破”他们空虚内心的“寂寞”。这种可怜、可恶、又可怕的心态，说破了，就是典型红色变节者的心态。“反共义士”中，如果他们原来只是普
022.革命·革命·反革命.txt	2	dialogue	174	国民党是性好革命的，共产党也是性好革命的，但是性好此道的祖师爷，却是主张国共合作的孙中山。孙中山“致力国民革命，凡四十年”，一生以性好革命自豪。孙中山在1920年（民国九年）对美国议员团说：“诸君今天欢迎本大总统，要欢迎本大总统的性质！本大总统的性质，生平是爱革命的，诸君要欢迎本大总统革命的性质！”这一谈话，真有奇趣，说孙中山性好革命，不亦宜乎？
022.革命·革命·反革命.txt	24	dialogue	190	相对的，国民党在沐猴而冠的久占“天子”的法统以后，在法律形式上，最后把反革命狂收敛了，但它的革命狂，却一直折腾个没完。国民党发明了革命分期任务，有第一期、第二期、第三期，现在正是所谓第三期，真是《阿Q正传》中老尼姑所谓的“革命革命，革过一革的”了、革上瘾来了、革个没完没了了。其实这真是荒天下之大唐！这一荒唐，三十年前左舜生写《哥德论革命》时，已站在国民党立场慨乎言之。左舜生说：
022.革命·革命·反革命.txt	27	once	72	从前国民党在大陆秉政已达二十年，我每每听到一般要人们，在讲台上发表言论，还是满口的“革命”，“革命”，当时我总觉得奇怪：究竟叫谁革命？革谁的命？
023.劝君读篇古书.txt	1	record	6	劝君读篇古书
023.劝君读篇古书.txt	2	record	90	现在人心大坏、国文程度也大坏，古书简直没几个人读了。因为要去台中办两天事，所以今天连写六篇文章。写到这第五篇时，忽然想到，何不带读者读篇古书呢？换换胃口，不也很好？于是就这么办了。
023.劝君读篇古书.txt	3	record	18	这篇古书是《史记·陆贾传》中的两段。
023.劝君读篇古书.txt	5	dialogue	717	“及高祖时，中国初定，尉他平南越，因王之。高祖使陆贾赐尉他印，为南越王。陆生至，尉他魋结（把头发做成髻状而结之，做两广土人打扮），箕倨见陆生（伸出两腿，坐没坐相以见陆贾，表示无礼）。陆生因进说他曰：‘足下中国人，亲戚昆弟坟墓在真定。今足下反天性、弃冠带，欲以区区之越与天子抗衡为敌国，祸且及身矣！且夫秦失其政，诸侯豪杰并起，惟汉王先入关，据咸阳。项羽倍约，自立为西楚霸王，诸侯皆属，可谓至彊（强），然汉王起巴蜀，鞭笞天下，劫略诸侯，遂诛项羽灭之。五年之闲（间），海内平定，此非人力，天之所建也。天子闻君王王南越，不助天下
023.劝君读篇古书.txt	6	record	160	这篇古书最引人注意的，是外省人到了广东广西，居然要搞两广独立了，他一切都原住民化，认同得惟妙惟肖，预备大过其小朝廷的瘾。不料好梦不常，中原派来了令他眼界大开“日闻所不闻”的陆贾，告诉他你有的部队“不过数十万，皆蛮夷”，又局促穷山恶水之间，面积不过是中国的一个“省”，你怎么跟中国比呢？赵佗是聪明人，他权衡利害，不敢闹了。
023.劝君读篇古书.txt	8	story	22	两千年后我们看南越的故事，总该领悟到些什么。
024.台独、台独，半苦为谁独？.txt	6	dialogue	91	张仪被苏秦善意的摆了一道，他感慨说：“嗟乎！此在吾术中而不悟。吾不及苏君，明矣！”张仪能及时猛省，正是他的聪明。玩政治的人，就是要这样聪明才成。不怕一开始笨，笨而能改，就是聪明人了。
024.台独、台独，半苦为谁独？.txt	8	joke	76	有个笑话说，一个外国人，中文学得鸦鸦乌，一天去看中国朋友，被朋友家门口的狗给咬住。他不会用中文“咬”字，乃大叫：“救命啊！你家的狗，在我的小腿上吃饭！”
024.台独、台独，半苦为谁独？.txt	11	dialogue	364	二十多年前，蒋纬国的小舅子丘延亮涉及叛乱案，关在景美军法处看守所。蒋纬国去看他也不好，不去看他也不好，最后还是硬着头皮去看他。因为蒋纬国身份特殊，看守所为了优待，特别以所长室作为会见地点。姐夫与小舅子见面后，蒋纬国由于情急，也由于表态，在所长面前大骂丘延亮，说：“怎么连你也搞叛乱！你也不想想你在吃谁的饭？”丘延亮那时年轻气盛，回嘴说：“吃谁的饭？我吃老百姓的饭！”丘延亮回嘴的意思显然是说，我虽是皇亲国戚，可是没吃你们蒋家的饭，而是吃老百姓的饭，我们划清界限好了。虽然如此，在判决下来，国民党还是给这不承认皇亲国戚的“
024.台独、台独，半苦为谁独？.txt	12	dialogue	324	丘延亮他们坐牢时，我也正关在同一看守所。听到黄毅辛讲起这件事，颇觉有趣。随着年纪渐大，我感到这一吃谁的饭问题，倒真有学问在。革命元勋章太炎有《广论语骈枝》一书，提到柳下惠。说《论语》中说：“柳下惠为士师，三黜。”为什么“数黜而复起”呢？因为他是大土匪盗跖的哥哥，鲁国人怕盗跖，所以给他哥哥做官来对付盗跖，“欲借惠以解免耳！是即晋王世敦、王导之事也。惠去，则跖必入鲁。鲁之君相无以御之……”这就是说，柳下惠能做官，是因为有个叛乱犯弟弟盗跖；王导能做官，是因为有个叛乱犯哥哥王敦。表面上，柳下惠、王导是吃政府的饭；真的原因，
025.《不智的立委，拿二千万人命当儿戏》读后感.txt	3	person	441	重新加入联合国本来是“台独”派多年来的主张。今天国民党独台立委带领八十名莽撞立委，要求国民党重新加入联合国，至此进一步证明了独台与“台独”是一家人，都要分裂国土，都想当民族的罪人。此事件乍看来突然，其实三年前，两独的四十四名省议员，已共同提出违反《宪法》中台湾是一个行省之规定的要求，将台湾省改为二市五县。半年来，国民党台独立院副书记长洪昭男，也再三在庙堂之上公然主张“一个民族两个国家”。国民党高级党干，违反惩罚分裂国土的《国安法》，国民党司法当局、党中央均不闻不问。前面八十一名立委为何不知道《联合国宪章》规定新会员
025.《不智的立委，拿二千万人命当儿戏》读后感.txt	5	dialogue	323	被不理智又不负责任的分离主义者黄主文牵着鼻子走的八十六名立委，以及赞同他们做法的一些所谓学者专家说：至少可以打动国际视听、制造台湾知名度。如果国民党真的敢提到联合国，那肯定只有让全世界的人了解与惊讶，“拥有二百七十倍土地、六十倍人口的中国政府，为什么搁着四十年，不把叛乱的省份收复？”两独口口声声要保卫台湾二千万人民的安全与福祉，也要求大陆放弃武力。人民政府还没有放弃使用武力，你都要明目张胆的搞分离主义，一旦放弃使用武力，那两独不是搞“台独”了么？正如台大教授张麟征女士所言“这样的提案，会使中共更坚定不能放弃武力攻台
025.《不智的立委，拿二千万人命当儿戏》读后感.txt	7	dialogue	228	5月30日，廖天欣先生来看我，这是我们第一次见面。廖先生现任远望杂志社社长、中国统一联盟执行委员、夏潮联合会执行委员、中国航联产物保险公司经理。他生于1927年，是年纪大于我的政治犯前辈，在国民党黑狱里，从1950年到1963年，曾坐过十三年的牢。他属于最诚笃的台湾人。他看了我办的《求是报》，笑着说：“看这样子，我们的《远望》杂志可以不办了。”我笑着说：“过去的左派最会搞宣传，现代的左派尤其台湾的左派反倒对宣传不拿手。不过你廖先生的作品，还是很好的。”
025.《不智的立委，拿二千万人命当儿戏》读后感.txt	8	dialogue	57	廖先生近来有一篇《不智的立委，拿二千万人命当儿戏》，我看了，感慨说：“此亦台湾人之言也！台湾人还是有肯远望的人！”
025.《不智的立委，拿二千万人命当儿戏》读后感.txt	9	joke	227	我常说，今日台湾人的缺少远望、没有见识，其实正是混蛋外省人四十多年的教化之功。混蛋外省人要你怎么蠢，你就怎么蠢；要你怎么笨，你就怎么笨。台湾人口口声声骂外省人，其实他们的思路正是跟外省人学的，甚至比外省人还外省人。试以这次忽发集体神经吵着要入联合国而论，混蛋外省人的思路止于“意淫大陆”而已，从叫嚣“反攻大陆”到“三民主义统一中国”，叫来叫去，还止于自己国内；但台湾人以意淫来干过瘾，却凌外省人而上之，“重返联合国”，笑话就不限自己国内，而要腾笑世界了。
025.《不智的立委，拿二千万人命当儿戏》读后感.txt	10	dialogue	268	联合国一百六十个会员国中，八分之七承认的中国是中华人民共和国，中华人民共和国又在安理会中有否决权，你连门槛还没迈过，就被封杀在外了，这是常识。可是国民党立委黄主文以下八十六人，却异想天开，不知自己是老几，居然要以“中华民国”之名重返联合国，而更浑的台湾人，如台湾基督教长老会牧师罗荣光之流，居然更会做梦，竟还说：“国民党籍开明立委黄主文等提议以‘中华民国’名义重返联合国，这正如郝柏村所说的：‘明知不可而为之’，因为这样显有制造‘两个中国’的用意。然而若改以‘台湾’的名义，申请加入联合国，则较符合事实。”说这种话，可见
026.谁杀高山族？.txt	3	dialogue	601	假台湾人初到台湾，不是很自愿的，基本上，是在大陆混不好或混不下去，才离开福建、广东一带家乡的。这里面有没有土地的农民、有没有职业的流氓、有没有恒产的海盗、有甘心卖身给外国人以求渡海的流亡者。当年中华帝国的基本政策是不准老百姓往外乱跑，它不准老百姓去东北、也不准去东南，换句话说，它不喜欢移民。但是，只要有必要，民会自移，是很难拦得住的，尤其在荷兰人占领台湾时期，他们要大量农业人口来建设台湾，帮他们追求重商利润、巩固殖民统治，这种帮凶，以渔猎人口为本位的原住民是不适合的，于是，在荷兰人的招募下，大量的汉人猪仔，被当做奴
026.谁杀高山族？.txt	4	hear,example	415	再就比较历史学观之，郑成功相当于林肯，他从荷兰人手里，解放了黄奴，但是，荷兰人被赶走，并不就是原住民的解放，原住民仍在水深火热中。到了十八九世纪，假台湾人花样翻新，巧取豪夺，对原住民的迫害，更制度化。例如在骗真台湾人土地方面，假台湾人利用对方的无知与老实，把永垦（永佃）土地化为永卖（杜绝契）土地；或干脆用高利贷逼得对方无法偿还，取得土地，等等等等，其欺负人也，比荷兰人用不到二十四元美金的念珠和布，即从印第安人手里换得纽约曼哈顿区（Manhattan），还卑鄙得多。这种事态的普遍与严重，连远在北京的中华帝国皇帝都听说
027.原住民的呐喊.txt	4	once	464	为什么原属于高山族的土地，被当时的外省人给花样翻新、巧取豪夺了呢？因为当时的外省人阴狠狡诈，比今天的外省人还内行。在豪夺方面，他们根本来个硬抢，以今天宜兰地区为例，1796年到1799年间，被当时的外省人抢下；再以今天埔里地区为例，1815年被当时的外省人抢下，抢的过程也极尽“大肆焚杀”之能事，抢得高山族逃入深山，“聚族而嚎者半月”，其凄惨可想！在巧取方面，当时的外省人利用高山族不识字，总是在契约上大做手脚，结果高山族一画押，土地就无异久假不归了。想在司法上寻求保护吗？休想！光在当时噶玛兰通判柯培元（易堂）的《熟番
028.这回可是真吴凤.txt	2	story	88	去年年底，在民进党员和教会人士的杰作下，包括十余名高山族在内的二十多名男女，拆毁了嘉义市火车站前的吴凤铜像。同时发表演说，指吴凤“杀身成仁”的故事，是日本人和国民党制造的神话。
028.这回可是真吴凤.txt	8	dialogue	168	法官林勤纲在辞职书上说：“……以在庭指挥欠当，致令无知民众借端咆哮法庭，鼓噪公廨，甚且构造流言，诬蔑值勤法警施暴云云。”可见今天搞法庭抗争的正义之士，其手法与心态，实在也离正义日远。如今因为“杀错了人”，他们纷纷表示歉悔了，但是，难道换了另一位不是“自己人”的法官，就可以这样“咆哮法庭，鼓噪公廨，甚且构造流言”吗？这是哪一国的正义呢？
029.自命正义之士，何不支持“原独”？.txt	10	dialogue	341	原住民搞“独立”，可简称“原独”。1969年4月，我看《花花公子》（PLAYBOY），有一漫画极逗：图中一酒会场面，沙发上女的对男的说：“我信‘原罪’？那看你要原到什么程度！”（Do I believe in Original Sin? It depends - how original do you want to be?）“原罪”教义源于保罗的书信，漫画里女的单刀直入，欲以现原形、归原始以巧证教义，自是婉而谑兮之言。不过看到今天自称台湾人的，俨然以台湾主人自居，真不禁令人有“原到什么程度”之叹！人家原住民四千年
030.原住民世界中的台湾原住民.txt	3	dialogue	192	南美“印第安妇女”（Indian Women）组织主席安娜劳劳（Ana LLao LLao）在第一次会三天议程结束时说：“发现个屁？对我们而言，那根本不是喜庆；对我们而言，那代表五百年的反抗。”（What discovery? For us it is not a celebration ,for us it represents 500 years of resistance.）
030.原住民世界中的台湾原住民.txt	4	dialogue	328	属智利马普契族印第安（Mapuche Indians）的劳劳女士说：“所有所谓‘庆祝’活动，我们打算一律参加，以推进我们索还土地、索还资源的运动，而且要在这一运动中，要求为我们的族人列入百分之二十的国家预算。”（We plan to participate in all of the events of the socalled celebration and push ahead with our movement to recuperate our land, our resources and in this
030.原住民世界中的台湾原住民.txt	6	dialogue	211	她说：“对我们而言，根本没有疆界。我们是一体。如果我们有知，则不管秘鲁还是厄瓜多尔印第安人的土地被人夺去，那表示我们都在受苦。”（For us there are no frontiers. We are one. If we learn that land is being taken from Indians in Peru or Ecuador it means suffering for all of us.）
033.台湾人的“功利”性格.txt	3	hear,dialogue	148	1981年8月10日，我第二次入狱，关在土城看守所。入狱第二天，就碰到另一个被国民党政治迫害的人犯，在“放风”时候，他叫住我，告诉我他叫“刘峰松”。他说：“运气真好！真想不到在这里见到你。李先生，你也到‘动物园’来了！”我说：“你的运气是见到我没有买门票——‘动物园’里动物看动物，不必买门票。”
033.台湾人的“功利”性格.txt	5	dialogue	372	峰松写道：“高修《台湾府志》（以下简称《府志》）提到台湾早期汉人风俗，有段话说：‘凡涉险而来者，倍蓰、什佰、千万之利，在所必争；夫但知争利，又安知礼义哉！’指出荷据时期前后，汉人来台的主要目的在经商，以获得倍蓰、什佰、千万之利，他们只知‘利’，而不知‘礼义’。周修《诸罗县志》（以下简称《县志》）也说得极明白：‘夫逐什一、权子母，中土之入台之所繇也。’争功逐利，可说是汉人初期来台的动机，也可看成台湾民性的一个‘根’或‘源’。强烈的功利心表现在生活方面，指的是奢侈、夸诈、现实、爱体面、欺贫重富等等。《府志》说：‘间或侈
033.台湾人的“功利”性格.txt	6	dialogue	463	峰松又写道：“二三百年来这种习性，大体上还是沿袭未变。如春节期间见面，必说‘恭喜发财’，喜庆丧吊必力求场面铺张；婚姻论财、论地位、论门阀，还是牢不可破的观念；朋友来往以利为先，即兄弟亦在，如俗语说‘亲兄弟，明算账’是，特别为继承遗产问题，兄弟阋墙，是司空见惯的。在社会生活中，为蝇头小利，争得面红耳赤，头破血流，也是常有的。台人避免合伙做生意，如劝人说：‘共（公）家生意（合伙生意）不通（可）做。’即因合伙做生意’到头来因利益分配不均，必反目成仇而后已。人在得意时，门前车水马龙，稍有葭莩之亲也来依附投靠，而失意时，门可
033.台湾人的“功利”性格.txt	21	dialogue	207	高修《台湾府志》（以下简称《府志》）提到台湾早期汉人风俗，有段话说：“凡涉险而来者，倍蓰、什佰、千万之利，在所必争；夫但知争利，又安知礼义哉！”指出荷据时期前后，汉人来台的主要目的在经商，以获得倍蓰、什佰、千万之利，他们只知“利”，而不知“礼义”。周修《诸罗县志》（以下简称《县志》）也说得极明白：“夫逐什一、权子母，中土之入台之所繇也。”争功逐利，可说是汉人初期来台的动机，也可看成台湾民性的一个“根”或“源”。
033.台湾人的“功利”性格.txt	22	dialogue	159	强烈的功利心表现在生活方面，指的是奢侈、夸诈、现实、爱体面、欺贫重富等等。《府志》说：“间或侈靡成风，如居山不以鹿豕为体，居海不以鱼鳖为礼，家无余贮，而衣服丽都，女鲜择婿而婚姻论财，人情之厌常喜新，交谊之有初鲜终。”《县志》说：“大抵诸罗之俗，其一功利夸诈近于齐（山东），高富下贫……。”对早期台人习性有极贴切的描述。
033.台湾人的“功利”性格.txt	23	dialogue	456	二三百年来这种习性，大体上还是沿袭未变。如春节期间见面，必说“恭喜发财”；喜庆丧吊必力求场面铺张；婚姻论财、论地位、论门阀，还是牢不可破的观念；朋友来往以利为先，即兄弟亦然，如俗语说“亲兄弟，明算账”是，特别为继承遗产问题，兄弟阋墙，是司空见惯的。在社会生活中，为蝇头小利，争得面红耳赤，头破血流，也是常有的。台人避免合伙做生意，如劝人说：“共（公）家生意（合伙生意）不通（可）做。”即因合伙做生意，到头来因利益分配不均，必反目成仇而后已。人在得意时，门前车水马龙，稍有葭莩之亲也来依附投靠，而失意时，门可罗雀，亲朋敬而
033.台湾人的“功利”性格.txt	31	record,dialogue	579	关于台人群体或社会观念的记载，《府志》说：“以故宗族之亲少，洽比之侣多，亦四海兄弟之意。”所谓“宗族之亲少”，是指移民初期，常是个人离乡背井渡海来台，而到台湾后则举目无亲而言。“在家靠父母，出外靠朋友”，流落他乡外里，必有待于友情的滋润和提携，于是“洽比之侣多”，并进而产生“四海之内皆兄弟也”的那种观念。《府志》又说：“无负载之班白，无久停之亲柩。”《县志》说：“通有无，济缓急，失路之夫，望门投止，鲜闭而不内者。”又说：“失路之夫，不知何许人，才一借宿，同姓则为弟侄，异姓则为中表、为妻族，如至亲者”，“初辟时，风最
033.台湾人的“功利”性格.txt	33	dialogue	486	其次，分别来谈它的两种意义。首先谈它的第一种意义，即“人情世故”。台人对流行于所处社会的一切风气或习俗，往往不论有理无理，不论“是”“非”，都加以承袭，并遵行不废。如所谓“吃人半斤，还人八两”，礼尚往来，施受相等，原是一件公平公道的事，但明知施者的动机不正，但在人情压力下，受者常没有道德勇气加以拒绝；而且在收受不当之礼后，耿耿于怀，必图以回报，以求心安，选择期间之买票卖票贿赂公行，即其一例。设有人严予拒绝，甚而予以举发，则此人必被视为“不懂世故”，不识“人情义理”。又如台俗之大拜拜请客，《县志》说：“一食中人之产，
033.台湾人的“功利”性格.txt	37	dialogue	436	《县志》说：“大抵诸罗之俗，其一功利夸诈近于齐（山东）……其一强悍险急近于秦（陕西）遇事蜂起喜斗，轻生图赖，歃血相要约反复，依溪山之险蠢动为他邑剧。”当时诸罗县辖全岛三分之二土地，故所称诸罗之俗，也等于是台湾之俗。所说的喜斗、轻生、蠢动，纵是出于官方的说法，但考诸台湾几百年来的史实，是信而有征的。如在荷据时期，有郭怀一的抗荷事件，汉人被杀者一万，约占当时汉人人口的十分之一；清据时期，大小抗清运动百余次，俗谚称“三年一反，五年一乱”，可说前仆后继，不绝如缕，尤以朱一贵、林爽文之役，声势浩大，全岛震撼，清室为之忧心如焚
034.台湾人“但爱做官”漫谈.txt	5	dialogue	356	为什么有个头衔就好了呢？因为这个岛上的人，眼界狭小、不识货，根本分不清官有多大。《西游记》记孙悟空被封了“弼马温”的官，猴王欢喜到任，半个月后，在酒席上他问大众：“我这‘弼马温’是个什么官衔？”众曰：“官名就是此了。”又问：“此官是个几品？”众道：“不大、不大，只唤做‘未入流’。”猴王听了，一怒而归。回到花果山后，小的们也以官位相问，猴王摇手道：“不好说！不好说！活活的羞煞人！那玉帝不会用人，他见老孙这般模样，封我做个什么‘弼马温’，原来是与他养马，未入流品之类。我初到时不知，只在御马监中顽耍，及今日问我同僚，始知
034.台湾人“但爱做官”漫谈.txt	9	story,dialogue	293	1986年，我曾写给好友罗小如一个有关“政治与生殖器”的故事。故事是这样的：兄弟二人，入京赶考，兄中状元，弟弟落第。弟弟先返乡，弟媳不乐。入夜，弟弟语其妻曰：“别以为考上状元有什么好吧！考上后，那话儿就没有了！”弟媳信以为真，破涕为笑，反倒庆幸自己丈夫落第。第二天，偷偷告诉嫂嫂，说哥哥中了状元，可是那话儿却没了，嫂嫂闻讯大惊，惨然不乐。过几天哥哥衣锦荣归，人人笑脸相迎，唯独嫂嫂愁容满面。入夜，哥哥怪而问之，嫂嫂具实以告，哥哥听了，说：“胡说八道！那话儿好好的在此，谁说没了！”于是解开裤子，大势所趋一番，嫂嫂消受之下
035.台湾政客小气八拉的活证.txt	3	example	51	黄大洲指出，台北市的教育、医疗等多项资源，都已经与台北县共享，例如台北市的高中学生有很多是来自台北县。
035.台湾政客小气八拉的活证.txt	4	example	49	尤清指出，台北市在住宅、水源方面都依赖台北县，例如台北县的墓地，就有百分之六十八是由台北市民使用。
037.给外省人戴帽子.txt	3	dialogue	272	《时代》系列总号第二九六期中，有一篇《外省报阀气焰高张，李登辉邀宴王惕吾示好》的文章，其中说：“9月20日李焕试图劝服李登辉主动罢黜萧天赞不成，21日再度赴总统府谈判。行前李焕即与王惕吾联络，希望《联合报》呼应要求萧天赞再度请假；当天《联合报》社会组组长高源流即撰稿表示‘萧天赞若不去职，至少似应再度请假静候调查’，21日深夜李焕果然劝萧三度请假成功。可见‘劝说请假’是外省集团退而求次的一项策略，目的在阻止萧上班。同时也可见李焕除挂勾余纪忠之外，也挂勾王惕吾。”姑不论此中内幕是否可信，文中提到“外省集团”要倒萧云云，
037.给外省人戴帽子.txt	5	dialogue	389	我看了这种高论，真为这种民进党员的不顾事实感到好笑。事实上，萧案发生后，真正为他护航的，是由外省人监委开始，而真正打击他的，却是民进党清一色的台湾人立委肇其端。试看台湾人立委的激烈“临时提案”，便见端详。“临时提案”说：“兹因法务部萧天赞部长涉及第一高尔夫球场关说案，初说谎不认识何敏何来关说，尔后借请假，放出所谓‘阴谋论’，有人欲将其白布染黑，把他拉下，进而在嘉义家乡发动未经申请违法的群众大会，其清白与否直接诉诸群众，身为最高司法首长，不信司法的公平正义性，将司法政治化，又经由其属下高检处检察官撰述漏洞百出的调查报
038.民进党的司法倒车.txt	2	dialogue	358	今天《自立早报》报导：“高雄市地院推事张盛喜加入民进党，业经屏东县党部审核通过，并派专人呈送中央党部，原定在近日内该党部新厦落成时再公布此讯息，据该党部主委苏嘉全表示，他真没想到这件事提早曝光。”“苏嘉全说：张盛喜是位踏实的司法人员，早在半年以前就表示要加入民进党，并经过三次的深入接触。原定去年11月12日国父诞辰时就加入民进党，主要是他进入司法界后感觉到竟然执政党的知识分子率先违背了国父遗教，所以他选在国父诞辰是给执政党一点小警告。”“苏嘉全并指：张盛喜认为目前执政党改革的步调过慢且不够诚意，而民进党是个新生婴儿
038.民进党的司法倒车.txt	3	dialogue	151	《自立早报》又报导说：“继新竹多位推检人员声言辞职之后，又一位素称优秀的高雄地院刑庭推事张盛喜完成加入民进党手续，预料此举将再一次震撼沉疴已久的司法现状。”“张盛喜，三十七岁，毕业于东吴大学法律系，司法官第十七期结业，七十一年调高雄地检处前服务于台中、嘉义，七十五年底请调院方，目前是地院刑三庭推事。”
038.民进党的司法倒车.txt	4	dialogue	65	看了这些报导，我跟我自己说：“他妈的又来了！民进党为了现实利益，把它多年号召的理想，又推翻啦，又说了不算啦！又开起司法倒车来啦！”
038.民进党的司法倒车.txt	5	dialogue	371	按照“中华民国宪法”第80条，明定“法官须超出党派之外，依据法律独立审判，不受任何干涉。”对这一条文，历来国民党的官方解释都是说法官仍可依其政见，具有政党党籍，只是不参加党团活动而已。可是历来党外人士以至今天的民进党诸公，却坚持应做法官不得加入政党解释，已加入者，做了法官也应脱党明志。这种解释，即使国民党中的宪法学者如林纪东等，也有此倾向。林纪东《中华民国宪法释论》中说：“吾人以为：法官为天下之平，宜具有政治之中立性，加入政党之后，自应忠于其党义党纲，努力以赴，而后始为忠实之党员；而为忠实党员之结果，又未必无害其为
039.民进党的劣币战.txt	2	dialogue	269	经济学中有所谓“格雷欣法则”（Gresham's law），意思是说：如两种铸币，由面值相同但价值不同的金属铸成，则价值低的货币，会使价值高的货币在市面上出局。（If two coins have the same nominal value but are made from metals of unequal value，the cheaper will tend to drive the other out of circulation.）这一法则，即所谓“劣币驱逐良币（bad money drives ou
039.民进党的劣币战.txt	6	example	196	在另一方面，新潮流系的答复却是，朱高正长期以来说话不算话，例如这几天，朱高正关于是否参选一事，就先后有“尊重初选结果决不违纪参选”“初选不过则脱党选举”“退出民进党”等数种说法，而以前三二九案是否出庭一事，朱高正因时间不同，亦有“绝对不出庭”“必须要出庭以维护司法尊严”“司法无效”“拒绝上诉”等不同说法。并指摘他“霸道”“窘态毕露”“谬论连连，实有失民主风度”“请他检讨自己，不要输不起”。
041.民进党的权术水平.txt	2	dialogue	294	昨天午前，小老弟包奕洪和张俊宏再来看我，俊宏送我一本这个月出版的《到执政之路——“地方包围中央”的理论与实际》，这本书的摘要，我已在报上先看过了，俊宏心思细密，是我早就知道的。他写这本书，这么认真的驳斥民进党中新潮流系的错误，很令人佩服。不过，在举岛滔滔的心浮气粗中，究竟有多少人肯坐下来读点书，倒不无疑问。午饭时候，我向俊宏半开玩笑的说：“你说‘地方包围中央’吗？我看地方还没包围到国民党中央，你们民进党中央，就先被地方包围了。——新潮流系在搞‘群众包围精英’‘暴民包围精英’呢，你们党中央到地方讲话，都要被嘘啊！中国
041.民进党的权术水平.txt	3	dialogue	109	我又告诉俊宏，说：“你跟黄信介都坐过多年大牢，比起一天牢都没坐过的新潮流系人马，本该是你们嘘他们的，怎么会轮到他们这些专捡便宜的市井之徒来嘘你们？可是，为什么形势反转，反倒给这些人占了上风？你们一定在权术上出了差错。”
041.民进党的权术水平.txt	4	dialogue	261	俊宏问我差错在哪里，我说：“不搞政治便罢，要搞政治，适度的权术就在所难免、适度的权术就不能不用。我认为主要差错之一是，你们在对‘台独’上面说了真话、过早说了真话。当年雷震办《自由中国》，提到反攻无望，明明说得对、说了真话，可是八面玲珑的胡适就劝雷震说，‘反攻大陆’是多少人的共同希望、共同的梦，你们这样做，是摧毁了千千万万人的共同希望，打破了千千万万人的共同的梦。事关千千万万人共同希望和梦的事，说起真话的时候，时机和技巧就不能不考究了。胡适对雷震这番话，就求真观点上看，是很滑头的；但从政治技巧观点上看，倒是很聪明的。
041.民进党的权术水平.txt	5	dialogue	476	俊宏问我那么应该怎么做，我说：“你注意到周恩来了吗？在举国滔滔的文化大革命情况下，他臂挂‘红卫兵’布条、手执《毛语录》小红书，表面看来，谁也不能把他见外，但他暗中‘下毒手’，自己也搞写作班子，与江青他们的写作班子搅在一起。多少江青他们的‘敌我矛盾’，都被周恩来暗中降低为‘人民内部矛盾’，从潜移默化之中，把错误的方向予以导航。今天的‘台独’问题，也是如此。当‘台独’已变成一似‘反攻大陆’式的千千万万人共同的希望、共同的梦的时候，如果你们要做先知、做独来独往的英雄好汉，那么大可像我李敖一样，一切畅所欲言，毫无顾忌；但是
041.民进党的权术水平.txt	6	example	404	我告诉俊宏：“基本毛病出在我的老朋友黄信介的政治技巧不足，当然这并不怪黄信介一个人，乃是台湾地区搞政治的人普遍水平不足的缘故。例如这次由民进党主席召集除新潮流系以外的各路人马，四十多人联名支援朱高正对抗新潮流系的举动，就显然又犯了权术水平不足的错误。朱高正此人，是反复无常的小人，岂可在他威胁退党下，由党主席联名支援他？黄信介前一阵子民进党无派系之言，言犹在耳；如今亲自带队，破坏制度，私下集会，发表声明，这成何体统？并且也得不偿失。因为早晚朱高正仍会背离民进党，投降国民党以去。真正会玩政治的人，处在朱高正与新潮流系之
042.民进党又何来“人格者”？.txt	2	dialogue	33	8月9日，民进党施明德发表了竞选民进党主席声明全文，开宗明义就说：
042.民进党又何来“人格者”？.txt	7	dialogue	15	8月10日《自立早报》报导说：
042.民进党又何来“人格者”？.txt	10	dialogue	18	8月10日《台湾时报》报导许信良说：
042.民进党又何来“人格者”？.txt	14	dialogue	65	关于人格问题，作为思想家的我，早在十年前就对群众有了指示。我在一些文章里，指出中国思想中“大德不逾闲，小德出入可也”的思路。我说：
042.民进党又何来“人格者”？.txt	16	dialogue	4	我又说：
042.民进党又何来“人格者”？.txt	19	hear	123	如今，党外人士已被民进党兜收了，民进党人士暴得大名也暴得大利，器小易盈、忘其所以、权势上升、人格下降，也就可想而知。既然大家都跳进臭马桶里争权夺利，再好的人也变了质、再好听的话也不必再说，大家的人格层次已跟国民党同高，再说就跟国民党一样恶心人了。
043.令人忧虑的新潮流系.txt	7	example	150	不过，党纪处分只是一般的，事实上，国民党内部大圈圈里有小圈圈、小圈圈里有黄圈圈，例如它的核心组织蓝衣社，就在党纪处分以外，另有“内部纪律”和“家法处分”，这种在自己的党内，另搞小团体；在小团体内，另订罚则的神秘作业，使国民党最后被“拿破仑同志”和它的猪系小集团通吃了一切，真的国民党，早就呜呼哀哉了！
044.贵宾的马后炮.txt	2	dialogue	82	一周前我在台中的时候，文星书店有限公司董事长兼李敖出版社董事长苏荣泉电话向我报告说：“民进党给你寄来贵宾证，邀请你出席他们在中山楼的大会。”我说：“我不会出席的。”
044.贵宾的马后炮.txt	3	dialogue	265	回台北后，我看到贵宾证，也看到“主席黄信介”“敬邀莅临”的打字函件，另外还有该党党工手写的纸条一张，其中说，贵宾证上“单位”栏是空白的，因为“阁下表现惊人，秘书处作业无法填写，请单位栏自由填写，本党悉予尊重。”我看了一笑。事实上，我一生独来独往，的确不属于任何“单位”，难怪他们无法填。前几天时报广场拟请苦苓和我有个座谈，主持人黄鼎翎问我海报上我的单位怎么填，我说：“就填‘苦苓之友’四个字可也！”黄鼎翎听了，笑着说：“李先生可真有幽默感！”其实她不知道，我真的没有可资一填的单位，除了向苦苓老弟靠行外，实在上不着天、下
044.贵宾的马后炮.txt	5	example	134	民进党致送贵宾证时，应该严格注明限于证上“姓名”栏上的贵宾本人使用，声明婉拒本人以外的代表参加。例如这次就发生了国民党中央政策会副主任委员洪玉钦代表国民党党中央来参加的事、也发生了内政部次长张隆盛代表内政部长许水德来参加的事。这显然是被“示人以不广”的国民党摆了一道。
044.贵宾的马后炮.txt	7	dialogue	305	如今国民党又耍老套，硬把自己的“下驷”派出出席，以对“上驷”，用中央政策会副主委、内政部副部长的次级党官，权充贵宾，以矮化民进党，民进党实在不该中它的计。松下幸之助做生意，制造国际牌灯泡的时候，定价与市面上一流的M灯泡相同，在发售前，他征询了顾客的意见。顾客说：“松下先生，那样的话，我觉得不太合理。M灯泡因为品质优良，所以卖到三十五块钱，但是国际牌才第一次做灯泡，就想卖到那个价钱，实在有点难以想象。”也有顾客说：“如果是三流的价格，大概可以卖得出去。”但是，松下幸之助坚决相信自己既是一流货，不肯卖三流的价钱。今天的
047.凤凰梦破.txt	4	person	172	他们的目的干什么？目的只有一个，就是要台北到宜兰的高速公路早日开工。宜兰是台湾落后的地区，这条公路对他们的繁荣太重要太重要了。何况，这条公路辟建的消息，近两年来，已使宜兰县身价提升了不少，过去一甲农地二百万至三百万元无人问津，如今一甲地一千万至一千五百万元，舍不得卖的大有人在。因为此一“利多”消息，使四十五万宜兰县民认为，未来的繁荣将不是梦。
047.凤凰梦破.txt	8	dialogue	80	陈定南他们当然不服气，他们的说法是：“宜兰虽反六轻，但并不反工业。”不过，这种诡论，若郝大将援同样逻辑，照样可说：“政府虽反政客，但并不反宜兰。”那又如何是好？
047.凤凰梦破.txt	11	once	388	宜兰人埋怨陈定南他们，固然看出小市民的反复无常，但陈定南他们也该面对这一责难。19世纪英国首相迪斯累里（Benjamin Disraeli），是近代保守党的开山大师，他有个一生争的死对头，就是格莱斯顿（William Gladstone）。格莱斯顿三任英国首相，一辈子气虎虎的瞪着迪斯累里，迪斯累里死的时候，他丧都不吊，为了迪斯累里常常开他的玩笑。有一次，迪斯累里倒阁成功，却不肯授命组阁，被人大加责备，因为这是不可以的。——你拆了别人的台，你就必须承担别人走后的后果。如今宜兰山转路不转，又要继续穷下去了，苏澳镇长林祺
