file	paragraph	score	markers	text
001.《要把金针度与人》（代序）.txt	28	17	有趣|笑话|不料|后来|问|曰|说	□不然，死可有对证呢！以《孙子》（参看《中国名著精华全集》第二十二册）为例，就可证明了。孙武（前6-前5世纪）是春秋时代吴王阖庐的客卿，是两千五百年前的军事家，他的著作《孙子》共有十三篇，后来发生了混乱，杜牧说曹操“削其繁剩，笔其精粹”，事实上，《孙子》只有五千九百一十三个字，这就是高诱所说的“兵法五千言”，高诱在曹操之前，可见曹操删书之说，是不对的。因为《孙子》发生了混乱，孙武也就在疑古派眼中，出了问题，他的身世，遭到怀疑。其中最主要的有两种：第一种是怀疑根本没有这个人；第二种是怀疑他和战国时代的孙膑为一个人。像钱穆就是靠后一种说法成名的。不料1972年4月，山东临沂银雀山的古墓里，出土了古代兵书，内有《孙子》，证明了这种怀疑，都是站不住的。出土的古书竹简中，有汉武帝元光元年（前134）的历谱，可以断定这批竹简是两千一百年前就已流传的文献；又由于竹简中用字不避汉朝皇帝的讳，又可以断定竹简的古书，都早于汉朝。再往上推，秦二世在位三年，秦始皇在位三十七年，上距战国，不过四十多年，四十多年又值秦始皇统一思想，没人有闲工夫造假书，所以竹简中的古书，都是战国以前的原装货，应无疑义。所以《孙子》确有其人其书，已是铁证，只是古本今本有异文耳！古代流传的《孙子》书——即今本，和古墓出土的《孙子》书——即竹简本，有三分之一是相同的；其他一百多处不同的，也多是虚字和假借字，不算重要；另有一千多字的不同逸文，包括《吴问》《四变》《黄帝伐赤帝》《地形二》《程兵》《孙武传》六篇，可补今本《孙子》的不足。古书死有对证，竟有趣如此！以这一死有对证的另一当事人孙膑为例，更可再对照一下：孙膑（约前380-约前320）的身世，在《史记》里说得很明白。《史记》说：“孙子武者，齐人也。以‘兵法’见于吴王阖庐，阖庐曰：‘子之十三篇，吾尽观之矣。’……孙武既死，后百余岁有孙膑……膑亦孙武之后世子孙也……世传其‘兵法’。”这明明是说孙武有孙武的“兵法”，孙膑有孙膑的“兵法”。但是后来孙膑的“兵法”失传了，由曹操在注《孙子》时，已经只字不提孙膑的情形看，可能在汉朝末年，孙膑的“兵法”就已见不到了。就因为如此，所以后
011.文学类.txt	32	17	故事|有趣|传说|说|梦	江淹五十四岁时候，传说一夜梦到一个“美丈夫”，自称郭璞，对他说：“吾有笔在卿处多年矣！可以见还。”江淹就把五色笔还出来了，自此“江郎才尽”，就没有好作品了。这是一个有趣的故事。
001.《要把金针度与人》（代序）.txt	34	15	传说|后来|问|答|说	□工具书是任何知识分子所必备的书。像辞典、年表、年鉴、百科全书、手册、索引，以及一些必备的“非书资料”（non - book materials）等。在研究和阅读上，虽然有所谓“个人需要”（individual needs）的不同，但就运用工具书一点上，却没有各行各业的分别。所以工具书在所有书中，应该列为第一优先。选择工具书的条件有两个：一个是“容易找到”（easy to find）你所需要的答案；一个是“容易了解你容易找到的”（easy to find what you find）答案。不合于这两个标准的工具书，都不算是好的工具书。尽管它很有名，可是它却使你头痛。若举一例：《康熙字典》便是，这书实在犯了难找的毛病。（但这种毛病，发生在笨头笨脑的古人身上，犹可说也；发生在现代人身上，就太不可说了。你看看张其昀监修，林尹、高明主编的《中文大辞典》，你会惊讶的发现，这部以抄袭诸桥辙次《大汉和辞典》为骨架的书，竟也发生《康熙字典》式的毛病，你说这些老古董多笨！）辞典以外，工具书中的“年表”一类，纵贯古今中外大事，可提供给人清楚的头脑和时间的观念。中国旧式的编年一类书，因为采取甲子干支纪日，时序检核，十分麻烦。又以历数屡变，常常需要推算，可谓不科学已极，所以都不能用。我看中国传统留下来的工具书都不合用。总之，从工具书上去读书，是有它的限度的。要“读书得间”，工具书不够。现代新学问反倒是最重要的。我以《仪礼》（参看《中国名著精华全集》第二十四册）为例。儒家提倡礼治，关于礼的典籍，流传了三种“经”和一大堆“记”，三种经是《仪礼》《周礼》和《礼古经》。其中《礼古经》失传了。《仪礼》和《周礼》传说是周公作的，实际是战国人的作品。《仪礼》是宗教仪式、政治仪式的总集，今本包括士冠礼、士昏礼、士相见礼、乡饮酒礼、燕礼、大射、聘礼、公食大夫礼、觐礼、丧服、士丧服、既夕礼、士虞礼、特牲馈食礼、少牢馈食礼、有司彻十七篇。多半都是士的礼。这些都是古代礼的节目单。古代的贵族们一举一动都有一套规矩，这些规矩又因地位不同而不同，踵事增华，使当事人自己也搞不大清楚。于是就请专家们来帮忙，这种帮忙，叫做“相礼
011.文学类.txt	21	15	后来|说|下狱|被杀|赦|陆机	陆机后来在晋朝做官，不幸卷入晋室内争，一度下狱论死，遇赦生还。晋惠帝时候，晋室又内争，陆机带兵战败，为人所构陷，成都王颖误认他图谋倒戈，派人去抓他，他说：“今日受诛，岂非命也！”又说：“华亭鹤唳，岂可复闻乎？”遂被杀。他的弟弟陆云、陆耽，和儿子陆蔚、陆夏，同时被害。死时只四十三岁。因为这是一场冤狱，他“死非其罪，士卒痛之，莫不流涕”。李白诗说“陆机雄才岂自保”，正是指此。
004.哲学类.txt	33	14	传说|最后|说|自杀	这种三代自杀的不公平，最后流传到民间，民间就传说刘安不是自杀的，而是得道升天了。不但他升天，他家的鸡狗都升天了。“一人得道，鸡犬同升”的传说，就来源于此。
006.社会科学类.txt	22	14	故事|有趣|答|曰	申不害也是早期的法家。《史记》有“著书二篇，号曰申子”的话，《汉书》有“申子六篇”的话，但这些全本都失传了。《战国策》中有申不害为亲戚讨官做的故事，韩昭侯不答应，要他坚守法治原则，是一个有趣的故事。
011.文学类.txt	10	14	说|下狱|逃|赦|蔡邕	蔡邕四十六岁时候被权臣构陷下狱，死里逃生，“与家属髡钳徒朔方”，全家流放边区做罪犯，第二年赦回。不久又被构陷，说他在流放时有怨言。他“乃亡命江海”，跑到江苏避难，一连十二年。
004.哲学类.txt	30	13	故事|吕不韦	吕不韦自认这书“备天地万物古今之事”，而它“备”的方法，却很有技巧。它经常是用许多寓言、故事、历史来把理论带进场，以反复设喻来引人入胜。《吕氏春秋》实在是一部妙书。
006.社会科学类.txt	107	13	有趣|问|答	《睡虎地秦墓竹简》中的法律文书，包括“编年纪”“语书”“秦律十八种”“效律”“秦律杂抄”“法律答问”“封诊式”“为吏之道”八种。其中有很多有趣的和令人怵目惊心的记录。例如百姓的狗跑进禁苑追捕猎物，这种狗要打死；在专设警戒区打死的，要整只缴上去（“皆完入公”）；其他禁苑打死的，狗肉可“贪污”，只缴上狗皮就得了（“食其肉而入皮”）；又如对商人、开旅馆的、赘婿等人，派去当兵，竟嘱咐司令官不必可怜这种人，犒赏战士的时候，不要给他们吃肉，只给他们吃三分之一斗的饭就好了……这些记录，都是研究古代中国人意识形态的最好资料。
006.社会科学类.txt	127	13	传说|后来|说	在流传的礼的典籍里，《礼古经》失传后，一部分内容收在一大堆“记”里。“记”到后来，只剩下三十八篇大戴记和四十九篇小戴记。大戴是戴德，小戴是戴德的侄儿戴圣，传说是他们作的。因为小戴记内容易懂，所以学它的人较多，就成了《礼记》。《礼记》进了十三经，但大戴记就在十三经外了。
011.文学类.txt	35	13	传说|说|告诉	徐敬业起兵讨武则天，他参加了，代徐敬业主持宣传与军中书檄，最有名的《讨武曌檄》，就出于他的手笔。传说武则天刚看到这篇骂她的妙文时候，满不在乎，并且还嘻嘻哈哈的，但是读到其中“一抔之土未干，六尺之孤安在”两句时，睁着眼睛说：“谁写的？”左右告诉她骆宾王写的，武则天埋怨说：“宰相安得失此人！”（宰相怎么把这样的人才给丢了！）
004.哲学类.txt	118	12	最后|问|说|自杀|辞官|逃	李贽（1527-1602），字卓吾，别号温陵居士，福建晋江人。他小时候，家里很穷，母亲死了，跟着父亲过活。二十六岁中举人，三十岁后到河南做小官。四十岁前碰到河南灾荒，两个小女儿都活活饿死了。五十一岁做云南姚安知府，在宦途二十多年后，于五十四岁辞官，“托迹禅林”，把家变成禅院。在湖北麻城等地，开始讲学。因为许多妇女和僧侣听他的议论，遂被戴上“左道惑众”“大坏风化”等帽子，在七十五岁那年，为湖北佬驱逐，并把他家给烧了。他流亡到河北通州，最后还是难逃大劫，给事中张问达劾他非圣无法，明神宗下令把他关到监狱。他七十岁时曾说过：“吾当蒙利益于不知我者，得荣死诏狱，可以成就此生。”六年以后，他终于以七十六岁的年纪，被“不知我者”关在牢里，自杀在牢里，完成了“荣死诏狱，可以成就此生”的语谶。
005.宗教类.txt	11	12	有一次|后来|说|赦|董仲舒	在这种师生关系中，一个学生害了他。有一次汉朝祖庙着了火，董仲舒写了稿子，发了议论，主父偃偷了这篇稿子，上奏汉武帝。汉武帝拿给大家看，董仲舒的学生吕步舒，不知道这是他老师的作品，大发议论，说这篇东西“大愚”。汉武帝一听，火了，于是把董仲舒关起来，论以死刑。后来虽给特赦了，但他再也不敢谈灾异了。
005.宗教类.txt	53	12	故事|掌故	笔记是一种鸡零狗碎的札记式文体，在中国文学的地位很特殊，有记史的、有记掌故的、有记神怪的，内容十分复杂，涉及范围也很广泛。这本书也不例外。全书分为“囊底”“镜中”“倚杖”“撚须”“灭烛”“焚尘”“獭祭”“豕渡”“裂眥”“驱睡”“泛叶”“插菊”等十二“寄”，所记有正经的忠、孝、悌、义、正气、廉介，有孔丘所不语的鬼、怪、人妖，有指正“习语”“称谓”错误的文字，以及官场洋相中使人“乐然复笑，笑之中有箴规焉”的幽默故事。
006.社会科学类.txt	146	12	传说|说	儒家提倡礼治，关于礼的典籍，流传了三种“经”和一大堆“记”，三种经是《仪礼》《周礼》和《礼古经》。其中《礼古经》失传了。《仪礼》和《周礼》传说是周公作的，实际是战国人的作品。
010.艺术类.txt	7	12	传说|说	顾恺之“体中痴黠各半”，所以天真可爱，有时很精明、有时是个小迷糊。传说中他有三绝：“才绝、画绝、痴绝”。他向谢瞻“月下长咏”，谢瞻跟他保持距离，坐在远处称赞。顾恺之长咏之下，忘我也忘人，谢瞻困了，偷着找人替他坐在老地方称赞，顾恺之不觉有异。其痴一至于此！
011.文学类.txt	12	12	后来|最后|说|逃|蔡邕	蔡邕一生三次逃离政治的漩涡，最后仍死在漩涡里，可见这是何等不公平。更不公平的是：后来的野史戏曲中，竟把这忠孝仁爱的蔡邕，“满村争说”成无情绝义、见利背信的小人，这更是不公平了。
011.文学类.txt	270	12	故事|告诉	《桃花扇》共有四十出，是中国有史以来，结构最好的历史剧。全剧以明朝复社文人侯方域与秦淮名妓李香君的故事为经，以明朝亡国的大小事件为纬，举凡政治腐败、军事黑暗、党派争斗、贵族糜烂、种种情节，都波澜纸上，要人从“场上歌舞，局外指点，知三百年之基业，隳于何人？败于何事？消于何年？歇于何地？”告诉人一个政权，一旦“私君、私臣、私恩、私仇，南朝无一不私，焉得不亡？”
001.《要把金针度与人》（代序）.txt	25	11	传说|问|说	□以《周礼》（参看《中国名著精华全集》第二十三册）为例：《周礼》原称《周官》，是汉朝刘歆改名《周礼》的。传说是周公创立的理想政制，所谓“周公致太平之迹也”。因为它是中国政制书中最细密的一本，所以被视为珍宝。《周礼》将官职分为天官（中央政府）、地官（地方行政）、春官（神职）、夏官（军事）、秋官（司法）、冬官（器物制作）六类。列举每个官职的名称、职制、人数和职务内容。从这些官的背景上看，它显然是后代的政治理想，寄托在理想化了的周朝身上而发挥的。《史记》封禅书中虽然提到过《周礼》，但《周礼》的出现，却在西汉末年，又因为它的制度与诸经不合，所以被人怀疑是刘歆伪造的，是伪造献给王莾，以利于王莾的改制的。但是，从民俗学、人类学、社会学的角度来检查《周礼》，发现倒颇有一些古代的材料，而那些材料，尚不是后人可以凭空伪造出来的。因此《周礼》从这些材料的提供上，倒很有研究的价值。因为《周礼》是四万五千八百零六字的精密政制著作，所以古人改革政治，就因它而立说，宋朝王安石变法，便是一例。《周礼》是中国政制的乌托邦，它提出了不少理想，值得重视。疑古派以刘歆伪造《周礼》而把《周礼》一笔抹杀，我就不相信刘歆可以伪造出用现代新学问可以印证出来的古代现象。
004.哲学类.txt	99	11	传说|后来|说	刘基因为“博通经史，于书无不窥，尤精象纬之学”，后来变成了传说中的阴阳术数的大箭垛，许多迷信的书，都冒他的名做的。其实正好相反，刘基是一个反对迷信的人。
004.哲学类.txt	115	11	后来|最后|说|被捕|逃	何心隐办了一所他理想中的学校，格于旧势力，后来解散了。在他四十二岁的时候，由于坏政府抽税，引起民变，官方怪他，把他定了绞罪，后改充军贵州。他的朋友程学颜商请浙江大员胡宗宪调用他，因而出狱。四十三岁随程学颜上北京，得罪了炙手可热的当朝大吏，乃改名何心隐，逃到南方。“从此踪迹不常，所游半天下。”1576年、1577年，官方两次缉捕他，都被他逃脱，但是1579年，他终于在祁门被捕。被捕后，他“千言万语，滚滚立就，略无一毫乞怜之态，如诉如戏，若等闲日子”。最后在湖广巡抚王之垣面前，坐而不跪，公然说：“公安敢杀我？又安能杀我？杀我者，张居正也！”王之垣痛笞他，最后被打死在狱里，年六十三岁。
011.文学类.txt	11	11	问|下狱|被杀|蔡邕	董卓掌权后，很欣赏他，强迫他再回中央，他想“自慝”于山东，没有成功。王允杀董卓后，蔡邕叹了口气，王允认为这口气叹得思想有问题，把他下狱，要杀他。他请求用刺脸砍脚来换得一命，以便完成《汉史》，王允不肯，遂被杀，年六十一岁。
011.文学类.txt	145	11	后来|问|说|蔡邕	后来董祀做官犯法，判了死罪，蔡琰亲自向曹操求情。当时满朝公卿在座，曹操说：“蔡伯喈女在外，今为诸君见之。”蔡琰进来后，“蓬首徒行，叩头请罪，音辞清辩，旨甚酸哀，众皆为改容。”曹操同意开脱董祀，并送蔡琰“头巾履袜”，顺便问她家藏的蔡邕书稿还在不在，蔡琰说都散失了，她还背出一些。曹操想根据蔡琰的背诵，派十个人去记录下来，蔡琰说：“男女之别，礼不亲授，乞给纸笔，真（书）草（书）唯命。”就这样的，蔡琰自行默写，保留了许多文献。
011.文学类.txt	240	11	传说|后来|说	黄遵宪后来调任驻美国旧金山总领事，再任湖南按察使。戊戌政变后，传说他窝藏康梁，以致家里被搜。自是杜门不出，专事著作，一直到死。
011.文学类.txt	264	11	故事|最后|梦	关汉卿的名作，结构与题材最好的是《窦娥冤》，是根据《汉书》《搜神记》的故事，写出的一个孝妇的大悲剧。早在一百多年前，就在欧洲有了译本。他写的《救风尘》，写妓女争取自由的技巧，虚虚实实，生动无比。此外，他的《玉镜台》和《切绘旦》，又富有喜剧性。在技巧上，多能在最后掌握高潮，这是他高段的地方。白朴的招牌名作是《秋夜梧桐雨》，写唐玄宗杨贵妃的故事。又有《墙头马上》，写公子佳人的情史。马致远的名作有道教的故事背景，像《黄粱梦》《岳阳楼》《任风子》都是，他的《汉宫秋》写昭君出塞，也很拉风。郑光祖是“名香天下，声振闺阁”的名家，他的《倩女离魂》《㑇梅香》，也都是动人的戏剧。
011.文学类.txt	274	11	故事|最后|说	《水浒传》相沿是施耐庵作的，事实上，它是以宋江三十六人的真人真事为基础，长时间累积起来的。早在南宋时候，就有了《花和尚》《武行者》《青面碧》等话本。到了宋末元初，水浒故事就逐渐扩大，施耐庵把这些扩大的材料，做了总整理（又说罗贯中也整理过），最后成为一大名著。
001.《要把金针度与人》（代序）.txt	6	10	不料|说|梦|发配	□古代中国人读书读得最多的无可考，唐朝诗人杜甫说他“读书破万卷，下笔如有神”。其实古书字大，万卷书并没有多少。清朝陈梦雷说他“读书五十载”“涉猎万余卷”，由他编出的《古今图书集成》（参看《中国名著精华全集》第四册）看来，陈梦雷读书之多，该在古人中考第一。陈梦雷是清朝进士，他的渊博，被皇家王爷看中，叫他编了全世界最大的百科全书——《古今图书集成》。《古今图书集成》是根据中国一万五千多卷经史子集的典籍编成的，前后用掉了四年半的时间（1701-1706）。全书共有一万卷、六汇编、三十二典、六千一百一十七部，初版本有五千零二十大册，一亿四千四百万字，分装五百七十六函。这部大书，“凡在六合之内，巨细毕举，其在十三经、二十一史者，只字不遗；其在稗史集者，亦只删一二。”它的体大思精，确属空前。陈梦雷可说是苦命的人，三藩之乱时，正赶上他回家探亲，被靖南王耿精忠胁迫造反，不干就杀他爸爸，他没办法，只好合作，不料造反失败，又被他的好朋友李光地出卖——不肯证明他的清白；又被张冠李戴，误会成“行贼伪命”的陈昉，所以罪上加罪，被发配到东北做奴隶。过了十六年后，赶上康熙皇帝东巡，把他召回来，叫他陪皇帝的第三个儿子诚亲王读书，在这段优游的岁月里，他“目营手检，无间晨夕”，终于编出了这部有史以来最大的百科全书。康熙皇帝死后，苦命的陈梦雷又开始苦命了。他所依靠的皇三子诚亲王失势，继位的康熙皇帝的第四子——雍正皇帝，自然对哥哥的亲信们大加整肃，陈梦雷则首当其冲，又被“发遣边外”，送到了东北。这时陈梦雷已经七十多岁了，他死在乾隆六年（1741），活了八十多岁。由以上杜甫和陈梦雷都读万卷书的标准看，杜甫的读书成绩就不如陈梦雷，因为陈梦雷把他的读书成绩用编了大书作为嘉惠别人的展示，可是杜甫就没有这种效果了。
003.总类.txt	32	10	不料|说|梦|发配	陈梦雷可说是苦命的人，他在三藩之乱时，正赶上回家探亲，被靖南王耿精忠胁迫造反，不干就杀他爸爸，他没办法，只好合作；不料造反失败，又被他的好朋友李光地出卖——不肯证明他的清白；又被误会成“行贼伪命”的陈昉，所以罪上加罪，被发配到东北做奴隶。过了十六年后，赶上康熙皇帝东巡，把他召回来，叫他陪皇帝的第三个儿子诚亲王读书，在优游的岁月里，他“目营手检，无间晨夕”，终于编出了这部体大思精的名著。
003.总类.txt	48	10	传说|说	《史通》因为大胆批评到有关圣人的传说不可信等主题，一直被封杀，直到宋朝以后，才慢慢抬头。名著之不幸，有如此者！
004.哲学类.txt	170	10	有趣|曰	公孙龙是中国思想中的彗星。中国思想，最薄弱的是逻辑，在思想方法上，常常气壮而不理直，推理推了半天，结果把理推到一边去了。这时候公孙龙出来，用逻辑方法，把一般的比喻，来了一番使人吃惊的新解，自然就不同凡响了。例如《论语》中谈坚白，（“不曰坚乎？磨而不磷；不曰白乎？涅而不淄。”）但这种坚白观念，到了公孙龙手里，就发展出逻辑的讨论。这种思想方法上的细密，除了《墨子》外，是古人所不及的（公元前5世纪，希腊的季诺（Zeno）跟公孙龙有不可思议的相似之处，这是一件最有趣的事）。公孙龙的出色，也正在这里。
005.宗教类.txt	12	10	说|梦|董仲舒	董仲舒打着儒家的招牌，耍着阴阳家的把戏，用阴阳四时五行种种迷信怪说，逢迎主上，以期得君行道，结果却变成了统治者为虎作伥的帮凶，成了助长专制政治的第一罪人，也成了“罢黜百家，独尊儒术”的统一思想的第一罪人。这种跟统治者与虎谋皮的知识分子的迷梦，在梦醒时分，除了落得虎口余生外，什么都与春秋代谢了。
005.宗教类.txt	39	10	传说|说	《山海经》是中国的书里最怪的一部，自古就被看做一部荒诞不经的书，共十八篇，三万多字，传说是夏禹、伯益作的，其实不是一人一时的作品，而是战国后期定形出来的一部中国各地传说。
005.宗教类.txt	41	10	有趣|说	《山海经》在《汉书·艺文志》中放在刑法家之首，自汉朝到明朝，都被当做地理类的书，一直到了清朝，才被列入小说类，但是从民俗和神话观点上看，它倒有着极大的价值，显然不是什么小说。明朝胡应麟早就说它是“古今语怪之祖”，它显然不是地理书也不是小说书。《山海经》中一大特色是它的巫术意味，例如佩戴一种鹿蜀怪兽的皮毛，可以多生贵子；佩戴一种狏怪羊的皮角，可以以恶治恶；吃下一种狌狌怪物的肉，可以健步如飞，都是有趣的例子。这都是民俗和神话的史料。
006.社会科学类.txt	20	10	说|商鞅|韩非	法家中有三派：慎到重“势”、申不害重“术”、商鞅重“法”。《韩非子》有一段话，说到这点：
006.社会科学类.txt	24	10	后来|说|商鞅	公孙鞅（？-前338），是卫庶公子，故叫卫鞅；又被秦封于商，也叫商鞅。他年轻时候，就有“奇才”，后来见到秦孝公，他向秦孝公第一次说以“帝道”，秦孝公昏昏欲睡，怪他是“妄人”；第二次说以“王道”，秦孝公仍不感兴趣；第 三次说以“霸道”，秦孝公愈听愈朝前靠，听得有味，“不自知膝之前于席也”，听了几天，还要听。
006.社会科学类.txt	84	10	传说|说	龚自珍五十岁时死去，死得不明不白，传说他跟亲王奕绘的小老婆顾春私通，因而被刺。其生也疏宕，其死也雄奇，他的一生，真算得上是“化作春泥更护花”了。
006.社会科学类.txt	121	10	传说|说	《周礼》原称《周官》，是汉朝刘歆改名《周礼》的。传说是周公所创立的理想政制，所谓“周公致太平之迹也”。因为它是中国政制书中最细密的一本，所以被视为珍宝。
006.社会科学类.txt	152	10	掌故|说	辜汤生从二十八岁（1885）起，入张之洞幕府，为张之洞主持英文译述，历时二十多年，他说张之洞对他“虽未敢云以国士相待，然始终礼遇不少衰”。张之洞死后，他以二十多年间见闻所及，写成《张文襄幕府纪闻》，对晚清掌故礼俗，多有生动的记述。另以英文写《中国的牛津运动》（The Story of a Chinese Oxford Movement）一书。德国汉学家卫礼贤（Richard Wilhelm）把它译为德文，名叫《中国反对欧洲观念之理由》，指定为哥廷根大学哲学系学生必读参考书。民国以后，辜汤生又用英文写成《原华》（The Spirit of the Chinese People）一书，一名《春秋大义》，宣传中国文化的博大精深。
008.自然科学类.txt	26	10	传说|说	春秋战国时代，由于已从车战演变到骑兵，马的身价，也就愈来愈高。传说中的相马专家是伯乐，事实上，这种专家是很多的。《吕氏春秋-观表篇》就提到十个相马家；《史记-日者列传》也提到“以相马立名天下”的人氏，这些都可证明古人对相马的重视。
011.文学类.txt	17	10	最后|说|入狱|被杀	孔融反对恢复肉刑，反对曹丕私纳袁绍儿媳妇，反对曹操禁酒……演变得跟曹操不合。小人郗虑从中搞鬼，最后由路粹罗织孔融罪名，说他“招合徒众，欲规不轨”，说他“谤讪朝廷”“不遵朝仪”“大逆不道”。于是孔融又第二次入狱。最后全家被杀，全无完卵，年五十六岁。
011.文学类.txt	193	10	传说|说	杜甫（712-770），字子美，因住地被称为少陵、杜陵，因官职被称为拾遗、工部，河南巩县人。他出身唐朝官宦之家，七岁就能写诗。二十岁离家云游，三十五岁到京城做小官，四十四岁碰到安史之乱，饥饿中饱尝流离之苦，吃过草根树皮。晚年带着家小，投靠亲戚，定居在四川成都。五十八岁死去，传说饿死在破庙里。
011.文学类.txt	207	10	后来|说|李贺	李贺的父亲叫李晋肃，因为“晋肃”两字和“进士”两字声音很近，李贺为了避讳，就不得考进士了。韩愈特别写了一篇《讳辨》来为他说话，但他终于绝缘于名场。后来在家乡隐居，二十七岁时死去。临死前删定所作诗二百三十三首，流传至今。
011.文学类.txt	225	10	故事|说	另一个硬给她造谣的原因是政治的，吴衡照在《莲子居词话》里说：“岂有就木之龄已过，隳城之泪方深，顾为此不得已之为，如汉文姬故事？意必当时嫉〔哲宗〕元祐君子者攻之不已，而及其后〔人〕：而文叔之女（她的父亲李格非字文叔）多才，尤适供谣琢之喙，致使世家帷薄，百世而下，蒙垢抱诬，可慨也已！”就正道破了这一点。
011.文学类.txt	279	10	传说|说	罗本（约1330-约1400），字贯中，以字行，号湖海山人，山东东平人。他是明朝第一小说家，写过五种小说。传说他是施耐庵的学生，所以《水浒传》的完成，他也有份。
011.文学类.txt	294	10	有趣|说	《儒林外史》是以知识分子为基线的伟大小说，它用悲悯的笔法写社会黑暗，骂而不愠、讽而不虐、悲伤中有趣味、轻快里有哀愁，是千古奇书。
012.史地类.txt	5	10	传说|说	《左传》在东汉末年，愈来愈走红了，它压倒了《公羊传》和《谷梁传》，变成了重要的史书。但它因涉嫌未得孔子《春秋》的真传，一直被部分人士否定。到了清末，康有为甚至认为它是汉朝刘歆假造的。《左传》的作者，历来传说是左丘明，左丘明是“鲁君子”，又说是孔子的学生。
012.史地类.txt	9	10	传说|说	传说《春秋》是孔子写的，是不对的，《春秋》实际是鲁国史官的作品。这书包括了公元前8世纪到5世纪内二百四十二年的历史，历史虽用鲁国纪元，记的却是各国的事。它的用意有两个方向：一个是写史实，一个是写教训。因为原文太简略，所以便有解释原文的书出现，其中《左传》着重在史实方面，《公羊传》和《谷梁传》着重在书法方面。书法就是发挥“笔则笔，削则削”的褒贬力量，笔是写出来，削是不写出来，写和不写都有大道理，这种大道理，就是春秋大义。
012.史地类.txt	71	10	故事|说	《世说新语》原名《世说》，唐朝改为今名。它的成书，可能和《吕氏春秋》一样，是门客的集体创作，内容包括五六百条精彩的小故事，由六百有头有脸的人组成。全书共分三十六篇。卷首四篇，包括：德行、言语、政事、文学，是儒家原有的分类；卷中、卷下共三十二篇，是刘义庆新的分类。卷中包括：方正、雅量、识鉴、赏誉、品藻、规箴、捷悟、夙慧、豪爽九篇。卷下包括：容止、自新、企羡、伤逝、栖逸、贤媛、术解、巧艺、宠礼、狂诞、简傲、排调、轻诋、假谲、黜免、俭啬、侈汰、忿狷、谗险、尤悔、纰漏、惑溺、仇隙二十三篇。
012.史地类.txt	72	10	故事|说	《世说新语》写尽了魏晋人物的音容笑貌，每个故事落墨不多，或优美、或洒脱、或惊心、或动魄，都是很有味道的。中国古书多犯头巾气的毛病，《世说新语》却像是脱帽后的闲谈，别有风味与情调。
013.《中国名著精华全集》序.txt	69	10	传说|说	春秋战国时代，由于已从车战演变到骑兵，马的身价，也就愈来愈高。传说中的相马专家是伯乐，事实上，这种专家是很多的，《吕氏春秋-观表篇》就提到十个相马家；《史记-日者列传》也提到“以相马立名天下”的人氏，这些都可证明古人对相马的重视。这部《相马经》竟用来给死人陪葬，它在当时，必然是流行的一部名著。读了这部书，我们不得不惊讶：古人对马，原来是这样不马虎！
001.《要把金针度与人》（代序）.txt	11	9	问|说|梦	□就是。它的完成，该归功于远流出版社的王荣文。王荣文是中国出版史上最有创造性大手笔的小兄弟。五年前，他和我合作，出版《中国历史演义全集》，创造出中国出版史上划时代的大轰动。四年以后，他写信给我，说：“香港那边，台湾这边，都整理了无数的国学材料，但几乎还没有一个人为现代读者整理出一套可以读得下去、读得懂、包含各方面文化精华的中国名著全集。”因此他相信：“如果能把中国的东西整理出一个定品”，该是一件最值得做的事。这件事，就是出版《中国名著精华全集》。王荣文把这一件最值得做的事逼我来做，要我来“表现这几十年来海内外研究中国成绩的总和”，我相信他把人找对了。我的确是主持这一工作的最佳人选。记得十九年前，我与徐复观对簿公堂，两人一边打官司一边喝咖啡，谈得非常开心。徐复观心血来潮，说了一段真心话，他说：“你李先生真是怪人，你念古书，念得比我们还多还好，你却主张全盘西化！如果你来宣传中国文化，你宣传的成绩一定比我们都好！”徐复观说得没有错，我真是对中国文化最有理解的人。最大的原因是我真的会看古书，会利用古书、活用古书，古书本是朽腐，除非你能化朽腐为神奇，看古书对现代人没什么用处。不幸的是，据我所知，看古书的人，很少不陷入泥淖的，一百个有九十九个，都变成摇头摆尾的老夫子，思想迂腐而泥古，愈来愈混蛋（年轻时小混蛋，年老后老混蛋），因此我倒了胃口，从不鼓励人看古书了。但是，如果有好的选本，再有“读书得间”的训练，古书中毕竟还有一点披沙拣金的好处，可以给我们活用，问题是谁来主持这一化腐朽为神奇的工作呢？王荣文看出来非李敖不可，李敖也看出来非李敖不可，于是，工作便这么敲定了：王荣文找对了人，李敖找对了书，徐复观的一个好梦，居然在十九年后，在我无改全盘西化的大前提下，居然成真了。
004.哲学类.txt	14	9	故事	《汉书·艺文志》中有《列子》八篇，但是现在传下来的《列子》八卷，却不是《汉书·艺文志》著录的，而是魏晋的人伪造的。当然伪造的时候，也会根据一些流传下来的古代材料，所以它的内容，就是一部“大锅炒”。在它里面，有先秦各家的思想、有秦汉时代的名物，甚至还有一点佛书故事，很是驳杂，但它的主调还是老庄思路。它在“杨朱篇”中所表现出来的杨朱思想，甚至比《孟子》中的“为我”、比《吕氏春秋》中的“贵己”、比《淮南子》中的“全生保真”还激烈，已经超出《庄子》盗跖篇之上，所以《列子》在了解中国思想，尤其是魏晋思想上，有它重要的地位。
004.哲学类.txt	90	9	说|被捕|下狱	陈亮前后下狱三次。第一次被人检举喝醉酒说错话，被捕后，办案人员“笞掠〔陈〕亮无完肤，诬服为不轨”。被宋孝宗知道了，说了一句“秀才醉后妄言，何罪之有？”才算免了牢狱之灾。另外两次都是莫名其妙的被牵连。《宋史》说他“自以豪侠屡遭大狱，归家益厉志读书，所学益博”。
004.哲学类.txt	112	9	说|董仲舒	《明史》说：“廷相博学好议论，以经术称。于星历、舆图、乐律、河图、雒书及周、邵、程、张之书，皆有所论驳；然其说颇乖僻。”但是现在我们检查他的遗作，却发现“其说乖僻”中，有很多进步的言论。他对传统的、世俗的一些看法，有他独立的见解。他既反对程、朱、陆、王的理、气、太极、性、知、行等的思想，又反对董仲舒的天人思想，又反对邵雍的象数思想，又反对上行、灾异、鬼神、风水等的迷信思想。他公然说：“五行生克出自异端邪术，古今大惑莫甚于此。”公然说风水是“邪术惑世以愚民……不孝之事莫大于此”。这种革命性的“乖僻”言论，是古今少有的。
005.宗教类.txt	10	9	问|董仲舒	董仲舒（前176-前104），号桂岩子，河北冀县人，是汉武帝时代的博士。他上课时候，要“下帷讲诵”，他的学生，甚至要“传以见次相授业”（间接教来教去），“或莫见其面”。早年时候，他的专心，可以“三年不窥园”；晚年时候，他“去位归居，终不问家产业，以修学著述为事”，很受人尊敬。
006.社会科学类.txt	7	9	后来|说|管仲|鲍叔	管仲（约前719-前645），字夷吾，安徽颍上人。他年轻时候很穷，但是碰到一个知己——鲍叔牙。两人在齐国内乱时，分别在公子纠和小白两个继承人身上押宝，结果管仲押的公子纠失败，管仲被关起来；鲍叔牙押的小白成功，变为齐桓公。鲍叔牙深知管仲有才干，乃请齐桓公放管仲出来，并用之为相。结果九合诸侯，一匡天下，成就了大的功业。管仲后来回忆说：
006.社会科学类.txt	31	9	说|韩非	韩非的书是中国法家思想集大成的著作，它代表中国思想中“礼”“法”之争中法的立场。对统治者说来，法治比礼治更来得深切著明、来得实际。虽然在正统上，法家思想因为反对儒家思想而饱受评议，但对统治者说来，“外儒内法”却是他们所优为之的。结果呢？中国的统治者，最会挂儒家的羊头、卖法家的狗肉，变成了最虚伪的二重人格的恶棍。
006.社会科学类.txt	132	9	说|扬雄	李觏（1009-1059），字泰伯，江西人。他是北宋的大思想家。二十三岁著《潜书》。二十四岁著《礼论》。三十五岁教书，跟他上课的好几百人。四十一岁时候，范仲淹向朝廷推荐他，说：“李觏著书立言，有孟轲、扬雄之风义……斯人之才之学，非常儒也。”他在五十一岁死去，被称为“盱江先生”。
006.社会科学类.txt	142	9	说|赦|发配	洪亮吉（1746-1809），字君直，一字稚存，号北江，晚年号更生，江苏阳湖人。他是一位史地学者，到了四十五岁，中了进士，做了小官。五十四岁时候，清朝高宗死后半年，他上书成亲王痛论时政，说仁宗“宵小荧惑，视朝稍晏”。第二天就给抓起来，第三天就要以大不敬斩立决。第四天仁宗免他一死，把他发配新疆伊犁，“交将军保宁严加管束”，一百多天后赦回。绝域生还，乃自号 更生居士，在家乡著书授徒，九年后死去。
008.自然科学类.txt	16	9	曰|说|梦	沈括是中国有史以来稀有的通才，他对文学、语言、艺术、天文、历法、数学、科技、生物、史学、考古等等，都有独到的研究，他的渊博与细腻，可说古之所无，今之罕有。他一生中，著作很多，可惜大半都失传了。但是，《梦溪笔谈》的有幸流传下来，却多少可使我们知道他晚年见解的片段。沈括晚年隐居，“退处林下，深居绝过从……所与谈者，笔砚而已。”所以就名之曰“笔谈”了。《梦溪笔谈》一共二十六卷，另有《补笔谈》两卷、《续笔谈》一卷，总计六百零九条。他的渊博精到，从这些条目中，可见一斑。
011.文学类.txt	22	9	说|陆机	陆机是多种文体的作者，现在《陆士衡集》有诗三卷、赋四卷、杂著一卷、文两卷。张华对陆机说：“人之为文，常恨才少，而子更患其多。”由此可看出他“天才秀逸，辞藻宏丽”的一面。
011.文学类.txt	298	9	后来|说|梦	曹霑一生亲历人世的兴亡衰谢，抚今追昔，“燕市狂歌悲遇合，秦淮残梦忆繁华”，写了长篇小说《红楼梦》。这书是“披阅十载，增删五次”的作品，写了八十回，并没写完，他就死了。后来高鹗续作四十回，就成了今天流行的一百二十回本《红楼梦》。
012.史地类.txt	86	9	被捕|郦道元	郦道元死后，萧宝夤谎报是为贼所害，并为他办丧事。乱世人权，如此而已。（杀他的萧宝夤也是狠人，他杀了郦道元后，就造了反，被捕后临刑前“夷然自持，了不忧惧”，他的妻儿在他面前哭，他“色貌不改”！）
013.《中国名著精华全集》序.txt	96	9	说|管仲	⑧古书入选标准，以1912年为下限（偶有例外，也是记事在1912年前的，像吴永的《庚子西狩丛谈》是）；以一人一书为原则（所以只能说是割爱，不能说是遗漏。此外，也有两人“共家”的书出现，如程颢程颐的《二程全书》；也有以辑佚刊印者挂名的一堆书出现，如叶德辉的《双梅景暗丛书》。所以，这套《中国名著精华全集》，作者不止二百人，书也不止二百种）；作者不明确的，从俗标注（当然过分荒谬的，如黄帝作《内经》等，也只好以佚名处理）；作者有时不明确，也是古书的一大特色。古人没有著作权观念，不但没有，还喜欢把自己的作品，射在别人头上，这种作者叫“箭垛式作者”。“箭垛式作者”有时以一个人代表一个学派（像管仲之于《管子》）、有时以一个人代表集体创作（像施耐庵之于《水浒传》）都不可拘泥就是；作者明确的，书名尽量采用作者死后的总集名目（像收入章炳麟的《国故论衡》，但目录上却用《章氏丛书》等是）；但是生前有总集性质的书名，虽然包罗不全，我也尽量把以后的出版品来个总归户，归到这个书名下（像康有为《万木草堂丛书》等是。）
001.《要把金针度与人》（代序）.txt	31	8	后来|问|说|告诉	□大体上说，实在不敢恭维。当然有些个人是不乏会读古书的，像俞樾，就是最突出的一位。俞樾是清朝进士，咸丰年间因为“命题割裂”，被革职为民；又因为“故里无家”，就在江苏苏州住下，后来到各地讲学三十年。他“生平专意著述”。每一年下来，都“有写定之书，刊行于世”，中国像他这样勤勉而每年有成绩出来的作者，实在少见。他活了八十六岁，全部著作收入《春在堂全集》（参看《中国名著精华全集》第六册）。俞樾的名著有《群经平议》《诸子平议》《古书疑义举例》等。《古书疑义举例》出得最晚，写得也最炉火纯青。这书共七卷，把古书疑义分类写成八十八条，用前无古人的科学方法，使人们知道如何认识古书。刘师培说这书“发古今未有之奇”，可谓定评。这书后来引得刘师培、杨树达、马叙伦、姚维锐等的仿作补作，影响极为深远，俞樾虽然能够“读书得间”，但是，他因为没有现代新学问的光照，全部的努力，仍是支离的“土法炼钢”的成绩而已。这一教训，清楚的告诉了我们，没有现代新学问的光照，读古书也有瓶颈的。此中最主要的原因是：中国传统下来的书的结构与素材，都有严重的问题。
001.《要把金针度与人》（代序）.txt	40	8	后来|最后|问|说	□我觉得夏曾佑的感慨是很有见地的，难怪陈寅恪后来和他同感。他们两位，都是博极古书的人，最后竟有这种高明的觉悟，是很可注意的。苏雪林《文坛话旧》中记闻一多，也有类似的情况。苏雪林说：“别人钻故纸堆，愈钻愈着迷，终于陷溺其中不能自拔，便要主张中国文化是世界第一。闻一多早年时代何尝没有这种冬烘臭味？可是，现在的他却是奇怪，竟与从前的自己走着完全相反的道路。三十三年五四前夕，联大一部分学生举行了一个历史晚会，张奚若、吴晗、雷海宗均有演说。闻氏曾说：‘刚才张先生说辛亥革命是形式上的革命，五四是思想革命，正中下怀。中国这些旧东西我钻了十几年了，一个一个字都弄透了，愈弄就愈觉得“要不得”，现在我要和你们“里应外合”地把它打倒。’他又在某一次对友人说：人家见我终日读书，‘以为我是蠹虫，却不知我是杀蠹的芸香’，‘你想不到我比任何人还恨那故纸堆，正因恨它，更不能不弄个明白。’”夏曾佑、陈寅恪、闻一多的觉悟，都是真正深知“中华文化”后的觉悟。陈寅恪说：“中国书虽多，不过基本几十种而已，其他不过翻来覆去，东抄西抄。”俞大维“懊悔”当时没问陈寅恪“到底是哪几十种书”。我想，我这套《中国名著精华全集》的问世，已代他们解决了这个问题。由于我的精挑细选，我的确已“把中国的东西整理出一个定品”，我化腐朽为神奇，终于给中国人提供了一点披沙拣金的好处，“集”旧中国“天下之书为一书”，这真是源远流长的大功德了！
004.哲学类.txt	37	8	后来|自杀|扬雄	扬雄四十岁后，到了京师做官。王莽当政，扬雄“求免于祸”，写过《剧秦美新》的马屁文章。但他虽然决心避祸，祸还是到了家门。在刘歆儿子刘棻的案子里，终于被牵连到。治安人员来抓他的时候，他在天禄阁楼上校书，乃跳楼自杀，差点摔死。后来查出他只不过教刘棻写过字，并未涉案，乃不了了之，而他自己，白白摔得鼻青眼肿一场。
004.哲学类.txt	123	8	说|逃	顾炎武最恨一般知识分子的逃避现实。他说：“君子之为学，以明道也，以救世也。徒以诗文而已，所谓雕虫篆刻，亦何益哉？”又说：“今日之清谈，有甚于前代者；昔之清谈谈老庄，今之清谈谈孔孟……以明心见性之空言，代修己治人之实学。”这种沉痛与气魄，真是古今罕有。
006.社会科学类.txt	30	8	最后|说|韩非	韩非（约前280-前233）是战国时代韩国的国姓爷，可是没有机会得君行道，于是他写了十几万字的书，以抒抱负。这书流到秦国，被秦始皇看到了，秦始皇表示但恨不见古人。秦始皇的行政头子李斯说韩非不是古人，乃是他的同学。于是，秦始皇就向韩国发兵抢人，就这样的，韩非到了秦国。但在秦国，韩非君是得了，道却被别人行了——最后李斯用了韩非的理论，却把韩非给害死了。韩非死后十二年，秦始皇统一了天下。
006.社会科学类.txt	74	8	曰|逃	甄性至孝，父丧，独栖殡室三年。以世乱不克还葬，遂葬父虎丘。顺治十四年举人。选长子（山西长子县）令，下车，即导民树桑凡八十万本，民利赖焉。未几，坐逃人诖误，去官，僦居吴市，炊烟屡绝，至采枸杞叶为食，衣败絮，著述不辍。始志在权衡天下，作《衡书》，后以连蹇不遇，更名《潜书》。分上下篇，上篇论学，始“辨儒”，终“博观”，凡五十篇；下篇论政，始“尚治”，终“潜存”，凡四十七篇。上观天道，下察人事，远正古迹，近度今宜，根于心而致之行，非虚言也。宁都魏禧见而叹之曰：“是周、秦之书也，今犹有此人乎！”卒，年七十五。
010.艺术类.txt	10	8	后来|最后|唐寅	唐寅年轻时候，乡试考了第一名，座主梁储很赏识他，转介绍给程敏政。但他运气太差，程敏政被劾，连累到他，他跟着坐了牢。后来“谪为吏，耻不就，居家益放浪”。宁王宸濠造反前，仰慕他的文名，“以厚币聘之”。又一次运气太差来了，他发现宸濠又是一个早晚会使他坐牢的祸首，于是他“佯狂使酒，露其丑秽”，使宸濠吃他不消，最后放他走路。他的晚年，都沉醉在诗酒书画之中，颓然自放，讽世以死。
010.艺术类.txt	11	8	问|说|唐寅	唐寅是乱世中的大才子，洒脱而有真性情，他在《伯虎自赞》中说：“我问你是谁？你原来是我……你我百年后，有你没了我。”如今，几个百年过去了，唐寅的身世与哀遇重新被我们认定——不分你我。
011.文学类.txt	36	8	说|被杀	徐敬业起兵失败后，《新唐书》说“宾王亡命，不知所之”，《旧唐书》说“伏诛”，显然是被杀了。
011.文学类.txt	38	8	说|入狱	骆宾王任侍御史时入狱，写了《在狱咏蝉》五律一首，说：“无人信高洁，谁为表予心？”他死后，绝没想到“表”他“心”的，竟是他的头号政敌——武则天！这位女皇帝的度量，真不简单了 ！
001.《要把金针度与人》（代序）.txt	37	7	后来|最后|说	□对了。中国传统中的一团云雾，先在图书分类上，你就先思过半矣。中国书的分类，最流行的，是四部（经、史、子、集）分类。四部分类从东晋以后通吃，变成了典型的图书分类规范。但是稍一留心，就知道这种分类是相当荒唐的。以四部中第一部“经部”为例，“经部”的一部分，近于百科全书式的总集，应分入总类、文学类、历史类，其他部分（像《论语》《孟子》），应分入“集部”（个人集子）；以第二部分“史部”为例，体裁上分正史、编年、别史、杂史、载记等，全无道理与必要，其他诏令应分入法律类，时令应分入天文类，目录应分入总类；以第三部分“子部”为例，老庄申韩等家，其实与《论语》《孟子》无别，都应分入“集部”，其他谱录中草木虫鱼应分入植物类、动物类，类书应分入总类，小说应分入文学类；以第四部分“集部”为例，“经部”“子部”分过来的书，多可分入哲学类、法律类、文学类……总之，四部分类，大体上说，“经”“子”“集”多是一类，“史”是另一类，四部分类实在只是两部分类。分类、分类，分了半天类，最后只分了两类，所谓分类，分了等于没分，这叫什么分类！以《孟子》（参看《中国名著精华全集》第十七册）为例，孟轲自命是孔丘的传人——“乃所愿则学孔子也”，他说：“由孔子而来，至于今百有余岁。去圣人之世，若此其未远也；近圣人之居，若此其甚也。”这是十足以圣人自命了。所以他的结论是：“如欲平治天下，当今之世，舍我其谁哉？”这又是十足以道统自承了。虽然这样，在身份关系上，孟轲却只不过是孔丘孙子子思的学生中的学生而已。但是，到了唐朝，韩愈推崇孟轲是直承道统的人物；到了宋朝，他配享到孔庙；到了元朝，他被封为亚圣；到了明朝，因为明太祖不喜欢他，吃了一点蹩；后来就一直风光，直到今天了。《孟子》一书共三万四千六百八十五个字，在内容上，理直气壮固多，理不直气壮也不少。中国人推理不合逻辑，受孟轲的影响应该不少。这部有影响的书，在图书分类中，在北宋以前只是子书，宋仁宗后，才升段为经书，真是愈来愈走运了。走运虽然走运，但却成了中国图书分类胡来的一个样板，中国人在思考上一塌糊涂，由此暴露无遗。
002.李敖谈分尸读书法.txt	4	7	最后|曰|说	为什么我如此自豪？因为我深知一般人的读书方法是错误的，这种错误，和传统有关。中国人讲读书，集大成并开先河的是“朱子读书法”，其实“朱子读书法”影响下，读书人变笨了，例如朱子要人读不懂时就读二十遍、三十遍、五十遍，甚至一千遍、一万遍，这不是大笨蛋吗？又要人每次只看一本书，演变成一书不读毕不读它书，这也是大笨蛋。我的方法就高明多了。基本上，我看书只跳看一遍，所谓跳看，是每页的重点让它跳出来给你看，而不是逐字逐句死读，也不是所谓连读，连读方法我看像“小和尚念经——有口无心”，是骗人的。因为有跳读的本领，所以无所谓一目十行或二十行，行里只要有重点，立刻两目把它楸出，半行也要扣住；如非重点，十行二十行也把它忽略，不浪费时间。同时眼到手到，重点部分立刻用色笔勾出，剪刀剪下或刀片割下（两面都有重点时，一面要影印；或者干脆用同样的两本书切出每面都朝上的单页）这样子随看随动手，再把“分尸”下来的分类处理，这样一来，这本书，就跑不掉了，它永远为你所用，并且拈之即来，不易忘记。一般人用错误的方法读书，读过以后，不但事倍功半，并且那半个功，也渐行渐远，最后只留下模糊印象，虽曰看过，其实白看了，绝大部分都忘光了。在我跳看的过程中，对重点有兴趣，我会随时找来其他有关的许多书同步钻研，名之曰“獭祭法”，眼前摆出一大排书来坐享，这时候，绝不是每次只看一本书了，而是触类旁通，互相印证与补充，这样子折腾下来，书才真正为我所用。禅宗和尚说别人读书读的都字字是字，他读的却字字是禅，这是鬼话；禅是空洞的、玄虚的、自欺欺人的，而我的读书法才是字字落实。
003.总类.txt	20	7	问|答|告诉	张之洞为告诉初学者“应读何书”和“书以何本为善”，特由缪荃孙帮忙，写了《书目答问》。这书有刻本颇多。
003.总类.txt	24	7	最后|问|说	胡应麟在读书风气不高的晚明时代，是朱彝尊所说的“读书种子”。晚明读书风气不高，一方面是“束书不观”高谈“实践”的性理派；一方面是不读汉朝以后的书的复古派，相激相荡之下，学问是不扎实的。胡应麟在这种风气里挺身而出，主张又精又博的学问，是很难得的。他呼吁：“凡著述贵博而尤贵精，浅闻眇见，曷免空疏；夸多炫靡，类失卤莽。博也而精，精也而博，世难其人。”他自己也身体力行，“不敢以鸿硕自居，不致以空疏自废。”他写《四部正讹》一书，上承宋濂的《诸子辨》，扩大检讨重要的古书，为古书辨伪，就是功力极深的一部著作。古书辨伪工作早发于刘知几、柳宗元，由胡应麟、姚际恒接了力，最后光辉后照，直到今天，他们的功劳，我们应该长记。
004.哲学类.txt	6	7	有趣	1973年11月到1974年初，中国大陆出土了帛书《老子》两种，提供了极好的帮助。它们证明了过去的许多校勘学、训诂学，都错了，这倒是一件非常有趣的事。
004.哲学类.txt	28	7	后来|吕不韦	吕不韦（？-前235）是战国后期的大商人，是“阳翟大贾”（阳瞿在河南禹县）。他经商到赵国的邯郸，正巧碰到在赵国做人质的秦国公子，立刻用生意眼判定这个公子“奇货可居”，便烧他的冷灶。后来这公子继位，就是秦庄襄王，吕不韦投机成功，当了丞相。庄襄王死后，秦始皇继位，继续请他做丞相，前后掌权十多年，食客三千人，家僮万人。
004.哲学类.txt	29	7	说|吕不韦	《吕氏春秋》是吕不韦的食客为他编的书，有二十六卷，一百六十篇，二十万字，内容是把先秦各家的思想综合，变成一套拼盘式的学说系统。先秦各家的思想，本来是各搞各的，经吕不韦这样一统战，就全部变成他的“思想食客”了，他自然得意非凡。他把书挂在城门上，悬赏能够改一字的，赠千金，由此可见他的气派。在哲学派别上吕不韦属于杂家，一部书什么都一网兜收，当然要杂啊！
004.哲学类.txt	39	7	说|扬雄	扬雄努力的方向，在使儒家与道家合流，使阴阳家靠边站。西汉思想在初期是道家与阴阳家合流，中期是儒家与阴阳家合流，闹出一片谶纬灾异之学，搞得乌烟瘴气。扬雄有鉴于此，乃著书立说，想把主流带入新方向，他的用心，是很难能的；他的努力，是很可怜的。
004.哲学类.txt	138	7	后来|说|告诉	颜元（1635-1704），字易直，号习斋，河北博野人。他父亲是朱家养子，他也生在朱家。十五岁结婚，但为了要学仙，不肯同房。十六岁“知仙不可学，乃谐琴瑟”。十九岁朱家有讼案，他被捉进牢里，在牢里看书自修。出狱后做农夫、习武艺、学中医、当教书匠，样样都来。由于父亲失踪，在祖母死时他代行父职，不折不扣的行了不近人情的丧礼（朱子家礼），弄出一场大病。这时别人告诉他，说他父亲根本就不是朱家的人，这时他也觉悟到这种丧礼“有违性情”，因此起了反动。后来他离开朱家，回乡归宗，万里寻父。五十七岁时候，南游河南，发现“人人禅子，家家虚文”，乃对程朱之学更起反动，相信“必破一分程朱，始入一分孔孟”，“不愿做道统中的乡愿”了。
006.社会科学类.txt	9	7	说|管仲	在管仲名下的这部《管子》，包含的思想很杂，有儒、道、名、法、纵横、兵等各家，并包含管仲死后的史实，当然不是管仲所作，该是祖述其说的战国稷下学派所作。朱熹说：“其书恐只是战国时人收拾〔管〕仲当时行事言语之类著之，并附以他书。”是可信的。
006.社会科学类.txt	19	7	说|韩非	申不害（？-前337），河南荥阳人。《史记》在《老子韩非列传》后面带了他一笔，说他是“故郑之贱臣。学术以干韩昭侯，昭侯用为相。内修政教，外应诸侯，十五年（前351-前337）。终申子之身，国治兵强，无侵韩者”。
006.社会科学类.txt	35	7	后来|问|说	贾谊虽然少年得志，但得到一个限度，就不得了。这个限度就是有为与无为之争。贾谊主张政治改革，要改历法、易服制、更官名、兴礼乐，他说：“移风易俗，使天下回心而向道，类非俗吏之所能为也！俗吏之所务，在于刀笔筐箧，而不知大体。”但是，“俗吏”的力量还是很大的，大到可使汉文帝不能破格重用他。在他二十五岁时候，终于被外放到长沙。一年后，汉文帝找他回来，“不问苍生问鬼神”，叫他教小太子读书。后来小太子骑马摔死了，贾谊伤感异常，三十三岁那年，也短命死了。
006.社会科学类.txt	51	7	答|曰|说	王安石（1021-1086），字介甫，号半山，江西临川人。他从小随父亲宦游各地，见闻不少，颇知民间疾苦。二十二岁中进士，做地方官十八年，他拒绝做高官，声名动朝野。宋仁宗时候，他曾上万言书，未被重用；宋神宗时候，重用他推行新法。他从四十九岁起，当国八年，励行改革，由于旧派大臣司马光等反对和客观条件限制，新法有成有败。为了新法的推行，他有信答比他大两岁的司马光，说：“如君实（司马光字）责我以在位久，未能助上大有为，以膏泽斯民，则某知罪矣！如曰今日当一切不事事，守前所为而已，则非某之所敢知。”就是明指中国的事，“一切不事事”的守旧，是他不敢领教的。
006.社会科学类.txt	82	7	后来|问|说	龚自珍（1792-1841），更名巩祚，字瑗人，号定盦，浙江仁和人。他十二岁时候，就跟外祖父段玉裁学“说文”，后来对金石、官制、目录、地理等学，功夫很深。他在道光年间中了进士，官做到礼部主事。他的文章出众，学问渊博，《清史稿》说他“才气横越，其举动不依恒格，时近俶诡”。在那个时代，他的思想算是相当的前进，清末康、梁一辈的维新之士以及革命先进，大都受了他的影响。
006.社会科学类.txt	98	7	后来|曰|说	孙膑（约前380-约前320）的身世，在《史记》里说得很明白。《史记》说：“孙子武者，齐人也。以‘兵法’见于吴王阖庐，阖庐曰：‘子之十三篇，吾尽观之矣。’……孙武既死，后百余岁有孙膑……膑亦孙武之后世子孙也……世传其‘兵法’。”这明明是说孙武有孙武的“兵法”，孙膑有孙膑的“兵法”。但是后来孙膑的“兵法”失传了，由曹操在注《孙子》时，已经只字不提孙膑的情形看，可能在汉朝末年，孙膑的“兵法”就已见不到了。
009.应用技术类.txt	10	7	有趣	至于医方方面，就千奇百怪，有许多迷信的成分，非常有趣。
010.艺术类.txt	9	7	逃|唐寅	唐寅（1470-1523），字伯虎，他的名号繁多，如子畏、六如、桃花庵、鲁国唐生、逃禅仙史、江南第一风流子等。他同时又是世俗中附会的“三笑点秋香”的主角，在名号繁多以外，更增加了他的传奇性。他是江苏吴县人。
011.文学类.txt	4	7	后来|说|召见	司马相如年轻时候，喜欢读书击剑。他在梁孝王那里做食客，写了《子虚赋》，流传到皇宫里，汉武帝看到了，很欣赏，感慨说：“朕独不得与此人同时！”后来得知是同时，便召见他。他为游猎写赋，得汉武帝欢心，就红起来了。
011.文学类.txt	52	7	后来|逃|苏轼	苏轼二十一岁时候，到京中考试，他的文采震惊了主考官欧阳修，中了进士，分别在“庙堂之高”和“江湖之远”做官。后来因为写诗，被人以讪谤朝廷告发，给关进监狱。幸亏他的朋友范缜上书救他，宋神宗本来对他印象也好，就死里逃生，在狱四个月零十二天后，被派到湖北黄州，限制居住，不准离开。
011.文学类.txt	58	7	最后|答|逃	文天祥一度被俘，逃掉后再来；又被俘，蒙古人千方百计盼他投降，答应他高官厚爵、鼓动他亲朋敦劝，但他执意不肯。他在北京牢里，被关了三年多，以正气为歌，始终不屈。最后蒙古人成全他，在鼓乐声中，把他杀在柴市，年四十七岁（实际是四十六岁）。
011.文学类.txt	176	7	后来|自杀|处死|逃|赦	王勃遭遇过一次牢狱之灾。一个官奴叫曹达的，犯了罪，躲在王勃家里，王勃一开始把他窝藏下来，后来怕惹出麻烦，就偷着把曹达杀了。不久事发，他以私自杀人的罪，也要处死。正好碰到大赦，才得死里逃生。
011.文学类.txt	237	7	最后|问|说	在辛弃疾长大以后，他的祖父要他准备地下活动，两次到燕京去观察形势，还没成功，祖父就死了。辛弃疾二十一岁，起义抗金，不久转到南方，看到朝廷腐败，不肯抗战，很是悲愤。但他并不灰心，仍旧做救国工作。可是四十年间，他的生命，大部分都不为时用，用也不得尽其才，最后“却将万字平戎策，换得东家种树书”。竟以爱国词人终老田园，死时六十八岁。辛弃疾留下的词有六百首。周济《介存斋论词杂著》说：“稼轩不平之鸣，随处辄发，有英雄语，无学问语，故往往锋颖太露。然其才情富艳，思力果锐，南北两朝，实无其匹，无怪流传之广且久也！”在所有论断中，这几句话最能写出辛弃疾。
011.文学类.txt	280	7	故事	《三国演义》在承前方面，它汇合了中国民间的三国故事，加以集大成。中国民间流传三国故事，远自唐朝就有纪录，李商隐诗中有“或谑张飞胡，或笑邓艾吃”的话，直到元朝，《斩吕布》《哭周瑜》等杂剧，一直层出不穷。这些故事，经这部奇书草船借箭，终于一统了所有流传，成为定本。在启后方面，《三国演义》的文学性，造成改变历史的离奇效果。《三国演义》有许多许多与事实不合的地方，例如诸葛亮并没烧新野、借东风或演空城计；关羽并没诛文丑、杀蔡阳、过五关斩六将；刘备并没一开始就重用孔明；孔明并没三气周瑜；庞统并没献连环计、也没死于落凤坡；曹操并没追关羽；张飞并没战马超；黄盖并没用苦肉计；黄忠并没死于征吴；陆逊并没因八阵图受困……
011.文学类.txt	289	7	梦|管仲	《东周列国志》使所有秦朝以前的古人古事都一一亮相：褒姒的笑、管仲的智、齐桓的信、曹沫的无赖、晏蛾儿的愚忠、介子推的清高、晏子的识大体、伍子胥的鞭尸、苏秦的合纵、蔺相如的完璧归赵……都包罗无遗。他们的存亡觉梦，都可以胜数；看了这些存亡觉梦，我们可以上会古人，然后引古证今，得到意想不到的好处。
011.文学类.txt	305	7	说|刘鹗	《老残游记》是刘鹗戳破黑暗与伪善的伟大小说，是他四十八岁到五十一岁的作品。
012.史地类.txt	26	7	问|说|赦	司马迁是中国第一部正史的作者，也是中国最早的文学大家。他父亲是汉朝的史官，他继承了这一行业。在他四十六岁的时候，发生了李陵投降匈奴事件。汉武帝问司马迁的看法，司马迁说了真话，替李陵开脱，因而触怒了汉武帝，被判死刑。当时死刑可以用两种方法代替：一种是拿钱来赎，一种是割生殖器。司马迁没有钱，为了完成他父亲和他自己著作《史记》的宏愿，就忍受割生殖器的处罚。三年以后，他被赦出狱，仍旧被汉武帝用做秘书（中书令），隐忍苟活，终于在五十五岁那年，完成了《史记》。
012.史地类.txt	85	7	后来|郦道元	郦道元（约472-527），字善长，河北涿鹿人。他的父亲郦范，是北魏的公侯。郦道元出道以后，也开始做官。他做官“素有严猛之称”，“为政严酷，吏人畏之。”从山蛮到权贵，都很怕他。后来王徽排挤他，把他调到关右，想假手悍将萧宝夤（齐明帝第六子）杀他。果然萧宝夤派人围郦道元于阴盘驿亭，把他和他弟弟，连同两个儿子都杀了。郦道元临死之前，“瞋目叱贼，厉声而死。”被害时约五十五岁。
012.史地类.txt	88	7	说|郦道元	《水经注》是郦道元为古代地理书《水经》作的注。他参考古书四百三十种，并根据实地调查的资料，为一千二百多条河，写了三十多万字文笔优美的注。他说：“山水有灵，亦当惊知己于千古矣！”天人合一，此之谓也！
013.《中国名著精华全集》序.txt	5	7	问|说|告诉	在长达两千一百多年的时候，一位殉道者文天祥，被带到抓殉道者的元朝博罗丞相前，他告诉博罗：“自古有兴有废，帝王将相，挨杀的多了，请你早点杀我算了。”博罗说：“你说有兴有废，请问从盘古开天辟地到今天，有几帝几王？我弄不清楚，你给我说说看。”文天祥说：“一部十七史，从何处说起？”三百多年过去了，十七史变成了二十一史，一位不同黑暗统治者合作的大思想家黄宗羲回忆说：“我十九、二十岁的时候看二十一史，每天清早看一本，看了两年。可是我很笨，常常一篇还没看完，已经搞不清那些人名了。”一部二十一史，从何处说起？
013.《中国名著精华全集》序.txt	29	7	问|答|说	古往今来，中国的“文章”特多，可是好文章不多的原因，就在没能将这二合一的问题摆平。中国人一谈写文章排名，韩愈就是老大，他是“唐宋八大家”的头牌，又是“文起八代（魏晋六朝）之衰”的大将，承前启后，代表性特强，可是你去读读他的全集看，你会发现读不下去。你用上面两个问题一套：一、他要表达什么？答案是：他思路不清，头脑很混，他主张“非圣人之志，不敢存”，但什么是圣人之志？他自己也不知道；二、他表达得好不好？答案是：他好用古文奇字，做气势奔放状，文言文在他手下，变成了抽象名词排列组合，用一大堆废话，来说三句话就可说清楚的小意思，表达得实在不好。
001.《要把金针度与人》（代序）.txt	14	6	最后|问	□“读书得间”是在读书时能够读出书中的“窍”、领会出字里行间的学问来。英文中to read between the lines，就正是此意。读书要有这种本领，读古书更要有这种本领。硬读古书不行的。许多用功的人，终身“白首穷经”，可是因为方法不得当，结果只变成“有脚书橱”。最后事倍功半还算是好的，因为他们经常徒劳无功。很多人读了一辈子书，结果变成老学究，就是一个证明。所谓古书不能不讲求方法的硬读，因为古书中，有许多只是书生理想，并非社会现象，书生在那儿托古改制，你在这边信以为真，你就上当了。又有的古书中，只是道德法律，也非社会事实，古代的社会事实既有距离，现代的你却盲目相信，你又上当了。所以读古书，首先要“辨伪”，辨伪以后，就要区分出来什么书是书生理想、什么书是道德法律、什么书是社会事实。把这些分辨开，再融会贯通、互相印证，才算“读书得间”。“读书得间”以后，从而著述，才算“为往圣继绝学”。否则的话，只是堆砌材料、暴殄文字而已。
001.《要把金针度与人》（代序）.txt	20	6	问|曰	□《隋唐嘉话》里有这样一段：“梁常侍徐陵之于齐，时魏收文学，北朝之秀。收录其文集以遗陵，今传之江左。陵遂济江而沉之。从者以问，陵曰：‘吾为魏公藏拙。’”为了避免这种人“堆砌材料、暴殄文字”，他们的著作，实在该适度予以水葬才好！
001.《要把金针度与人》（代序）.txt	23	6	问|说	□大致可分两派：一派是老学究村夫子派。他们白首穷经，一辈子读了一些古书，可是他们的方法训练太差了，又无法接触到现代新学问，所以用新知治旧学的一套，他们一窍不通。他们虽然一辈子嗜读古书、勤读古书，但可笑的是，他们却读不懂古书，无法分析古书，也无法综合出结论和真相。另一派是疑古派。他们是新一代的学者，不但博览群书，并且会“读书得间”，处处发现古书可疑、古事可疑。他们的典范作品是编辑“古史辨”和“辨伪丛刊”等，对古书的解释，他们的功劳很大，成绩也颇可观。但是疑古派也难免有着两大缺点：第一是疑古过度，往往犯了以书就我的毛病，大胆假设有余，小心求证却往往不足；第二是不太能用现代新学问（如天文学、原始社会学）做钥匙，侧面印证古书可信的部分，以致犯了全面抹杀古书的毛病。他们常说这本古书是假造的、那个古人无其人等等，其实不然。
001.《要把金针度与人》（代序）.txt	39	6	问|说	■1月25日的“中央副刊”上，有一封俞大维口述的《给女作家陈荔荔的一封信》。其中说：“我因年老眼花，幸有长子扬和寄来带有灯光的放大镜，强能看书。我发现读了几十年的书，却往往有许多地方未能看懂。真是可笑又可悲！人愈老愈有奇想，年轻时看书看不懂，我认为脑筋有毛病。现在看书看不懂，我认为书有毛病。陈寅恪先生1912年第一次由欧洲回国，往见他父亲（散原老人）的老友夏曾佑先生。曾佑先生对他说：‘你是我老友之子。我很高兴你懂得很多种文字，有很多书可看。我只能看中国书，但可惜都看完了，现已无书可看了。’寅恪告别出来，心想此老真是荒唐。中国书籍浩如烟海，哪能都看完了。寅恪七十岁左右，我又见到他。他说：‘现在我老了，也与夏先生同感。中国书虽多，不过基本几十种而已，其他不过翻来覆去，东抄西抄。’我很懊悔当时没有问他到底是那几十种书。”对俞大维这些话，你有何看法？
002.李敖谈分尸读书法.txt	5	6	问|说	我虽然看书只跳看一遍，但哪本书值得跳看，却挑剔得很。一般书都是满纸废话混话的烂书，除非做“反面教材”用，我是不看的。有人问我不看怎么知道它烂，我说：“一个臭鸡蛋，一闻就知道了，难道要吃完才知道它臭吗？”所以每在别人要我推荐好书的时候，我都推荐李敖的书，并且同一本书要买两本，以备“分尸”之便。李敖是读书最多的、藏书最多的（藏书十万册，中国第一）也是好书写得最多的（书逾百册，字逾两千万）一个读书人，能够锁定李敖之书而“分尸”之，必将终身受用，尚复何求呀！
003.总类.txt	57	6	后来|说	俞樾的高足有章炳麟、陈汉章。章炳麟后来搞革命，故意写信向他“谢本师”，免得他被牵累。俞樾说：“炳麟，吾徒也。吾爱炳麟深，此炳麟之所以报恩欤？”陈汉章后来是北京大学教授。俞樾的学生很多，《清史稿》说“日本文士有来执业门下者”，可见他的拉风情况。
004.哲学类.txt	9	6	说|班固	《论语》主要是记录孔丘言行的一部书，也附带记录他的弟子的言行。它的成书，不在一时，也不成于一人。班固《汉书·艺文志》说《论语》是“当时弟子各有所记。夫子既卒，门人相与辑而论纂”而来的；赵翼《陔余丛考》说：“语者，圣人之遗言；论者，诸儒之讨论也。”先秦古书中引孔丘的话，引就引了，但不提《论语》。《论语》两字的出现，是以后的事。崔述《洙泗考信录》列举《论语》累积成书的证据，是可信的。
004.哲学类.txt	10	6	后来|说	《论语》传到西汉时候，已经有三种本子，就是“古论语”“齐论语”“鲁论语”。后来前两种失传了，“鲁论语”也残缺了。最早的《论语》本子，已经如此，后代本子的失出失入，当然更不消说了。
004.哲学类.txt	36	6	扬雄	扬雄（前53-18），字子云，四川成都人。他“少而好学”，“博览无所不见”，文笔虽好，口才不行。因为他口吃。
004.哲学类.txt	70	6	后来|说	周敦颐的主要著作是《太极图说》。《太极图说》脱胎于宋朝初年道士陈抟的《无极图》，是儒道混合的作品，以道家的内衣，披上儒家的外套。再加上他的主敬理论又是佛家的法门，所以周敦颐的思想，是典型的三教混同思想。朱熹后来为周敦颐辩护，说周敦颐是纯儒家的，这是朱熹自觉的或不自觉的曲解。事实上，宋朝的理学家，都是这种“三不像”的产物。周敦颐在这方面，由于朱熹的刻意加工，成了这种“三不像”的最佳人选。朱熹在《伊洛渊源录》和《近思录》中把周敦颐放在第一，其“理”在此。
004.哲学类.txt	78	6	后来|说	二程是程颢和程颐，河南洛阳人。程颢（1032-1085），字伯淳，人称明道先生，宋朝进士，一生小官做了不少。他在政治上是反对王安石的守旧分子，并且“新法之初，首为异论”的，就是他。由于先登巴士反对王安石，大大提高了他的知名度。王安石说：“公之学如上壁，言难行也。”可见这种道学家的水平，实在不怎么样。比他小一岁的弟弟程颐（1033-1107），字正叔，人称伊川先生，后来被找去做宋哲宗的老师，他要求坐着讲课，“以养人主尊儒重道之心”。但是当宋哲宗大了，他被赶走，以六十四岁的年纪，送到四川去编管；宋徽宗时候，甚至查禁他的著作。他只好迁居，并且停止讲学。他对学生说：“尊所闻，行所知，可矣！不必及吾门也！”
004.哲学类.txt	87	6	最后|说	他又说：“东海有圣人出焉，此心同也，此理同也。至西海、南海、北海有圣人出，亦莫不然。千百世之上有圣人出焉，此心同也，此理同也。至于千百世之下有圣人出，此心此理，亦无不同也。”就凭这种人同此心、心同此理的认识，他认为历史上的圣人，只有孟子和他在精神上是相应的。他把孟子发扬光大，最后成就了“心学”。在中国思想史上，自成一独特影响。
004.哲学类.txt	101	6	后来|说	陈献章（1428-1500），字公甫，号石斋，人称白沙先生，广东新会人。他年轻时候，搞的是程朱派理学。后来困学知变，“尽穷天下古今典籍，旁及释老稗官小说”，又“筑阳春台，静坐其中，数年无户外迹”。在三十九岁后进京，明朝的太学祭酒刑让很赏识他，“飏言于朝，以为真儒复出，由是名震京师。”
004.哲学类.txt	129	6	有一次|最后|自杀|召见	有一次，大官人特备车马，接他去见皇上。他不肯去，躺在床上装病。大官人叫人抬他的床，一起出发，李顒气得不吃饭，相持了六天，最后逼得他要拿刀自杀，大官人才算死心，放弃送他去“召见”。
004.哲学类.txt	136	6	最后|处死	这样一位“颖敏绝世”的伟人，最后竟因向黑暗政府请愿，以“动摇人心倡乱，殊干国法”罪名，被处死刑。死刑执行前，他游戏人间，从容赴难，他的洒脱旷达，真是魔附神助了。
004.哲学类.txt	144	6	问|说	戴震主张纯粹用客观的方法研究古书，由声音文字以求训诂、由训诂以求义理，从实事求是、从细心做学问求真，他说：“知十而皆非真，不若知一之为真知也。”他认为宋儒的学问是不行的，他们只会“空言说理”“轻凭臆解”“讥训诂之学，轻语言文字，是犹渡江河而弃舟楫，欲登高而无阶梯也。”要渡江有船、登高有梯，没有捷径，还得从实学硬功夫做起。
004.哲学类.txt	148	6	问|说	焦循的思想中，有一些开明的成分。例如他对性的问题，认为大家都“每以精深言之”，结果说过头了。其实“性无他，食色而已。饮食男女，人与物同之”。又如他对订婚，反对有强制性，因为一般习惯都从幼年订婚，一方有了死亡疾病，他方就要守节或起纠纷，这是不妥的，也是不合古礼的（当然，焦循像一般中国知识分子一样，也有矛盾的一面，他一方面写《贞女辨下》来“为议贞女者危之”，一方面写《李贞女诗》来歌颂守望门寡的女性）。又如他对异端的态度，主张包容，反对“执己之一端，不能容人”。他说：“人异于己，亦必己异于人，互有是非，则相观而各归于善，是以我之善观彼以摩彼之不善，亦以彼之善观我以摩我之不善也。故任昉撰《王俭集序》云：‘攻乎异端，归之正义。’义者，宜也。归之于宜，何异之有！”这都是很开明的态度。
004.哲学类.txt	156	6	最后|说	康有为最重要的著作有三：第一，《新学伪经考》（1891），认为刘歆要帮助王莽篡汉，用孔子语气伪造了经书，湮灭了孔子的微言大义。这书使人知道旧的学说全不可信。第二，《孔子改制考》（1896），认为经书是孔子假古人的言论而按自己的想法写成的，理想化了古代政治之后，再托古改制。这书使人知道孔子乃是一位维新派，是改良主义者。第三，《大同书》（1893），认为社会依据乱世、升平世、太平世而演进，以“春秋”的三世说，说明“礼运”的小康即升平世，大同即太平世。目前只是据乱世，应先走改革路线以至小康，最后再到大同。
004.哲学类.txt	169	6	后来|说	公孙龙（约前325-约前250），战国后期赵国人（《史记》中有两位公孙龙，一位是孔丘学生，是春秋时人；一位是孔丘六世孙孔穿时代的思想家，是战国时人）。他在公元前284年，曾到燕国游说，劝燕昭王别打仗；后来在赵国平原君家做客二十多年，见过赵惠王、邹衍、孔穿。他是战国时代的雄辩家，辩论比赛的结果，总是“孔穿不应”“子高弗应”，谁也贏不了他。虽然贏不了，可是大家不服，所以《庄子》说：“辩者之徒，饰人之心，易人之意，能胜人之口，不能服人之心，辩者之囿（尤）也。”
005.宗教类.txt	36	6	后来|说	葛洪在石冰之乱时，曾有过一段武功。乱后，他“不论功赏，径至洛阳，欲搜求异书以广其学”。后来看到天下太乱，“欲避地南土”；又听说交阯产丹， 可供他提炼，就要求去做地方小官。皇帝认为太委屈他了，他说：“非欲为荣， 以有丹耳。”就出发了。
005.宗教类.txt	37	6	曰|说	葛洪为人“博闻深洽，江左绝伦。著述篇章富于班、马，又精辩玄赜，析理入微”。他自述写《抱朴子》的原因是：“道士弘博洽闻者寡，而意断妄说者众……今为此书，粗举长生之理……世儒徒知服膺周、孔，葛信神仙之书，不但大而笑之，又将谤毁真正。故予所著子言黄白之事，名曰内篇，其余驳难通释，名曰外篇。”他在八十一岁时死去，所谓长生，也不过如此。死时虽然“颜色如生”，但毕竟还是死了。葛洪的死，是中国长生理论家的最大幻灭。
005.宗教类.txt	44	6	后来|问	因为《周易》只不过是卜筮手册，所以除了这个意义以外，原来没有别的。可是，在《周易》本文以外，后来冒出了《易传》，《周易》的本文叫“经”，解释“经”的叫“传”。“传”该是帮忙解释明白的，但是《周易》的“传”却愈帮愈忙，于是问题就多了。
006.社会科学类.txt	12	6	问|曰	司马迁读《晏子春秋》，高之，而莫知其所以为书。或曰：“晏子为之而人接焉。”或曰：“晏子之后为之。”皆非也。吾疑其墨子之徒有齐人者为之。墨好俭，晏子以俭名于世，故墨子之徒尊著其事以增高为己术者。且其旨多尚同、兼爱、非乐、节用、非厚葬久丧者，是皆出墨子；又非孔子，好言鬼事，非儒、明鬼又出墨子，其言问枣及古冶子等尤怪诞，又往往言墨子闻其道而称之，此甚显白者。自刘向、歆、班彪、固父子，皆录之“儒家”中，甚矣！数子之不详也。盖非齐人不能具其事，非墨子之徒则其言不若是。后之录诸子书者，宜列之“墨家”，非晏子为墨也，为是书者墨之道也。
006.社会科学类.txt	21	6	问|曰	问者曰：“申不害、公孙鞅，此二家之言，孰急于国？”应之曰：“是不可程也：人不食，十日则死；大寒之隆，不衣亦死。谓之衣食孰急于人，则是不可一无也，皆养生之具也。今申不害言术，而公孙鞅为法。术者，因任而授官，循名而责实，操杀生之柄，课群臣之能者也。此人主之所执也；法者，宪令著于官府，刑罚必于民心，赏存乎慎法，而罚加乎奸令者也，此臣之所师也。君无术则弊于上，臣无法则乱于下。此不可一无，皆帝王之具也！”
006.社会科学类.txt	32	6	韩非	韩非原来被尊称韩子，宋朝以后，因为尊称儒家的韩愈，就把韩愈称为韩子，把韩非称为韩“非”子，这种尊称抢夺战，构成了中国思想上的一大特色。在儒家挂帅下，一些非儒家的人与书尚能知名、尚能幸存，得力于中国人虽尊孔，但也崇古，在崇古的条件下，非儒方面的人与书，早期的尚被容忍，只是要被“非”化而已。
006.社会科学类.txt	49	6	说|班固	在政论以外，荀悦还是一位历史家。汉献帝认为班固的《汉书》失之“文繁难省”，乃令荀悦另作《汉纪》三十卷，“辞约事详，论辨多美。”《汉纪》是编年体的史书，花了三年完成（刘知几说花了五六年，说错了）。
006.社会科学类.txt	100	6	问|说	孙膑“兵法”中，已经有了很进步的整体战观念。孙膑说：“威王问九，田忌问十，几知兵矣，而未达于道也。”可见，“达于道”是“知兵”的更高一层目标。没有这种目标，兵事只是杀人放火而已、只是不义之师而已，这就舍本逐末了。
006.社会科学类.txt	116	6	后来|说	汪辉祖后来“闭户著书数万卷”，著有《元史本证》《读史掌录》《史姓韵编》等，他主张“读书贵通大义，凡所谓论述，期实有济于用”。他写的《佐治药言》《续佐治药言》《学治臆说》等，替老百姓争人权，最是感人。他说他生平得力，在“吃紧为人”四字，他一生努力自度度人，的确是知识分子的最好榜样。
009.应用技术类.txt	3	6	问|说	叶德辉（1864-1927），字焕彬，号郋园，又号丽廔主人，因为是麻子，外号“叶麻”、“叶麻子”，湖南湘潭人。他二十八岁就中了进士，三十岁后就“乞归故里，奉亲读书”。他的学问极好，经学、律法、小学、碑版、摹印、占卜、星命等等，都很在行。他写的《书林清话》，是中国目录学上的精品。他的藏书丰富，书架上贴“老婆不借书不借”条子，书中夹有春宫画，用来防火；他说火神是女性，看了春宫画会不好意思，所以就不会来烧书了。
009.应用技术类.txt	4	6	忽然|被捕|被杀|逃	叶德辉在性格上，有点反革命。在戊戌变法时候，他编了《翼教丛编》反对新政，新党正要找他算账，忽然政变失败，他逃过一劫；在辛亥革命时候，他被捕，要被杀，经章炳麟去电力保，他又逃过一劫；在国共合作时候，一切无法无天，他因为挺身批评长沙农民协会，被拉到教育会坪公审。他一点也不怕死，大骂不绝。于是在劫难逃，被公审以后，斩首示众。就以六十四岁的年纪，为信仰殉道了。
009.应用技术类.txt	13	6	后来|说	中国传统上关于医的记载，最早的是神农、黄帝等的假历史，后来年代较近，产生了所谓医的始祖巫彭”与“巫咸”。从这两个所谓鼻祖以下，中国历代都有所谓新一代——进化的、改良的一代——人物出现，都据说是愈来愈不“巫”了，愈来愈“医”了，其实都是扯淡！他们不论怎么改来改去，不论是什么“华佗再世”“岐伯复生”，统统属于万世一系的巫医系统！
010.艺术类.txt	4	6	问|说	顾恺之“好谐谑，人多爱狎之”。他“每食甘蔗，恒自尾至本”。人家问他为什么吃法这么怪，他说这样吃，可以“渐入佳境”。
011.文学类.txt	59	6	曰|说	文天祥临刑时候，留下衣带赞，说：“孔曰成仁，孟曰取义，唯其义尽，所以仁至。读圣贤书，所学何事？而今而后，庶几无愧！”真是千秋凛然。他死后，他的敌人忽必烈说他是“真男子”！元朝进士许有壬《文丞相传序》说：“收宋三百年养士之功者，公一人耳！”中国历史上，志士仁人慷慨赴义于先，从容就死于后，没人比文天祥表现得更伟大了。
011.文学类.txt	113	6	问|说	又说：“正燮读书，置巨册数十，分题疏记，积岁月乃排比为文，断以己意。”他的学问，就在这种好记忆的硬功夫下，“博古通今，世罕其匹”起来。
011.文学类.txt	126	6	后来|说	自从孔子给这些歌谣定下规范后，后来的人就更变本加厉了。汉朝以后，把它用“经”给供奉住，就叫《诗经》了。从此说诗的，就提出风、雅、颂、赋、比、兴所谓“六义”来发挥，本来面目就更远了。
011.文学类.txt	132	6	说|自杀	一般说屈平的作品以怨君为主题，并不尽然。细看以后，可以发现他的主题其实是一种出世主义、一种以楚巫为基调的神仙思想。这种主题本身就含有多情善感的凄凉意味，这是他自杀的人生理论。没有这种人生理论，他自然可以“不凝滞于物，而能与世推移”了，自然也就不必以一死来明志了。
011.文学类.txt	136	6	问|说	汉朝的乐府机关，主要在搜集民间诗歌，用来配乐。配出来的，就是“乐府”，没配的，就是“古诗”。所以“乐府”和“古诗”，只是有无配乐的分别。《古诗十九首》当年也有它的音乐性，朱乾《乐府正义》就说明“古诗十九首，古乐府也”。后代人面对这一问题，有时简直难以划分，其实也无须划分。《古诗十九首》自然是古代诗乐的精华。萧统《昭明文选》把它收入，当时就是从众多古诗乐府中精选的，它们的优美动人，早就被有识之士看到了。
011.文学类.txt	181	6	后来|最后|入狱|辞官	陈子昂三十四岁时候，因逆党案被构陷，入狱一年，出狱后仍任右拾遗官。后来两度从军，出入边塞。三十八岁因父亲老了，辞官回乡。射洪县令段简打陈家主意，“乃附会文法，将欲害之”。陈家送了二十万红包，还是不行，最后死在监狱里，年四十二岁。陈子昂的死，骨子里是武三思假手地方官的政治迫害，是黑暗政治上的一场冤狱。
011.文学类.txt	187	6	说|苏轼	王维除了写诗外，也常作画，苏轼说他“诗中有画”“画中有诗”。他的诗以写自然最出色，是中国有史以来最有名的田园诗人。
011.文学类.txt	189	6	后来|赦	李白（701-762），字太白，号青莲居士，陇西成纪人（今甘肃省秦安县）。出身富商之家，五岁移居四川。从小受到很好的教育，是个“五岁诵六甲，十岁观百家”的神童。二十六岁离家远游，五湖四海，见闻颇多。四十二岁后，见到唐玄宗，得到“翰林供奉”（起草文书）的差使，以写诗得到赏识。后来，在安史之乱中，跟错了永王璘，五十七岁那年，以涉嫌叛乱，判死刑。经过朋友奔走，改为流放边区，中途遇赦。后来想从军报国，因病未能如愿，“天夺壮士心”，于六十二岁死去。
011.文学类.txt	217	6	后来|说	李商隐的诗，一开始是学别人，有的学汉魏、有的学齐梁、有的学杜甫、有的学韩愈。他做诗时把参考书摊成一大堆，像水獭吃鱼陈列如祭品一般，叫“獭祭鱼”。后来他写得精了，就自成一家。李商隐的诗的特色是用典含蓄，寄托深远，每个字都有神秘兮兮的来历。他的诗，许多都和女人有关：他写恋情、写妓女、写尼姑、写宫娥，都是绝作。有人说“商隐无一言经国，无纤意奖善”，是不对的。在李商隐的诗中，有很多忧国忧民之作。如他写宦官的作恶、写藩镇的跋扈、写“存者背面啼”的农民、写“夜猎随田窦”的贵族，都是显例。
011.文学类.txt	219	6	韦庄	韦庄（855-920），字端己，京兆杜陵（陕西西安）人。他生在唐末，出身穷困，养成他爱惜物力的习惯，以致要“数米而炊，称薪而爨”。他的八岁儿子死了，他的太太给穿上“时服”，韦庄却把衣服从死尸上脱下来，裹上草席，下葬后草席也收回来。他是爱儿子的，一想起来就“呜咽不自胜”，但他穷怕了，以致以小气出名。
011.文学类.txt	286	6	最后|下狱	《西游记》中的最大特色是写孙悟空的言行，孙悟空最后被封为“斗战胜佛”，他的言行，的确代表了积极人生的一面。他机灵而机警、好动而好斗、心地善良、出口幽默，为了理想，他被下狱、被念金箍咒、被战友误会成“无心向善之辈，有意作恶之人”。但他最后还是忠心而识大体，帮助了别人，完成了自己。他真是古往今来最伟大的拟人化的猴子！
011.文学类.txt	300	6	说|梦	《红楼梦》攻击道学与八股，说：“还提什么念书？我最讨厌这些道学话。更可笑的，是八股文章，拿它诓功名、混饭吃，也罢了，还要说代圣贤立言！”这种攻击，真是情见乎辞了！
012.史地类.txt	31	6	后来|下狱|被杀|班固	班固（32-92），字孟坚，陕西咸阳人。从小聪明好学，十六岁进太学。他的父亲班彪是名学者，著《史记后传》，没完就死了。班固继承父志，并私撰《汉书》。五年以后，被人告发，下狱。他的弟弟班超为他奔走，被放出来，还封了兰台令史的官，负责修国史，续作《汉书》，努力了二十年。后来跟大将军窦宪征匈奴胜利，在燕然山勒石记功，由他撰文记盛。不久窦宪以谋反被杀，班固被牵连，二度下狱，终于以六十之年，死在牢里。
012.史地类.txt	37	6	曰|陈寿	仕蜀为观阁令史……及蜀平……撰魏吴蜀《三国志》，凡六十五篇，时人称其善叙事，有良史之才。夏侯湛时著《魏书》，见寿所作，便坏己书而罢。张华深善之，谓寿曰：“当以《晋书》相付耳。”其为时所重如此……病卒，年六十五。梁州大中正尚书郎范頵等上表曰：“……故治书侍御史陈寿，作《三国志》，辞多劝戒，明乎得失，有益风化，虽文艳不若相如，而质直过之，愿垂采录。”于是诏下河南尹洛阳令，就家写其书。
012.史地类.txt	61	6	答|说	赵翼在文学方面，诗写得极好，袁枚说他的诗“忽奇忽正、忽庄忽俳”，蒋士铨说他的诗“奇恣雄丽，不可迫视”。他对自己的诗也很自负，在有人说“君诗虽不能及杜子美，却已胜过杨诚斋”的时候，赵翼傲然答道：“吾自为赵诗，安知唐、宋！”
012.史地类.txt	64	6	最后|说	崔述（1740-1816），字武承，号东壁，河北大名人。他是清朝举人，五十七岁做福建罗源等县太爷，六十三岁北归。这段官场生涯，由于他反对“武弁多借海寇邀功，诬商船为盗”，特为被诬者做了几十人的平反，因此被坏人反咬一口，说他“擅释巨盗”。最后巡抚汪志伊查明他被诬赖，得以免议。
012.史地类.txt	107	6	后来|曰	范成大（1126-1193），字致能，号石湖居士，江苏吴县人。他是宋朝进士。做官时，很有见识，论力之所及者三，“曰日力，曰国力，曰人力，今尽以虚文耗之”。皇帝很赞许他。后来派他使金，他义正辞严，一度惹得金朝满朝文武大怒，甚至金太子都要杀他，但他不怕，“致书北庭，几于见杀，幸不辱命”，“竟得全节而归”。
013.《中国名著精华全集》序.txt	25	6	说|苏轼	以中国“文章”的大家而论，中国人评判“文章”，缺乏一种像样的标准。行家论“唐宋八大家”，说韩愈文章“如崇山大海”、柳宗元文章“如幽岩怪壑”、欧阳修文章“如秋山平远”、苏轼文章“如长江大河”、王安石文章“如断岸千尺”、曾巩文章“如波泽春涨”……说得玄之又玄，除了使我们知道水到处流、山一大堆以外，实在摸不清文章好在哪里？好的标准是什么？
013.《中国名著精华全集》序.txt	26	6	问|说	又如林纾说他的文章是“史（记）汉（书）之遗”；章炳麟却大骂林纾吹牛，说林纾的文章，乃从唐人传奇剽窃衍演而来。章炳麟又说：“当世之文，唯王闿运为能尽雅，马通伯为能尽俗。”其实一切摊开，有何史汉传奇雅俗之分？文章只有好坏问题，并无史汉传奇雅俗问题。文章的好坏标准，根本不在这里。
013.《中国名著精华全集》序.txt	38	6	最后|说	中国古书的分类，最流行的，是四部（经、史、子、集）分类。四部分类从东晋以后通吃，变成了典型的图书分类规范。但是稍一留心，就知道这种分类是相当荒唐的。以四部中第一部“经部”为例，“经部”的一部分，近于百科全书式的总集，应分入总类、文学类、历史类，其他部分（像《论语》《孟子》），应分入“集部”（个人集子）；以第二部分“史部”为例，体裁上分正史、编年、别史、杂史、载记等，全无道理与必要，其他诏令应入法律类，时令应分入天文类，目录应分入总类；以第三部分“子部”为例，老庄申韩等家，其实与《论语》《孟子》无别，都应分入“集部”，其他谱录中草木虫鱼分入植物类、动物类，类书应分入总类，小说应分入文学类；以第四部分“集部”为例，“经部”“子部”分过来的书，多可分入哲学类、法律类、文学类……总之，四部分类，大体上说，“经”“子”“集”多是一类，“史”是另一类，四部分类实在只是两部分类。分类、分类、分了半天类，最后只分了两类。所谓分类，分了等于没分，这叫什么分类！（并且若按前面所提“六经皆史”之说，甚至连两类都没有呢！）
013.《中国名著精华全集》序.txt	95	6	问|说	⑦书名《中国名著精华全集》，所谓名著，除了一般的意义外，也包括特定的意义：凡是推定可成为名著的，也酌量选入。这是因为古书中，有的的确被埋没了、被不合理的埋没了。清朝李慈铭说得好：“网罗散逸，孴拾丛残，几于无隐之不搜，无微之不续，而其事遂为天壤间学术之所系，前哲之心力，其一二存者得以不坠。”为了使“一二存者得以不坠”，所以用的名著标准，比较有弹性。还有，在名著的去取上，我有大刀阔斧的气魄，去取之间，不受传统的名著的认定方式。例如我选深的书，所以浅的《三字经》等名著不选；我选原本的书，所以选本的《唐诗三百首》《古文观止》等名著不选；我选精审的书（如《呻吟语》），所以粗劣的《菜根谭》等名著不选。有的书，在去取上，也有割爱的，例如徐光启的《农政全书》，我终于嫌它缺乏独立见解，还是不选了。总之，这些去取之间的苦心与调济，只有全面的、非常的专家才能识货、才能惊叹。一般对中国古书似知非知的人，难免会有点议论，我是不重视的。至于古书真伪问题，我虽然选入胡应麟《少室山房全集》、姚际恒《庸言录》中辨伪的文献来提醒大家注意，但对一些可疑的书，能够取其内容而不取其时代，把它们看成“反正是古代中国人写的”，倒也圆通自在。因此我选《晏子春秋》、选《列子》等等，都有反对因噎废食的意思。
001.《要把金针度与人》（代序）.txt	4	5	说	□最近香港报上说：“李敖很可能是五十岁以下的当代中国人之中，读书最多而又最有文采的人。”前年童轩荪信上说：“去年炎夏，居浩然自波士顿西来，在敝寓住了五天，这五天里上下古今谈了一番，他却特别推崇你老兄，说是‘念书太多，我们不可及’。”……这些话，都非过誉，在读书方面，我读书之多，的确可说中国人无出其右。
001.《要把金针度与人》（代序）.txt	13	5	说	■我们相信你在《中国名著精华全集》中提供了“好的选本”，但是，你所说“再有‘读书得间’的训练”，又怎么提供呢？古话说“鸳鸯绣取凭君看，不把金针度与人”，你可不可以多说一点始末，把“金针”“度”给大家呢？
002.李敖谈分尸读书法.txt	2	5	说	在我四十多岁的时候，淡江大学老校长居浩然对老作家童轩荪说，李敖“念书太多，我们不可及”；在我快五十岁的时候，香港报刊上说：“李敖很可能是五十岁以下的当代中国人之中，读书最多而又最有文采的人。”……这些话，都非过誉，在读书方面，我读书之多，的确可说中国人无出其右。什么原因呢？一、我有长的读书习惯；二、我有好的读书方法。
003.总类.txt	26	5	说	姚际恒（1647-1710后），字立方、善夫，号首源，安徽徽州人。他是清朝康熙、雍正时代的一位学者，一位倒霉的学者，他“一生坎壈”，虽然“手著几等于身”，但是他的名字，却若存若亡、半明半显。纪昀在《四库全书总目提要》没有好评，纪昀说：
003.总类.txt	27	5	说	际恒生于国朝初，多从诸耆宿游，故往往剽其绪论。其说经也，如辟“图”“书”之伪则本之黄宗羲，辟《古文尚书》之伪则本之阎若璩，辟《周礼》之伪则本之万斯同，论小学之为书数则本之毛奇龄，而持论弥加恣肆。至祖欧阳修、赵汝楳之说，以《周易》十翼为伪书，则尤横矣。其论学也，谓周、张、程、朱皆出于禅，亦本同时颜元之论。至谓程、朱之学不息，孔孟之道不著，则益悍矣……（杂家类存目六《庸言录》）
003.总类.txt	30	5	梦	陈梦雷（？-1741），字省斋，福建福州人。他是清朝进士，“读书五十载”“涉猎万余卷”，这种渊博，被皇家王爷看中，叫他编了全世界最大的百科全书——《古今图书集成》。
003.总类.txt	37	5	问|答|说	《四库全书》虽是中国历史上最大的丛书，但因为只有七部，流传不广。所以只见其大，不得其用。中国知识分子用的，还是其他的丛书。张之洞《书目答问》说：“丛书最便学者，为其一部之中，可该群籍，搜残存佚，为功尤巨。多读古书，非买丛书不可。”丛书的重要，由此可见。从版本上看，《四库全书》并非佳构；但从卷帙上看，它却是天下第一。
003.总类.txt	52	5	说	《文史通义》出版在1832年（道光十二年），分内篇五卷，外篇三卷。内容包括易教、书教、诗教、经解、言公、史德、方志等。全书的重点是“六经皆史”说，并指出单纯的编纂和考证不算史学，史学得有个人见解才成。章学诚认为六经不过是些古史史料，并不是“载道之书”，这种见解，根本推翻了“守六经以言道”的传统的错误观点，给九十年后的国故整理与疑古风气，提供了理论 基础。
003.总类.txt	61	5	说	胡适在《五十年来中国之文学》中说章炳麟是“清代学术史的压阵大将”，“这五十年是中国古文学的结束时期……恰好有一个章炳麟，真可算是古文学很光荣的结局了！”章炳麟的地位的确如此。中国国学与古文，在被时代三振前，在败部的萧条里，章炳麟做了最精彩的个人演出，他死以后，真有许多东西随他“亦亡矣”！
004.哲学类.txt	43	5	说	在王莽篡汉的时候，“天下之士，莫不竟褒称德美，作符命以求容媚”，但是桓谭“独自守，默然无言”。王莽给了他不说话的自由，让他做掌乐大夫。
004.哲学类.txt	52	5	曰	王符（约83-170），字节信，甘肃镇源人。他是姨太太生的，他的家乡“俗鄙庶孽”（有看不起姨太太生的风俗），从小就被人轻视。他“少好学，有志操”，长大后又“耿介不同于俗，以此遂不得升进”。他在不得意中，“隐居著书三十余篇，以讥当时失得。不欲彰显其名，故号曰《潜夫论》。”《潜夫论》这部书，完整的流传到今天。
004.哲学类.txt	53	5	说	王符是迷信时代里的一个反对“妖妄”的人。他努力提倡“以人为重”的哲学，他说：“凡人吉凶，以人为主……在于天者，不可知也。”又说：“书称‘天工人其代之’。王者法天而建官，故明主不敢以私授，忠臣不敢以虚受。窃人之财犹谓之盗，况偷天官以私己乎！以罪犯人，必加诛罚，况乃犯天，得无咎乎？”比起那时代的迷信大雾来，这些都是进步的天人思想。
004.哲学类.txt	54	5	说	王符生当东汉党锢的乱世，对政治的黑暗情形，他有激烈的抨击。他说：“今汉土之广博，而曾无一良臣。”在一个良臣都没有的局面下，“其官益大者，罪益重；位益高者，罪益深。”统治者“任其私智，窃弄君威，反戾天地，欺诬神明”。这些大胆的言论，千载之下，还令我们崇敬。
004.哲学类.txt	56	5	说	仲长统（179-220），字公理，山东邹县人。“少好学，博涉书记，赡于文辞。”二十岁后在各地游学，跟他交朋友的，“多异之。”那时袁绍的外甥高干礼贤下士，很拉拢他，他却说：“君有雄志而无雄才，好士而不能择人，所以为君深戒也！”不久，高干垮台，大家都说仲长统有眼光。
004.哲学类.txt	74	5	告诉	张载年轻时候，曾经学习军事，有志收复失土。他十八岁那年，去见范仲淹，范仲淹却告诉他：“儒者自有名教可乐，何事于兵？”显然劝他走“偃武”的路子。他此后走向“修文”，这是一个重要的转折。
004.哲学类.txt	76	5	说	张载在宋儒中，不是最聪明的，但却是最用功的，朱熹说他“苦心力索之功深”。在“苦心力索”之下，他主张“民吾同胞，物吾与也”。这种民胞物与的心怀，比起他在理学上的许多莫名其妙来，值得我们特别欣赏。
004.哲学类.txt	82	5	说	胡宏（1102-1161），字仁仲，福建崇安人。他是名儒胡安国的儿子，是程颐学生的学生。胡安国在政治派系上和秦桧接近，因为他“颇重秦桧之大节”。但当秦桧当权的时候，胡安国家的老大胡寅、老二胡宏，都对秦桧表现了不合作主义。胡宏为反对秦桧，不肯做官，不但写措辞严厉的信给秦桧，还“优游衡山下余二十年，玩心神明，不舍昼夜”。他上书宋高宗，说廷臣“不能对扬天心”“皆为身谋”，以致大家不努力把被金人俘虏的宋徽宗、宋钦宗接回来。但他不知道：这根本就是宋高宗自己的原案啊！——那两位前任皇帝若回来，宋高宗自己，又怎么做皇帝呢？
004.哲学类.txt	83	5	说	胡宏在政见上悬格甚高，但在学说上，却比宋朝道学家开通得多。他反对二分法“天理”与“人欲”，也反对二分法“圣人”与“众人”，这种前进思想，难怪要遭到朱熹的大力攻击。朱熹写《胡子知言疑义》，一方面从八大段攻击胡宏，他方面又断章取义，这种作风，正反证了胡宏学说中真的有了道学家讨厌的成分。翻出《朱子大全》一对照，倒真是一件妙事。
004.哲学类.txt	86	5	说	陆九渊在中国思想家中，有罕见的大气魄，他没有专书留下来，有人劝他写书，他说：“六经注我，我注六经。”又说：“学苟知道，六经皆我注脚。”这种大气魄，是很难能可贵的。
004.哲学类.txt	89	5	说	陈亮（1143-1194），字同甫，人称龙川先生，浙江永康人。出身农家，“生而目光有芒，为人才气超迈，喜谈兵，议论风生，下笔数千言立就。”在宋朝与金人议和，大家都喘口气的时候，他始终是鹰派。他一再上书，要求振作。他认为皇帝“今乃委任庸人，笼络小儒，以迁延大有为之岁月”，令他“不胜愤悱”。这种说真话，给他惹来不少的后遗症。
004.哲学类.txt	91	5	说	陈亮很看不起“天下之士”，他说他们“熟烂萎靡，诚可厌恶”。他自己要“推倒一世之智勇，开拓万古之心胸”，“不妨为一世英雄”。陈亮一生，虽然没有事功，但他的际遇之惨、个性之奇，却是古今罕见的。
004.哲学类.txt	95	5	说	叶适在思想上最精彩的，是他拆穿了朱熹之流对道统的捏造，他不承认“曾子——子思——孟子”的继承孔子说法，他说：“曾子不在四科之目……舍孔子而宗孟柯，则于本统离矣！”他又攻击朱熹他们都是“出入佛老甚久”的非儒家，例如“程氏诲学者必以敬为始”，就“非孔氏本旨”，这种议论，真是痛快痛快。
004.哲学类.txt	97	5	说	刘基（1311-1375），字伯温，浙江青田人。他是元朝进士，在江西高安做县太爷。他为人正直，惠爱百姓，“发奸擿伏，不避强御。”他看不起统治者，他写《卖柑者言》说统治者是“金玉其外，败絮其中”，说他们“民困而不知救……坐糜廪粟而不知耻”，因此惹得官也做不成了，闲居在家。他五十岁时候，加入朱元璋的革命阵营，朱元璋对他礼贤下士，称他为“老先生”。他对明朝开国的功劳，最像汉朝开国的张良。1370年，明朝封他为“诚意伯”。第二年，他六十一岁了，告老回乡，但是猜忌成性的新统治者又不放过他，使他不能隐居。六十五岁那年，还是不明不白地死了。
004.哲学类.txt	98	5	说	刘基死后，他的儿子刘璟说他“以生民休戚为忧喜，以大道晦明为荣辱”；《明史》说他“慷慨有大节，论天下安危，义形于色”，很可看出他的心胸和抱负。
004.哲学类.txt	102	5	说	陈献章的入学法门是“以静为主”，“端坐澄心，于静中养出端倪。”《明史》说他——
004.哲学类.txt	103	5	曰	尝自言曰：“吾年二十七，始从吴聘君学，于古圣贤之书无所不讲，然未知入处。比归白沙，专求用力之方，亦卒未有得。于是舍繁求约，静坐久之，然后见吾心之体隐然呈露，日用应酬随吾所欲，如马之卸勒也。”其学洒然独得，论者谓有鸢飞鱼跃之乐，而兰溪姜麟至以为“活孟子”云。
004.哲学类.txt	109	5	说	自宋到明，中国的学统全在程朱学派手中，王守仁却上追陆九渊，认为陆学才是儒家的真传，遂形成“陆王哲学”。王守仁的学说叫“心学”，也叫“阳明学”，重点是“心外无理”，“心即理”。王守仁认为朱熹他们心、理二分是错的。他宣称：“吾心即物理，初无假于外也。”他也反对朱熹先格物穷理的步骤，认为先知而后行，就会终身不行，也就终身不知。所以他提倡“知行合一”，认为“知行不可分作两事”，凡是不行的，“不足谓之知”。这在思想境界上，的确是一大突破。
004.哲学类.txt	126	5	说	李顒（1629-1705），字中孚，号二曲，别署“二曲土室病夫”，陕西周至人。他小时候，父亲为明朝殉难，没钱缴学费，老师都不收他。他母亲气起来，说：“无师遂可以不学耶？经书固在，亦何必师！”他不信邪，叫他在家自己念，终于自修成为大学者。
005.宗教类.txt	4	5	说	孟轲自命是孔丘的传人——“乃所愿则学孔子也”，他说：“由孔子而来，至于今百有余岁。去圣人之世，若此其未远也；近圣人之居，若此其甚也。”这是十足以圣人自命了。所以他的结论是：“如欲平治天下，当今之世，舍我其谁哉？”这又十足以道统自承了。虽然这样，在身份关系上，孟轲却只不过是孔丘的孙子子思的学生的学生而已。
005.宗教类.txt	15	5	说	韩愈是儒家思想的拥护者，他写《原道》，说道统“尧以是传之舜，舜以是传之禹，禹以是传之汤，汤以是传之文武周公，文武周公传之孔子，孔子传之孟轲，轲之死，不得其传焉”。字里行间，俨然以道统自任。他是公然主张“抵排异端，攘斥佛老”的，他在思想上的心态，是非常明显的。
005.宗教类.txt	20	5	说	糟糕的是，他这些经典整理上的细功夫，实际上，并不是科学的、客观的研究，而是玄学的、主观的武断。他的许多著作，目的只是用来武断的以供创造“道统”之需。例如他不加辨别，就硬说《大学》是“孔子之言，而曾子述之”，又说《中庸》是子思所作，等等等等，全是没有证据的胡说。但这种胡说，居然以《四书》的形式，挟“道统”以俱下，大大的影响了后代的中国人。对孔孟而言、对后代中国人而言，都给弄错了导向。严格说来，这真是一种罪过。难怪清朝大儒颜元要高呼“必破一分程朱，始入一分孔孟”了！
005.宗教类.txt	28	5	说	慧能是反对繁琐佛经的，他说：“世人终日口念般若，不识自性般若，犹如说食不饱。”又说：“佛言随其心净即佛土净，东方人但心净即无罪，西方人心不净亦有愆。东方人造罪念佛，求生西方；西方人造罪念佛，求生何国？”他甚至认为习禅打坐、出家修行，都没必要，他说：“道须通流，何以却滞，心不住法，道即通流，心若缚法，名为自缚。若言坐不动，是只如舍利佛宴坐林中，却被维摩诘诃。”“若欲修行，在家亦得，不由在寺。在家能行，如东方人心善；在寺不修，如西方人心恶。”这些言论，在佛教中，都是革命性的言论。这些言论的基础都在反对形式，重视精神上的明心见性、精神上的开启与顿悟。
005.宗教类.txt	45	5	说	《易传》有十篇，又叫《十翼》，就是十篇辅翼文章的意思。从汉朝到唐朝，大家对《十翼》都没有异议，认为是孔子作的。到了宋朝，欧阳修首先怀疑，现在证明非孔子所作，已是定说了。《十翼》包括：一、彖上传（《周易》六十四卦，每卦有“彖辞”，就是断定这卦意思的话，《彖传》就是解释“彖辞”的话），二、彖下传，三、象上传（又叫“大象”，是总论一卦之象；这种总论叫做“爻辞”），四、象下传（又叫“小象”，是分论六爻之象，爻是八卦表示的形象），五、系辞上传（系辞是总论“周易”的话），六、系辞下传，七、文言传（文言是解释二卦经文的言语，是专说乾坤二卦的），八、序卦传（解释六十四卦为什么要排成这种次序），九、说卦传（解释八卦的方位、意义〔如乾，健也〕和取象〔如乾为马〕）， 十、杂卦传（解释卦名）。
006.社会科学类.txt	3	5	说	《尚书》的意思是上古帝王的书，是中国最古的历史，包括虞、夏、商、周四代，大部分是帝王的号令，小部分是君臣相告的文字。大体上说，平时的叫“诰”，战时的叫“誓”，君告臣的叫“命”，臣告君的叫“谟”。
006.社会科学类.txt	15	5	说	慎到（前4世纪），《史记》在《孟子荀卿列传》后面带了他一笔，说他是“赵人”，“学黄老道德之术，因发明序其指意”，“著十二论”。《庄子》说：
006.社会科学类.txt	16	5	曰	公而不党，易而无私，决然无主，趣物而不两，不顾于虑，不谋于知，于物无择，与之俱往，古之道术有在于是者，彭蒙、田骈、慎到闻其风而悦之。齐万物以为首，曰：“天能覆之，而不能载之；地能载之，而不能覆之；大道能包之，而不能辩之。”知万物皆有所可，有所不可，故曰：“选则不徧，教则不至，道则无遗者矣。”是故，慎到弃知去己，而缘不得已；冷汰于物，以为道理，曰：“知不知，将薄知而后邻伤之者也。”溪髁无任，而笑天下之尚贤也；纵脱无行，而非天下之大圣。椎拍輐断，与物宛转，舍是与非，苟可以免，不师知虑，不知前后，魏然而已矣。推而后行，曳而后往，若飘风之还，若羽之旋，若磨石之隧，全而无非，动静无过，未尝有罪。是何故？夫无知之物，无建己之患，无用知之累，动静不离于理，是以终身无誉。故曰：“至于若无知之物而已，无用贤圣，夫块不失道。”豪杰相与笑之曰：“慎到之道，非生人之行，而至死人之理，适得怪焉。”
006.社会科学类.txt	17	5	说	这些话特别强调了慎到接近道家的一面。事实上，慎到是出于道家而入于法家的，《荀子》说他“尚法而无法”“蔽于法而不知贤”，其实他是早期的法家。
006.社会科学类.txt	45	5	说	荀悦（148-209），字仲豫，河南许昌人。《后汉书》说他“年十二，能说春秋”。汉灵帝时候，宦官当道，有志节的知识分子都隐居了，荀悦也隐居起来。汉献帝时候，曹操当政，荀悦和他从弟荀彧，还有孔融等，“侍讲禁中，旦夕谈论”。虽然想施展抱负，可是谋无所用，乃做《申鉴》五篇。
006.社会科学类.txt	55	5	梦	郑思肖（1206-1283），又名所南，字忆翁，自称三外野人，福建连江人。他是宋朝的太学上舍生，应过博学宏词科。元兵南下时候，他上书救国，没有结果。宋朝亡后，他变成一个激烈的隐士，不结婚，用不断的言行，表示他对故国的怀念。“不知今日月，但梦宋山川。”他不论坐卧，都面不向北方，因为北方已经沦陷了；他画兰花，都不画土，因为“地为番人夺去”了。
006.社会科学类.txt	79	5	梦	自鸦片战争后，中国大梦方觉，自感“天朝”声威，不足以慑夷狄的“船坚炮利”，而夷狄更是“不可理喻”，“晓以大义”并无效果。因而激动了民族自觉，开始委曲求全，接受西方文明。曾国藩、左宗棠、李鸿章等的筹办洋务，乃至康有为、梁启超等的戊戌变法，都是这一自觉的显例。所以鸦片战争的失败，关系中国近代化的迟速，极为深远。
006.社会科学类.txt	94	5	说	孙武的《孙子》共有十三篇，杜牧说曹操“削其繁剩，笔其精粹”，事实上，《孙子》只有五千九百一十三个字，就是高诱所说的“兵法五千言”。五千多字，又有什么好删的？高诱在曹操之前，可见曹操删书之说，是不对的。
006.社会科学类.txt	115	5	说	汪辉祖这样一个大大的好官，有人称赞他一介不取等等，他反倒不高兴。他说：“为淑女蹇修，而称其不淫，可乎？”（“你以不是荡妇赞美一个好女孩，可以吗？”她当然不是荡妇，我当然不是坏官，好官本是应该做的啊！）
006.社会科学类.txt	133	5	说	李觏是主张经世致用的大思想家，他主张言利，说“人非利不生”、说“焉有仁义而不利者乎？”在乐利的前提下，他主张耕者要有其田、不做工不得吃饭、统治者要无私财、和尚道士要还俗去做生产者……
006.社会科学类.txt	156	5	问	中国历史上是一个不太重视财经的国家。中国人的财经之道，也只是“不患寡而患不均”之类的理想与常识。至于如何才能无不均之事，中国士大夫一来疏于研究，二来也无计可施。中国士大夫喜欢放言仁义而耻言功利，一涉及财经之学，便目为聚敛之事，所谓“与其有聚敛之臣，宁有盗臣”是也。故在中国历史上，除非法家健者或得君专而又有魄力者，不敢在财政上有所举措。所以中国的财政常常不能配合行政，即有所配合，也必须借儒家之名以行。且行时往往贤者回避，以致小人当道，把财经弄出不少问题。
007.语文学类.txt	7	5	说	文字学在中国古代叫“小学”，因为读经书要先识字，所以叫“小学”。“小学”分两大类：一类是字义，一类是字用（字和辞的连缀用法）。字义中有一个附庸，就是“音韵”。在传统中，“小学”是“经学”的附庸，“音韵学”是“小学”的附庸。中国字典有三类编法，从意义上分类的，有《尔雅》《方言》《释名》；从字形上分类的，有《说文》《玉篇》；从读音上分类的，有《切韵》《集韵》《广韵》。
008.自然科学类.txt	3	5	说	《周髀算经》一直被认为是中国最早的数学书（但李约瑟说它比《九章算术》晚两百年）。书名“周”字指“天边的一周”；“髀”字指“表竿”。据李约瑟考证：
008.自然科学类.txt	30	5	说	李慈铭《越缦堂日记》里说吴大澂是“清客材也……浮躁嗜进”（光绪九年十一月二十六日），王闿运《湘绮楼日记》里说“其人书痴，非吾意中人”（光绪十九年三月二十六日），叶昌炽《缘督庐日记》里说“怖其河汉无极”（光绪二十一年一月二十二日），都说明了他是一个好吹大牛的大 名士。
009.应用技术类.txt	12	5	说	中国的医学史，并不是什么真的“医学”史，而是一笔道道地地的“巫医”史。换句话说，中国历史上，根本没有真正的“医学”。
009.应用技术类.txt	16	5	说	李诫（1035-1110），字明仲，河南郑县人。他“博学多艺能，家藏书数万卷，其手钞者数千卷”，“性孝友，乐善赴义，喜周人之急”。著有《营造法式》《续山海经》《续同姓名录》《琵琶录》《马经》《六博经》《古篆说文》等。
010.艺术类.txt	6	5	问|答|曰	尤善丹青，图写特妙，谢安深重之，以为有苍生以来未之有也。恺之每画人成，或数年不点目精（晴）。人问其故，答曰：“四体妍蚩，本无阙少于妙处，传神写照，正在阿堵中。”尝悦一邻女，挑之弗从，乃图其形于壁，以棘针钉其心，女遂患心痛。恺之因致其情，女从之，遂密去针而愈。
010.艺术类.txt	18	5	说	围棋就是弈、棊、碁。它的起源相当早。孔丘有“不有博弈者乎？为之犹贤乎已”的话；孟轲也有“今夫弈之为数，小数也，不专心致志，则不得也”的话。《左传》疏中有“棋者所执之子，以子围而相杀，故谓之围棋”。它的起源已不可考。张华《博物志》说“尧造围棋、丹朱善棋”的话，全不可信。有一点可以断定的是：围棋是中国文化的产品，象棋是印度文化的产品。这一个大不同，往往被人忽略了。
011.文学类.txt	20	5	最后|陆机	陆机（261-303），字士衡，因做过平原内史，世称陆平原，上海松江人。陆机的祖父是陆逊，父亲是陆抗，他是三国时吴国世家之子。在他二十岁的时候，吴国被灭，他闭门读书，一连十年。最后写了《辩亡论》两篇，作为对故国兴亡的一番检讨。
011.文学类.txt	27	5	说	陶潜的唯一过分了的嗜好是他喜欢喝酒，并写了太多的和酒有关的诗。在他一百一十四首的五言古诗里，酒字出现三十一次、醉字七次、醪字三次、酣字三次、酌字三次、醇字一次。他的儿子都是笨蛋，没有一个能“臣得其酒”式的继承他的一切。他在六十三岁时死去，死前写自祭文，说：“匪贵前誉，孰重后歌。”表示对生前死后的声名都不在乎。这种旷达，在他拟挽歌辞里也如出一辙：“千秋万岁后，谁知荣与辱？但恨在世时，饮酒不得足！”
011.文学类.txt	53	5	后来|最后|说	宋神宗死后，他重回中央，做翰林学士兼侍读，起草八百道诏令，为宋哲宗讲书，大大走红。后来又被人诬告，又说他写诗讪谤，乃去杭州做官，再回中央，最后下放到广东的惠州和琼州（海南岛）。直到宋徽宗即位，才被调回。六十六岁死在江苏常州（因为他阴历十二月十九日出生，所以实际只活了六十四岁）。
011.文学类.txt	63	5	最后|曰|说	元朝顺帝请他做翰林院编修，他不肯干，隐居在龙门山，埋头写书。十多年后，明朝太祖聘他做江南儒学提举，并做太子老师，《明史》说：“濂傅太子先后十余年，凡一言动，皆以礼法讽劝，使归于道，至有关政教及前代兴亡事，必拱手曰：‘当如是，不当如彼’皇太子每敛容嘉纳，言必称师父云。”此外宋濂又负责修《元史》。最后做到翰林学士，承旨，知制诰（替皇上写诏书），六十八岁时候退休。
011.文学类.txt	70	5	说	中了进士，他去做长兴知县。但他是“用古教化为治”的，审判官司，只训话，不判刑。——“每听讼，引妇女儿童案前，刺刺作吴语。断讫遣去，不具狱。”（张廷玉《明史-文苑传》）上头说这样怎么成？要他照法律判，他不听，结果被拉下马，改做顺德通判，专管马政。明朝从开国以来，从来没有进士管马的，所以他倒霉倒得拉上马了。
011.文学类.txt	89	5	逃	郑燮三十岁前，有一个儿子，可是在“天荒食粥竟为常，惭对吾儿泪数行”的穷困下，营养不足儿子死了。他中进士后，做了山东潍县的“七品官耳”，为了救济难民，得罪了上司，丢了差使。他在潍县作《逃荒行》《还家行》《思归行》等诗，表达民间疾苦，都很动人。潍县人感念他，为他立了生祠（明朝的生祠多是为魏忠贤等坏蛋立的，清朝的生祠就不同了）。
011.文学类.txt	116	5	说	俞正燮除了博古通今外，思想也极开明，他主张人权女权，“颇好为妇人出脱”。他说：“再嫁者不当非之；不再嫁者，敬礼之斯可矣。”又说：“深文以罔妇人，是无耻之论也。”这种前进的言论，在礼教下的中国，真是大胆极了！
011.文学类.txt	144	5	后来|蔡邕	蔡琰嫁给卫仲道，没有小孩，丈夫死后，就回娘家守寡。天下大乱，她被胡骑抢走，流落南匈奴十二年，做匈奴左贤王妻子，生了两个儿子。后来曹操当政，曹操怜念老朋友蔡邕惨死，又没有子嗣，女儿也流落异域，乃遣使者用金币把蔡琰赎回，嫁给董祀。
011.文学类.txt	161	5	说	谢灵运在政治上不得意，便寄情山水，他可说是中国第一山水诗家，也是中国第一大游山家。他游山，用特制的鞋，又带着大队童仆伺候，气派无比，甚至被误会是“山贼”。他又“凿山浚湖，功役无已”，又“游娱宴集，以夜续书”。在行为上的横恣，一再使统治者头痛。终于在四十九岁那年，以叛乱罪名，死于法场。
011.文学类.txt	182	5	说	陈子昂的作品，主张上追汉魏风骨、贬抑齐梁浮艳，所以，“起八代之衰”的第一人，实在是他，不是韩愈。韩愈自己也说“国朝盛文章，子昂始高蹈”，就是指此。
011.文学类.txt	191	5	说	李白的诗中，有许多“一醉累月轻王侯”的反抗，他说“安能摧眉折腰事权贵，使我不得开心颜”，可见在他的内心深处，是要冲决网罗的。他写“田家秋作苦，邻女夜春寒”等诗，代中国人民发出他们的苦难之声、风雨之声，也都是这一反抗的延续。
011.文学类.txt	214	5	梦	杜牧诗中的另一特色是他对女人的态度，他有“十年一觉扬州梦，贏得青楼薄幸名”的记录，也有“自是寻春去较迟，不须惆怅惜芳姿”的感怀，这是他的浪漫的一面。
011.文学类.txt	224	5	问|说|苏轼	李清照（1084-1155后），自号易安居士，山东历城（济南市）人。书香世家，她十八岁嫁给赵明诚，夫妻两人，对文学、金石、书画，都志同道合，一起研究。她是宋朝最有名的女作家，有文采、有学问，但是因为是女人，又才气太露（晏殊、欧阳修、晏几道、柳永、苏轼、秦观、黄庭坚、贺铸等名家都被她批评过），所以被当时许多人嫉忌，硬给她造谣，说她在丈夫赵明诚死后改嫁张汝舟了；改嫁后又所遇非人，告到官里去，又判决离婚了。
011.文学类.txt	230	5	梦	陆游是最有名的忧国诗人，可是一辈子的际遇，只限于“以口击贼”而已。他口中“上马击狂胡，下马草军书”，只是“铁马冰河入梦来”的境界，他是不能进一步施展的。
011.文学类.txt	266	5	后来|辞官|梦	汤显祖（1550-1617），字义仍，号若士、海若，别署清远道人，江西临川人。他是明朝进士，在中央做官，因为上疏抨击朝政，被贬到广东，后来到浙江做县太爷。四十八岁后，辞官隐居，专事写作。他写有《临川四梦》，就是《紫钗记》《还魂记》（即《牡丹亭》）《南柯记》《邯郸记》，开创了明代传奇的黄金时代。
011.文学类.txt	288	5	梦	《东周列国志》是明朝余邵鱼原作、冯梦龙改订的一部八十万字巨著，包括了中国早期的重要史实与典故，我们习惯上用的什么“管鲍之交”、什么“弦高犒师”、什么“退避三舍”、什么“食指大动”、什么“大义灭亲”、什么“奇货可居”、什么“欲加之罪，何患无辞”等等，都可在这部一百零八回的名著里，找到来龙和去脉。
012.史地类.txt	4	5	说	晋朝范宁说：“左氏艳而富，其失也巫。”“艳”是文笔好，“富”是内容好，“巫”却是鬼神祸福之事，所占比例太多。
012.史地类.txt	18	5	说	关于《国语》和《左传》，有两种说法，一种说法是：两书都是左丘明做的，左丘明给《春秋》做传，成了《左传》，剩下的材料，成了《国语》，所以《国语》也叫《春秋外传》。王充《论衡》说：“《国语》，左氏之外传也。左氏传经，词语尚略，故复选录《国语》之词以实之。”另一种说法是：《春秋》的传只有《公羊传》和《谷梁传》，根本就没有《左传》这部书，有的只是《国语》。司马迁《史记》说“左丘失明，厥有《国语》”，就是指此。西汉末年刘歆为了抵制《公羊》，乃把《国语》割裂，成为《左氏传》和《国语》两部书，《左氏传》就变成《左传》（康有为《新学伪经考》主此说最力）。
012.史地类.txt	62	5	说	赵翼有论诗绝句说：“满眼天机转化钧，天工人巧日争新。预支五百年新意，到了千年又觉陈。” “李杜诗篇万口传，至今已觉不新鲜。江山代有才人出，各领风骚数百年。”“只眼须凭自主张，纷纷艺苑说雌黄。矮人看戏何曾见，都是随人说短长。”他的气派，于此可见。
012.史地类.txt	97	5	曰	柔谦乃曰：“汝能终身穷饿，不思富贵乎？”祖禹跪应曰：“能。”柔谦曰：“汝能以身为人机上肉，不思报复乎？”祖禹复应曰：“能。”柔谦喜曰：“吾与汝偕隐耳！”
012.史地类.txt	99	5	曰	柔谦精于史学，尝谓：“《明一统志》于战守攻取之要，类皆不详山川，条列又复割裂失伦，源流不备。”祖禹承其志，撰《读史方舆纪要》一百三十卷，凡职方、广舆诸书，承为袭谬，皆为驳正。详于山川险易，及古今战守成败之迹，而景物名胜皆在所略。创稿时年二十九，及成书，年五十矣。宁都魏禧见之，叹曰：“此数千百年绝无仅有之书也！”以其书与梅文鼎《历算全书》、李清《南北史合钞》称三大奇书。
012.史地类.txt	108	5	说	《宋史》说：“成大素有文名，尤工于诗。上尝命陈俊卿择文士掌内制，俊卿以成大及张震对。自号石湖，有《石湖集》《揽辔录》《桂海虞衡志》行于世。”纪昀《四库全书简明目录》中说：“成大有《石湖大全集》一百三十六卷，《别集》二十九卷，今皆未见。”《石湖大全集》一百三十六卷明见于陈振孙《直斋书录解题》和《宋史·艺文志》），自然是他的全集的应有名目，可惜失传了，所以连纪昀都看不到了。
012.史地类.txt	112	5	问	徐宏祖19岁时候，父亲死了。办完丧事，他“愈复厌弃尘俗，欲问奇于名山大川”。他的母亲赞成他出去跑跑，他就出发了。他二十二岁到四十岁间的跑法，和四十三岁后不一样。四十岁前母亲在世，他多少要受“不远游，游必有方”的约束。母亲既死，他就大游特游起来，从此不计程也不计年，大过他“万里遐征”的瘾了。
013.《中国名著精华全集》序.txt	23	5	问	为了解决这个令人痛苦的问题，有心人便出来，想法子做种种选本，来喂中国人。可叹的是，这些选本都失败了。失败的原因，最主要的，是大家太注重以“文章”为检定标准了，太注重“文章”挂帅，并且这种“文章”，又太局限在僵化的模式里头了。
013.《中国名著精华全集》序.txt	30	5	说	虽然这样，韩愈却还算是进步分子呢！中国文章自魏晋以后，就有话不好好说，一定要配成了对儿才说话，一作起文来，就是“四六体”。“四六体”是四句六句对偶而成的骈体文，是纯粹的中国字一字一形一音一义的大排队。中国人这时候，一写文章就要对对子，写满篇文章就是写满篇春联，满篇堆砌、矫揉造作，非常讨厌。到了唐朝，韩愈出来，主张秦汉古文，“师其意而不师其词”“唯陈言之务去”，虽然韩愈文章也一样讨厌，但比起以前的八代的来，总是一种进步。
013.《中国名著精华全集》序.txt	32	5	说	这种进步，转变到北宋的“古文”。“古文”一方面说复古，一方面也创新，虽然南宋以后，有“语体”出现，把白话和文言合流，但以“文章”正宗论，还是“古文”的天下。于是，从韩愈到曾国藩，中国的能文之士都是古文家，“古文” 就是我们一般指的文言文。
013.《中国名著精华全集》序.txt	58	5	说	由于时代的转变，由于“知识的爆炸”、由于传播知识的方法等等，都有了不同，所以今天的有心人，从事这一努力的时候，就要采取现代的观点，来处理古书；以版本（板本）为例，现代印刷术的进步，尤其是影印技术的进步，使刊布图书的方法根本改变，同时也改变了“珍本”“秘本”“孤本”等古董观念，使古书不复成为某一阶层人的独得之秘。当然，对古书，非不可讲究版本，但为一二校勘之便或几个异文讹漏，就把一部书的功能和流传性绞杀，则显然是旧式藏书楼主的行为；同样的，为了讲究版本之说，整天光刊些无甚价值的僻书，或一刊再刊些“版本竞赛”的常见经史之类，也不能不说是旧式版本学家的流毒，对鉴古知今的文化出版事业，为功究属狭窄。
013.《中国名著精华全集》序.txt	59	5	问	当年黄尧圃的学生曾有过书毋庸讲本子的议论；俞樾的学生（章炳麟）也提过读书何必讲究版本的疑问。这些见解，都是从“取其大者”的角度，来从古书选材的，他们并不斤斤计较“舆薪之不见”的癖好，当然也反对先以偏为务、再以偏概全的专家孔见。
013.《中国名著精华全集》序.txt	79	5	问	诸君对于中国旧书，不可因“无用”或“难读”这两个观念，便废止不读。有用无用的标准本来很难确定，何以见得横文书都有用，线装书都无用？依我看，著述有带时代性的，有不带时代性的。不带时代性的书，无论何时都有用。旧书里头属于此类者确不少。至于难读易读的问题呢，不错，未经整理之书，确是难读，读起来没有兴味或不得要领，像是枉费我们的时光。但是，从别方面看，读这类书，要自己用刻苦功夫，披荆斩棘，寻出一条路来，因此可以磨练自己的读书能力，比专吃现成饭的得益较多。所以我希望好学的青年们最好找一两部自己认为难读的书，偏要拼命一读，而且应用最新的方法去读它，读通之后，所得益处，在本书以内的不算，在本书以外的还多着哩。
013.《中国名著精华全集》序.txt	99	5	说	(11)在《中国历史演义全集》中，我配上图片，并且把每张图片加上活泼的说明，很受欢迎。这套《中国名著精华全集》也同样处理。图片中有的得来之不易，非细心而识货的中国人，就很难看出来。以配图中徐渭（文长）《青天歌卷》的首尾为例，《青天歌卷》在1966年江苏吴县东角直地方曹澄墓中出土。纸本，纵31.6厘米，长2036厘米，共七十四行。卷首有“许实善印”、“硻硻子”收藏章。卷后盖有“天池山人”、“青藤道士”章。这种十多年前才从坟里挖出来的文献，都被我用到了，这种“绝活”，总该令人绝倒吧？
001.《要把金针度与人》（代序）.txt	16	4	后来|最后	□不一定。中国的知识分子读书多的却也不少，但是愈读愈混蛋的，却愈来愈多，这都是因为读死书的缘故。很多人的基础，根本是“呆子”，后来念了几十年的书，变成了“书呆子”，辛苦半生，如此而已。我从前有位老师叫姚从吾，是辽金元史专家，非常用功，最后死在书桌上。但是他太笨了，他看书，就好像一只狗熊进到玉米园里，折一根玉米夹在腋窝下，左摘右丢，弄了一夜，出园时还只是腋窝下那一根。——他们看过的东西随时扔掉了！所以读书无法使他们头脑变好，反倒变坏。
002.李敖谈分尸读书法.txt	3	4	问|说	我从小喜欢读书，并且天天读书，读课外书。这一习惯随我长大，几十年来，除了当兵时入伍训练头几天和坐牢时疲劳审问头几天无法读书外，天天读书，从不间断。我常自豪说：“一般人读了李敖读过的书的十分之一，就变成书呆子了，因为书读得多，容易变成书呆子，可是李敖不会，因为李敖读书虽多，但是方法却好，永远不会中书毒，永远保持博学、开明与新鲜。”
003.总类.txt	21	4	问|答	1931年，范希曾把《书目答问》补正（包括补正原书的错误和遗漏），是为南京国学图书馆铅印本，最为实用。
003.总类.txt	56	4	后来|说	俞樾的名著有《群经平议》《诸子平议》《古书疑义举例》等。《古书疑义举例》出得最晚，写得也最炉火纯青。这书共七卷，把古书疑义分类写成八十八条，用前无古人的科学方法，使人们知道如何认识古书。刘师培说这书“发古今未有之奇”，可谓定评。这书后来引得刘师培、杨树达、马叙伦、姚维锐等的仿作补作，影响极为深远。
004.哲学类.txt	20	4		在人生哲学方面，《庄子》中的意见是“达观主义”。对人生一切寿夭、生死、祸福、是非、善恶、得失、贫富，一概达观、一概归到命定。而这种达观的获得，则倚靠超出“形骸之外”的“出世主义”。这种主义，使人虽在人世，却如同不在人世一样，这样放大眼光，可达到“万物与我为一”的效果。所谓“天下莫大于秋毫之末，而太山为小；莫寿乎殇子，而彭祖为夭。天地与我并生而万物与我为一”；“自其异者视之，肝胆楚越也；自其同者视之，万物皆一也。”……这种物我一致的极致，就是《庄子》思想的极致。
004.哲学类.txt	25	4	韩非	荀况有两个有名的学生——韩非和李斯；一部有名的书——《荀子》。这书共有三十二篇，它最早是汉朝刘向整理出来的，取名《孙卿书》；再由唐朝杨倞重新整理，定名《荀子》。书虽然体大思精，可是一直很倒霉，在孟轲作为孔丘接班人的标准下，和荀况自己的两位不讨人喜欢的接班人的影响下，它一直被冷落。结果只看到思想粗糙的《孟子》一路风光，思想精湛的《荀子》却没取得应有的重视。这对荀况是非常不公平的。
004.哲学类.txt	27	4	吕不韦	吕不韦：《吕氏春秋》
004.哲学类.txt	32	4	后来|自杀	刘安（前179-前122），江苏沛县人，是汉高祖刘邦的孙子。刘邦在打韩王信的时候，经过赵，赵王张敖献上美人，过夜留下“龙种”。一年后，赵王被诬谋反，美人被连累，关在牢里。大概这时候生下私生子刘长，美人转托审食其转告刘邦，刘邦不理，美人自杀。刘邦就把他最小的儿子刘长封做淮南王，当时只有两岁。后来刘邦死了，汉文帝即位，二十二年后，又搞诬人谋反的把戏，抓了刘长，把刘长关在囚车里，刘长自杀。刘长死后十年，他的长子当了淮南王，就是刘安。刘安做淮南王做到五十九岁，汉武帝又搞诬人谋反的把戏，于是刘安又自杀。这三世蒙冤、三代自杀的史实，是中国帝王政治、宫廷黑暗中的一大悲剧。不幸跟帝王之家有生殖器关系的人，遭遇真太不公平了！
004.哲学类.txt	34	4	后来|问	刘安是学问很好的人，“为人好读书鼓琴，不喜弋猎狗马驰骋。”他和他的门客著了一部包罗万象的大书，就是《淮南鸿烈》，就是后来的《淮南子》。
004.哲学类.txt	35	4	扬雄	扬雄：《太玄》
004.哲学类.txt	38	4	扬雄	扬雄晚年又老又穷，喜欢喝酒。“有好事者，载酒从游学”，传下他的名著《太玄》和《法言》。他七十一岁时死去。
004.哲学类.txt	40	4	扬雄	扬雄也是辞赋家，但他晚年鉴于辞赋无用，反对起来了。
004.哲学类.txt	50	4	问|说	王充的思想，在《论衡》里完全流传下来。例如在《奇怪篇》中，我们可以看到他怀疑稷母履大人迹而生，而说：“贵人之气，更稟贱物之精，安能精微？”又在《论死篇》中，我们可以看到他论死生，则以死者现神，必着殓时之衣；人即有鬼，岂衣服之仍形？他如《书虚篇》中疑孔颜同登泰山、以望阊门之事；《感虚篇》中疑杞梁之妻哭城城崩之伪；《语增篇》中疑武王伐纣、兵不血刃之有问题；《谴告篇》中疑灾异之无关人事；《商虫篇》中明言虫灾之生，乃因人谋不臧；并更明言当时学风的妖妄……这些惊世骇俗的许多卓见，都是《论衡》中的不凡的思想，值得我们特别重视。
004.哲学类.txt	161	4	最后|逃	谭嗣同的思想，从旧学中加进佛学，又从佛学中加进西学，他死前两年认识了康有为、梁启超，受了他们极大的影响，思想的视野上更宽了。他完成了最主要的著作——《仁学》，对人生的取向，有了融会贯通的结论。这种结论，使他在戊戌政变时可以不死却甘愿一死、可以逃亡却宁愿坐待，最后从容的“我自横刀向天笑”而去，完成了伟大心灵的一生。
004.哲学类.txt	165	4	说|班固	墨子是热心救世的人。班固说“孔席不暖，墨突不黔”，就是说墨子住的地方，烟囱还没熏黑，就跑去救世去了。
005.宗教类.txt	9	4	董仲舒	董仲舒：《春秋繁露》
005.宗教类.txt	33	4	后来|说	这部《太平经》，来源说是于吉得到的神书，原来只有两卷，后来你也加我也加，变成了一部一百七十卷的大书，成为道教最早的经典。虽然这部经典，并不为后来道教信徒所重视，但它的历史意义，极有价值。从这部黄巾之乱的圣经里，我们可以看到中国民间的许多思路，看到中国土生土长的民众怎样追寻、怎样迷信、怎样提出他们的呼声和要求。所以读读《太平经》，我们倒真可得“道”呢！
006.社会科学类.txt	6	4	管仲	管仲：《管子》
006.社会科学类.txt	8	4	鲍叔	吾始困时，尝与鲍叔贾，分财利多自与，鲍叔不以我为贪，知我贫也；吾尝为鲍叔谋事而更穷困，鲍叔不以我为愚，知时有利不利也；吾尝三仕三见逐于君，鲍叔不以我为不肖，知我不遭时也；吾尝三战三走，鲍叔不以我为怯，知我有老母也；公子纠败，召忽死之，吾幽囚受辱，鲍叔不以我为无耻，知我不羞小节而耻功名不显于天下也。——生我者父母，知我者鲍子也！
006.社会科学类.txt	29	4	韩非	韩非：《韩非子》
006.社会科学类.txt	53	4	说|苏轼	王安石死后，他的政敌苏轼代皇帝写敕文，说天意“将以非常之大事，必生希世之异人。使其名高一时，学贯千载，智足以达其道；辩足以行其言，瑰玮之文，足以藻饰万物；卓绝之行，足以风动四方”。对王安石说来，正是公论。
006.社会科学类.txt	56	4	忽然|说	郑思肖七十八岁死去，临死前请他朋友唐东屿写一牌位，上书“大宋不忠不孝郑思肖”，原因是自认不能死国，为不忠；不能有后，为不孝。他死后三百五十六年，忽然在枯井中发现了一部密封的书，原来是他写的。据陈宗之《承天寺藏书井碑阴记》说：
006.社会科学类.txt	77	4	最后|问	林则徐（1785-1850），字少穆，福建侯官人。他是清朝进士，在湖广任总督时，向道光皇帝上陈鸦片问题，得到皇帝信任，乃在道光十八年（1838），做上钦差大臣，查禁鸦片，最后发生鸦片战争。
006.社会科学类.txt	85	4	问|答	龚自珍的主要著作有《尚书序大义》《大誓答问》《尚书马氏家法》《左氏春秋服杜补义》《左式决疣》《春秋决事比》《定庵诗文集》等书。
006.社会科学类.txt	93	4	不料|说	孙武（前6-前5世纪）是春秋时代吴王阖庐的客卿，是两千五百年前的军事家。他的身世，一直遭到怀疑。其中最主要的有两类：第一类是怀疑根本没有他这个人；第二类是怀疑他和战国时代的孙膑为同一个人。像钱穆就是靠后一种说法成名的。不料1972年4月，山东临沂银雀山的古墓里，出土了古代兵书，证明了这种怀疑都是站不住脚的瞎扯淡。
006.社会科学类.txt	109	4	后来|自杀	长孙无忌（？-659），字辅机，河南洛阳人。他“贵戚好学，该博文史，性通悟，有筹略”。他跟唐太宗年轻就认识，后来帮唐太宗打天下，凌烟阁二十四功臣像中，他就图列其中。唐太宗死后，他因守正不阿，被诬谋反，被逼自杀。十五年后（674），才得平反。
006.社会科学类.txt	114	4	后来|问	他后来成为进士，做了湖南宁远的县太爷，他是一个心地非常仁慈的好官，问案时候，会跟罪人一起哭起来。做县太爷将近四年，他得罪了大吏，丢了官，下台返乡前，老百姓竟“官邑走送境上，老幼泣，拥舆不得行”！可见他感人之深。
006.社会科学类.txt	135	4	答|说	李觏比王安石大十一岁，他之于王安石，就像施洗者约翰之于耶稣。胡适《记李觏的学说》中未能考订出他们根本是认识的，是一件疏忽，因为王安石《答王景山书》中，早就说他们认识了。
006.社会科学类.txt	143	4	问|说	洪亮吉一生关心民间疾苦，关心实际问题。他驳斥迷信思想，反对世俗的鬼神论。又揭发贪污的真相，说人民的造反，乃是官逼的，官吏“赋外加赋，横求无艺……不逼至于贼不止”。
006.社会科学类.txt	155	4	最后|说	桓宽（前1世纪），字次公，河南上蔡人。汉朝自武帝起，大搞统制经济，用桑弘羊之说，设榷酟（酒官卖）盐铁（盐铁官卖）之法。汉昭帝时，召集天下贤良、文学六十多人开会，辩论得失。最后由倾向儒家的桓宽编成纪录，就是六十卷的《盐铁论》。
007.语文学类.txt	3	4	不料|说	许慎（30-124），字叔重，河南郾城人。他是汉朝的古文学家，以博通经籍闻名，大家推服他，称他做“五经无双”。许慎在公元100年左右，完成了一部书——《说文》。这书本是打笔仗的书，是用来驳斥今文学家解经的说法的，不料书中对中国文字的整理，显出了它的另一层意义。从此以后，它就成为中国第一部以偏旁编排的字典了。
007.语文学类.txt	4	4	问|说	《说文》全书分三十卷，五百四十部，共收九千三百五十三字。它决定了两千年中文字典的形式，同时在文字学、语义学等方面，又有着最具影响力的功劳。许慎写这部书的重点，在说明为什么一个字要那样写，他要找出每个字的原始意义，再从原始意义上说明它那样写的理由。就这样的，这书收存了小篆和晚周的许多文字，使我们可以溯源寻根，从而解决进入古典的许多问题。
007.语文学类.txt	9	4	后来|说	《广韵》共五卷，分二百零六部，收入二万六千一百九十四个字。它把每个字都先说明意义，再注上声音，然后把许多同音字，排成一组，放在后面。它收的字，超过《说文》《字林》《玉篇》等书，所以它是宋朝以来的最通用的一部字典（后来的《康熙字典》收了四万七千零三十五字，字更多了）。
008.自然科学类.txt	4	4	吕不韦	因为《周髀算经》课文中有涉及吕不韦的地方，故有人断言，其著作年代不能早于公元前3世纪。但这种关于吕不韦的引用文句，也有被前汉著作家加入的可能，真相如何，尚难确定。反之，在另一方面，这书的著作，也不能后于它的首先注释人赵君卿时代。赵君卿生存年代，虽不能确知，但一般均认为系后汉末年（可能系3世纪时）前后的人。
009.应用技术类.txt	17	4	最后|说	《营造法式》是李诫奉皇帝之命写的，他“考究群书，并与人匠讲说分明类例，以元符三年（北宋哲宗最后一年，1100）成书奏上”。这书包括三十四卷，集中国古代建筑艺术的大成。从它里面，我们可以看到北宋晚年官式建筑的全部细节。这些细节都是其来有自的，那就是上承汉唐以来的中国建筑传统。
010.艺术类.txt	3	4	曰|说	顾恺之（348-409），字长素，江苏无锡人。《晋书》说他：“博学有才气，尝为‘筝賦’成，谓人曰：‘吾赋之比嵇康琴，不赏者必以后出相遗，深识者亦当以高奇见贵。’”这表示他是很坦率的，他不做无谓的谦虚。
010.艺术类.txt	8	4	唐寅	唐寅：《唐伯虎全集》
010.艺术类.txt	16	4	最后|说	为了力行他的不合作主义，嵇康以打铁谋生。一天在树下打铁，贵公子钟会来看他，他傲然不理，最后还出言讽刺。司马昭当政后，钟会说他坏话。司马昭从嵇康好友吕安的身上，发起冤狱，罗织到嵇康，诬以叛乱，判他死刑。太学生三千人联名上书，为他请命，无效。最后以四十之年，弹琴就义，从容一死。他的声音，遂成广陵散矣！
011.文学类.txt	5	4	后来|最后	司马相如落魄时候，勾引到卓王孙的女儿——十七岁的小寡妇卓文君，演出了中国历史上最有名的私奔。卓王孙杯葛小夫妻，小夫妻就在附近卖酒，“与庸保杂作，涤器于市中”。卓王孙是家有八百多佣人的大户，丢不起这个人，遂屈服，“分文君僮百人，钱百万”。于是小夫妻阔起来了。他后来变心，最后得糖尿病死去，死前一直是御用文人。
011.文学类.txt	7	4	蔡邕	蔡邕：《蔡中郎集》
011.文学类.txt	8	4	蔡邕	蔡邕（131-192），字伯喈，河南杞县人。他是汉末的大孝子，他的家族也是中国家族的模范——“与叔父从弟同居三世,不分财，乡党高其义”。
011.文学类.txt	9	4	蔡邕	蔡邕对辞章、数术、天文、音乐、文字都很在行，尤其在订正古书与文字上，他的功绩更是可观，是中国第一碑铭圣手。
011.文学类.txt	15	4	后来|说	孔融十六岁就坐了牢，为的是通缉犯张俭到孔家来避难，孔融替哥哥孔褒做主，收留了张俭。事发后，孔融说他该负责；孔褒说彼来求我，非弟之过。”他该负责；他们母亲说她是家长，她该负责。闹得“一门争死”（一家人个个争着要去死），侠义感人。后来皇帝决定由孔褒负责，孔融就出了狱。
011.文学类.txt	19	4	陆机	陆机：《陆士衡集》
011.文学类.txt	23	4	陆机	陆机的《文赋》最能代表他的文学论，也可看出那个时代的文艺水平。
011.文学类.txt	57	4	后来|说	文天祥（1236-1282），字履善，又字宋瑞，号文山，江西吉安人。他二十一岁中进士，并且得了第一名。二十四岁上书请求改革政治，没有结果。因小人贾似道当道，一度免职在家。后来又做官，做到丞相，但那十足是亡国丞相，因为宋朝已经亡国在即了。但文天祥不灰心，他说：“父母有疾，虽不可为，无不用医药之理。”所以知其不可为而为之。
011.文学类.txt	79	4	后来|逃	吕留良（1629-1683），字庄生，又名光轮，字用晦，号晚村，浙江崇德人。他是一个遗腹子，八岁就能作文章，十三岁就组织征书社。十六岁时候，明思宗殉国，明朝完了。十七岁到十九岁，他连年逃难。后来从事选文、卖文、家教维生。三十八岁时候，他避不应试，被革去秀才。后来他的排满思想日渐浓厚，以行医和编书做主要工作。四十五岁以后，他的夷夏之防的立论，愈来愈明确，他打着朱熹的旗号，宣传民族思想。他在南京开设书坊，出售自己编刻的书籍。五十二岁时候，清朝政府征聘天下隐士，他只好剃光头发穿上僧衣，力持不合作主义。再过三年，他就死了。
011.文学类.txt	85	4	后来|说	后来他到了湖南，正欲结合同志，著书立说，竟突然死去，年仅四十八岁。
011.文学类.txt	99	4	问|答	全祖望的著作有七校《水经注》、三笺《困学纪闻》《汉书地理志稽疑》《经史问答》《句容土音》《丙辰公车征土小录》及《鲒埼亭文集》等。他临死前已病得不能阅读，还请人代读，以便定稿。他的精神，由此可见。
011.文学类.txt	108	4	问|说	汪中自述说：“中尝有志于用世，而耻为无用之学，故于古今制度沿革、民生利病之事，皆博问而切究之，以待一日之遇。下至百工小道，学一术以自托。”可见他志趣的不凡。
011.文学类.txt	118	4	后来|说	郭嵩焘（1818-1891），字伯琛，号筠仙，别号献臣，晚自号玉池老人，湖南湘阴人。他二十九岁中进士，后来历任中央、地方官。五十八岁时，做出使英国、法国大臣。他是深知世界大势的人，但在愚昧守旧的时代里，他竟被无识的士大夫骂为媚外。《清史稿》说：
011.文学类.txt	120	4	后来|辞官	后来他格于小人刘锡泽的事事捣乱，乃辞官回国。但是——
011.文学类.txt	143	4	蔡邕	蔡琰（约177-？）字文姬，又字昭姬，河南杞县人。她是蔡邕的第二个女儿，“博学有才辨，又妙于音律。”在才具上，很像她父亲。
011.文学类.txt	164	4		鲍照（约414-466），字明远，江苏涟江人。他出身寒门，种田起家，虽然力争上游，但是，在南北朝时期，“上品无寒门，下品无士族”的阶级，是森严的，所以在政治上，他没有戏唱。在宋文帝时代，他做到中书舍人的官，宋文帝刘义隆是喜欢舞文弄墨的，“自谓人莫能及”，鲍照深怕自己的文采被皇帝嫉妒，所以故意写些“鄙言累句”，以示退步，借自污以苟全性命。人们“咸谓〔鲍〕照才尽，实不然也”。
011.文学类.txt	165	4	最后|逃	虽然这样，鲍照还是在劫难逃。他最后出任临海王刘子顼的参军。宋明帝即位，晋安王刘子勋造反，刘子顼起兵响应。结果兵败，鲍照被乱军所杀，年约五十多岁。
011.文学类.txt	190	4	最后|说	李白的一生，大体和唐玄宗时代同期，从他一生中第一首诗《访戴天山道士不遇》，到最后一首《临路歌》，写诗写了四十年。李白的诗，气魄博大、感情充沛、天才横溢。杜甫称赞说“落笔惊风雨，诗成泣鬼神”，当然是说得玄了，不过诗写得前无古人，的确不假。
011.文学类.txt	202	4	李贺	李贺：《李长吉歌诗》
011.文学类.txt	203	4	李贺	李贺（790-816），字长吉，河南昌谷（河南宜阳）人。他是没落王孙出身，是个神童，七岁就因能写作而“名动京师”，韩愈、皇甫湜等名家不相信，到他家去测验，果然名不虚传。
011.文学类.txt	204	4	李贺	李贺写作的情况是：
011.文学类.txt	208	4	李贺	李白被称为诗的仙才，李贺被称为诗的鬼才。他的作品，险怪神秘，造境瑰奇，在中国诗史中，自成特殊的地位。
011.文学类.txt	218	4	韦庄	韦庄：《浣花集》
011.文学类.txt	220	4	韦庄	韦庄去长安应考，赶上黄巢之乱，身陷重围，他把苦难流离情形，写成一千六百字的《秦妇吟》，足与《孔雀东南飞》媲美。
011.文学类.txt	221	4	韦庄	韦庄四十四岁中进士，唐昭宗派他奉使入蜀，被地方统治者王建留住，霸占了他心爱的女人。韦庄写词怀念她，她辗转得知，乃绝食而死。
011.文学类.txt	222	4	韦庄	韦庄虽因帮助王建开国（五代的前蜀），做了大官，但是身经丧乱，目极兴衰，以致忧谗畏讥，他遗命在他文集里，不要收进《秦妇吟》，从此《秦妇吟》就失传了。直到一千年后，在敦煌石室中，被伯希和发现抄本，才得重现于世。所以韦庄的遗集里，自应补入这篇杰作。
011.文学类.txt	226	4	问|说	李清照这件事，牵涉到的已经不止一个历史真相的问题，它还牵涉到一个道义的和观念的问题：一个女人，再嫁也好，守寡也罢，都是她个人的私事，别人没有用泛道德的字眼乱骂的权利，更不可造谣。再嫁并没有什么不得了，可是没再嫁却硬说她再嫁，这就太不对了。但是，在不合理的社会风气下，竟有无聊男子如此造谣，并且一传再传，这就真太可恶了。
011.文学类.txt	234	4	最后|告诉	可见他内心的愤恨。直到八十四岁时候，他还写下“身为野老已无责，路有流民终动心”的诗句，总认为一息尚存，虽然老去，还是不能坐视。他最后的绝笔是嘱咐儿子，在国土重光时，别忘了家祭告诉他，这种老人情怀总是诗的精神，真是一路到底了。
011.文学类.txt	263	4	问|答	中国古代只有歌舞，歌舞中有戏的，开始于唐朝的参军戏。参军戏只有主角一人、配角一人，扮演滑稽问答。到了宋朝，进化为杂剧。到了元朝，再进化为复杂的杂剧。虽然复杂，但充满生气与成长，其中以关汉卿、白朴、马致远、郑光祖四大家最有代表性。
011.文学类.txt	297	4	后来|梦	曹霑（约1719-1763），字雪芹，也字芹圃，号梦阮。他是满洲旗人，属正白旗汉军。三代祖孙四人，做了五十八年的江宁（南京）织造官，这官管皇家采买的职务，是很肥的。康熙皇帝下江南，有五次都住他家。后来祖父因亏空被追赔，家道中落，到了曹霑成年以后，已经是“举家食粥酒常赊”的地步了。那时曹霑住在北京西郊，已经是贫民阶级了。
011.文学类.txt	301	4	刘鹗	刘鹗：《老残游记》
011.文学类.txt	302	4	刘鹗	刘鹗（1857-1909），字铁云，江苏丹徒人。少年时候“放旷不守绳墨，而不废读书”，在医卜星算方面，成绩都不错。他卖烟草、开书店、做医生，经历很多，不是书呆子。
011.文学类.txt	303	4	后来|说	1888年，他三十二岁时候，黄河在河南决堤。他跑去见河督吴大澂，志愿投效，并提出计划。吴大澂很赏识，请他去做，他就亲自在污泥里督工，“短衣匹马，与徒役杂作”，很得工人的爱戴。后来他写了《治河七说》《黄河变迁图考》《勾股天元草》《弧角三术》等实用的书；又写了《铁云藏龟》《铁云藏印》《铁云藏陶》《铁云泥封》等学艺的书。
011.文学类.txt	304	4	刘鹗	刘鹗的进步与救世思想，使他做了两件好事：一件是请开山西的矿，一件是贱买太仓的米来赈济北京难民。这两件好事，却因为环境的黑暗伪善，使他一方面背了“汉奸”之名，一方面得了充军之罪——他被流放到新疆，五十三岁那年中风，死在风中的迪化（今乌鲁木齐市——编者）。
012.史地类.txt	45	4	问|说	司马光为人坦白真诚，他说他一生没做过不可告人的事。他上朝以前，执着上朝的手板，凝神端坐，毕恭毕敬，别人问他为什么，他说想到国家大事，怎么可以不恭敬呢？
012.史地类.txt	84	4	郦道元	郦道元：《水经注》
012.史地类.txt	87	4	郦道元	郦道元“好学，历览奇书”，著《水经注》四十卷、《本志》十三篇，又写《七聘》和一些文字。
012.史地类.txt	96	4	说|顾祖禹	顾祖禹（1624-1680），字复初、景范，人称宛溪先生，江苏无锡人。他的父亲顾柔谦，在明朝亡后，立志退隐。《清史稿》记他跟儿子顾祖禹的对话说：
012.史地类.txt	98	4	说|顾祖禹	抱着乱世退隐的心情，顾祖禹花了十九年的时间，写了一部名著——《读史方舆纪要》。《清史稿》说：
012.史地类.txt	118	4	下狱|赦	五十年（1711），副都御史赵申乔劾编修戴名世所著《南山集》《孑遗录》有悖逆语，辞连苞族祖孝标。名世与苞同县；亦工为古文，苞为序其集，并逮下狱。五十二年（1713），狱成，名世坐斩。孝标已前死，戍其子登峄等。苞及诸与是狱有干连者，皆免罪入旗。圣祖夙知苞文学，大学士李光地亦荐苞，乃召苞直南书房……六十一年（1722），命充武英殿修书总裁。世宗即位，赦苞及其族人入旗者归原籍。
013.《中国名著精华全集》序.txt	22	4	问|说	面对十万种的古书，面对这一庞大遗产，中国的子孙们到底该怎么办？不看吗？说不过去；看吗？从何看起？又多么难看？这的确是一个令人痛苦的问题。
013.《中国名著精华全集》序.txt	27	4	问|说	作为新时代的中国人，我们评判文章，实在该用一种新的标准，我们必须放弃什么山水标准、什么雅俗标准、什么气骨标准、什么文白标准。我们看文章，要问的只是两个问题：一、要表达什么？ 二、表达得好不好？有了这种新的标准，一切错打的笔墨官司，都可以去它的蛋；一切不敢说它不好的所谓名家之作，都可以叫它狗屁。
013.《中国名著精华全集》序.txt	44	4	问|答	二、张之洞《书目答问》，列举书籍二千二百六十六种。
013.《中国名著精华全集》序.txt	78	4	问|说	除了现代分类外，如何解决读得懂古书的问题⑤，也是现代的观点中不能忽视的事。中国古今语文上的变化，差距很大，《尚书》中的文告，在当时是口语，现在是很难的文言了；《论语》中的对话，在当时是口语，现在是很斯文的典故了。所以古书的文字语言，对现代的中国人说来，有时比外国文还恐怖。这一现象，早在半世纪前就被提出来讨论了。梁启超在1925年写《要籍解题及其读法自序》，就指出：
001.《要把金针度与人》（代序）.txt	8	3	梦	■你编《中国名著精华全集》，是不是有上承陈梦雷这种心愿呢？
001.《要把金针度与人》（代序）.txt	17	3	说	■这样说来，这种人似乎选错了行？
001.《要把金针度与人》（代序）.txt	27	3	说	■疑古派的大胆假设，死无对证，总可自成一说吧？
001.《要把金针度与人》（代序）.txt	30	3	说	■这样说来，古今中国人中，一般读书情况是不怎么高明了？
003.总类.txt	5	3	问	纪昀从四十九岁到六十二岁，十三年间，把他一生学问都贯注在《四库全书》上。其中有八年时间，他写了《四库全书总目提要》二百卷，是研究中国图书的空前绝后名著。为了给这部提要做名部名著精华，在提要没出版前，他先写了《四库全书简明目录》二十卷，也是一部名著。
003.总类.txt	15	3	梦	这部《禁毁书目》，就是统治者统一思想迷梦的一部清册，后代的中国人，别忘了祖宗作的孽！
003.总类.txt	19	3	说	虽然这样，张之洞仍旧为格局所限，在《劝学篇》里提出“中学为体、西学为用”的谬说，成为文化思想上的一种反动主流，流弊直到今天，还没停止。
003.总类.txt	29	3	梦	陈梦雷：《古今图书集成》
003.总类.txt	33	3	梦	康熙皇帝死后，苦命的陈梦雷又开始苦命了。他的靠山皇三子失势，继位的是皇四子——雍正皇帝，自然对哥哥的亲信们大加整肃，陈梦雷首当其冲，又被“发遣边外”，这时他已经七十多岁了。他死在乾隆六年，活了八十多岁。
003.总类.txt	40	3	说	《文心雕龙》凡五十篇，可以分为三部分：前五篇，属于通论；次二十一篇，属于文体论；末二十四篇，属于修辞学。这部书全出以骈俪文，但用不善说理的骈俪文写出这种作品，真非易事。
003.总类.txt	47	3	后来	中国有“史”书很早，可是有“史学”却是后来的事。第一部开山的“史学”专书就是这本《史通》。全书共五十二篇，除《体统》《纰缪》《弛张》三篇已亡佚外，尚存四十九篇。计关于研究法者共三十四篇，编纂法者共十三篇，此外尚有自叙一篇，为全书旨趣所在。
003.总类.txt	51	3	说	中国古代有史官、有史书，但却没有什么史学和方法。最早的史学方法，姑且可说是孔丘的“约其文词，去其繁重，以制义法”。在这些原则下，出来了《左传》跟《史记》。孔丘以后，唐朝的刘知几（《史通》作者）、宋朝的司马光（《通鉴考异》作者）、李心传（《旧闻证误》作者）、清朝的章学诚（《文史通义》作者）、崔述（《考信录》作者）等出来，相继给史学方法加添了枝叶，其中最有成绩的，就是章学诚。
003.总类.txt	55	3	后来	俞樾（1821-1906），字荫甫，号曲园，浙江德清人。他是清朝道光年间的进士，咸丰年间因为“命题割裂”，被革职为民；又因为“故里无家”，就在江苏苏州住下，后来到各地讲学三十年。他“生平专意著述”，每一年下来，都“有写定之书，刊行于世”。中国像他这样勤勉而每年有成绩出来的作者，实在少见。他活了八十六岁。
003.总类.txt	64	3	逃	梁启超是神童，十三岁就考取秀才，十七岁就中了举人。十九岁起拜比他大十六岁的康有为做老师，学于广州万木草堂三年，对中学西学，有进步性的看法。二十二岁到北京，热心文化、政治活动。二十三岁联合各省举人一百九十人，上书论时局、请变法。二十四岁在上海办《时务报》。二十五岁到湖南讲学于时务学堂，做蔡锷等老师。二十六岁戊戌政变失败，逃往日本，几年之间，前后办《清议报》《新民丛报》等等，把古文体裁解放，文字生动感人，笔杆影响之大，无人可及。
004.哲学类.txt	5	3	说	历来想打破这一关的人很多，有的从文字学入手、有的从训诂学入手、有的从校勘学入手、有的从文法学入手、有的从签注入手、有的从义理入手……各类解老、喻老、说老之书，历朝各代都有。但真能适合现代人读，且用新方法加以阐述者，倒不多见。
004.哲学类.txt	18	3	说	《庄子》一书，《汉书·艺文志》说有五十二篇，如今所存，只有三十三篇。中分内篇七、外篇十五、杂篇十一。
004.哲学类.txt	44	3	后来	汉光武当政后，桓谭上疏请求改革政治，请求禁止“富商大贾”“中家子弟”放高利贷，请求注意“同罪异论”“刑开二门”的司法黑暗。后来又上疏请求不要迷信谶纬。汉光武是迷信谶纬的，发怒要杀他，他“叩头流血”，才得免死。此后忽忽不乐，不久就死了。
004.哲学类.txt	65	3	说	柳宗元是很有正义感的人，他在政治上垮台，和他赞助太学生的活动，以及“内抑宦官，外制方镇”的立场有关。他在居庙堂之高的时候，曾经禁止宫市和苛捐杂税；他在处江湖之远的时候，曾在柳州解放奴婢，为奴婢订出可以赎身的办法。从他写的《捕蛇者说》等文字里，我们可以看到他对苦难人民的同情和对黑暗政治的愤恨。
004.哲学类.txt	68	3	说	周敦颐（1017-1703），字茂叔，人称濂溪先生，湖南道县人。他的舅父郑向把他带大，郑向是宋朝大官，所以周敦颐也有官做。三十八岁那年，他为了一件冤狱同王逵争执，他说：“杀人以媚人，吾不为也！”就辞职不干了。
004.哲学类.txt	75	3	告诉	在辈分上，张载是程颢、程颐的表叔，但他却觉得自己对《周易》的研究，赶不上二程，他在讲学之时，公开告诉人们：“二程深明易道，吾所弗及，汝辈可师事之。”他这种气度，颇有古印度人士的服善之道。
004.哲学类.txt	79	3	说	二程在性格上小异，哥哥温和，弟弟严厉；在思想上大同，并没有什么根本的歧义。《二程全书》中的语录，大部分都不分是哥哥说的还是弟弟说的。可见大同的情况，已经难解难分。
004.哲学类.txt	93	3	说	叶适（1150-1223），字正则，人称水心先生，浙江永嘉人。二十九岁中进士，在金人的高压下，他力劝宋朝皇帝收复失土，他说：“二陵之仇未报，故疆之半未复，而言者以为当乘其机、当待其时。然机自我发，何彼之乘？时自我为，何彼之待？非真难真不可也，正以我自为难、自为不可耳。于是力屈气索，甘为退伏者于此二十六年。”这种鹰派思想，影响了韩侂胄的北上用兵，结果仗打败了，他虽然反对韩侂胄的冒进，但是仍然洗不清，被夺职去官。
004.哲学类.txt	94	3	说	叶适在政治上是好战的，在思想上也是好战的。陈振孙说他除了“孔子之外，古今百家，随其浅深，无得免者”。可见他的议论之多！
004.哲学类.txt	108	3	说	那时候，他因上书直谏，被廷杖，并谪遣到贵州的龙场驿（在贵阳西北七十里，属修文县），在困境中得到彻悟。这三年的磨炼，使他建立了自己学说的基础。
004.哲学类.txt	122	3	最后	顾炎武从小过继给未婚守节的“堂婶”王氏，王氏是中国的全套旧女性：未婚守节、断指疗姑、得贞孝牌坊，最后在明末清初时期，以“我虽妇人，然受国恩矣。设有大故，必死”的信念，在六十岁时候，绝食十五天而死。遗命顾炎武“无为异国臣子，无负世世国恩，无忘先祖遗训”。从此顾炎武自三十三岁到七十岁死去，都不肯做清朝的官，“刀绳俱在，无速我死！”他曾多次不惜一死来拒绝，最后终于完成了一个伟大的不合作主义者。
004.哲学类.txt	128	3	说	这时候，已是清朝康熙九年（1670）的冬天了，明朝崇祯皇帝已殉国二十六年了。也就是说，清朝已经统治二十六年了。对这个他所不赞成的政权，李顒始终不肯合作。
004.哲学类.txt	133	3	说	金人瑞从小读书得间，常在书本中得到新义。长大后，王应奎说他“颖敏绝世，而用心虚明，魔来附之……下笔益机辨澜翻，常有神助”。这简直说他的才情，是鬼使神差的了。
004.哲学类.txt	134	3	说	徐增说：
004.哲学类.txt	139	3	说	颜元此后力反程朱的守静与虚学，他说：“率天下入故纸中，耗尽身心气力，做弱人病人无用人，皆晦庵（朱熹）为之也！”他努力提倡实用主义，他的伟大精神，一如墨子。
004.哲学类.txt	151	3	说	1896年，严复译赫胥黎《天演论》，影响晚清思潮极大，又译亚当·斯密的《原富》（1898-1900）；约翰·穆勒的《自由论》，后改名《群己权界论》（1899）；斯宾塞的《群学肄言》（1898-1902）；《穆勒名学》（1900-1920）；孟德斯鸠的《法意》（1900-1905）；甄克斯的《社会通诠》（1902）；耶芳斯的《名学浅说》（1908）等。他的翻译，事实上是把原作改写或借题发挥，掺入己见，别具一格。
004.哲学类.txt	164	3	说	墨翟被尊称为墨子，或说是春秋时候宋人，或说是鲁人。司马迁说墨子和孔子是同时人，或者稍后；孙诒让说墨子比孔子还早。
004.哲学类.txt	167	3	后来	墨家的门徒很多，但他们过的，不是“有酒食，先生馔”的生活，而是“短褐之衣，藜藿之羹，朝得之，则夕弗得”的苦行生活。他们是中国有史以来最伟大的一群人物，他们比起儒家的门徒来，后来是没落了。这种没落，是中国真人的没落。
004.哲学类.txt	173	3	说	颜之推很看不起无用的知识分子，他说：
004.哲学类.txt	175	3	说	又说：
004.哲学类.txt	182	3	问	《呻吟语》全书共分六卷，包括性命、存心、伦理、谈道、修身、问学、应务、养生、天地、世运、圣贤、品藻、治道、人情、物理、广喻、词章十七部分。这书在吕坤生前印的，只是两卷的摘要本，叫《呻吟语摘》；他死后印的，多是六卷的全本，共有两千零七十三条，可算集修养的大成。
005.宗教类.txt	14	3	说	韩愈（768-824），字退之，河北昌黎（唐朝的昌黎是今天的河北通县）人。他是唐朝进士，官瘾很足，可是时升时降，官运却不怎么样。唐宪宗听说凤翔法门寺的护国真身塔里有释迦文佛的指骨，特派宫人三十六名去奉迎，满朝大事铺张的时候，韩愈大表反对，并说东汉皇帝信了佛以后都短命。皇帝大怒，把他贬到广东潮州。到潮州后，他上表谢不杀之恩，并歌功颂德一番，所以只待六个月，就放回来了。
005.宗教类.txt	21	3	说	朱熹又反对司马光的《资治通鉴》，他把“道统”延伸到史学方面，又强调正统说。他写了《资治通鉴纲目》六十卷来支援这种说法。总之，此公的头脑，实在有太多的歧途，但他又给后代中国人的头脑输入太多的错路，这真是不幸。
005.宗教类.txt	23	3	后来	僧祐（444-518），本姓俞，原是江苏彭城人，后世居建业（江苏江宁）。他从小就喜欢到庙上去，不肯回家，后来终于做了和尚。他跟“一时名匠”法颖做徒弟，研究佛学，“竭思钻求，无懈昏晓”，成了名和尚。他收“白黑门徒一万一千余人”，其中包括王公大人公主贵嫔，风光无比。
005.宗教类.txt	40	3	说	《山海经》分山经和海经两大类，以河南洛阳为中心，向四方扩展成海内、海外、大荒等经。它的内容包括山川、动物、植物、矿物、药物、巫医、神祇、祭祀、远方异国等等。叙述的方法很细腻，例如说天下名山，夏禹所经历的有五千三百七十座，走的路有六万四千五十六里，这样煞有介事的细腻方法，是一般古书望尘莫及的。
005.宗教类.txt	47	3	最后	吕才（约600-665），博州清平（山东高唐）人。他从小好学，“善阴阳方伎之书”。唐太宗时候，发生了音乐上的疑难，大家你一句我一句，扯不清楚。唐太宗要大家推荐专家来解决，吕才就被推荐上来。吕才又为唐太宗解决《三局象经》中的疑难，最后升到“太常博士”。
005.宗教类.txt	48	3	最后	唐太宗认为《阴阳书》流传得“谬伪浅恶”“穿凿既甚，拘忌亦多”，就叫吕才与学者十余人“共加刊正，削其浅俗，存其可用者”。最后新编成五十三篇，加上旧的四十七篇，一共一百篇，“诏颁天下”。这部一百篇的《阴阳书》，全本失传了，只在《旧唐书》中保存了“叙宅经”“叙禄命”“叙葬书”三篇（《新唐书》中也保存了，内容有出入）。仅从这三篇里，我们就可看到无神论者吕才，在反对迷信上面的努力。他大胆否定了卜宅吉凶的迷信、否定了命定的迷信、否定了阴阳葬法选日选时选地的迷信。这种前进与开明，求之古人，真是少见！
006.社会科学类.txt	4	3	问	《尚书》是五经之一。它被称为经，始于《荀子-劝学篇》，到了汉朝，才开始以经的面目流行。五经中《尚书》的问题很多，因为它出现了两种版本，闹得乌烟瘴气。
006.社会科学类.txt	5	3	逃	第一种版本——秦始皇烧书时，秦博士伏生把《尚书》藏在墙壁里，就逃难了。汉文帝时候，挖开墙，发现只剩二十九篇，他的学生就用当时的文字（隶书）流传下来，叫做《今文尚书》；第二种版本——汉景帝时候，鲁恭王翻修自己的宫殿，拆毁了孔子的旧宅，在墙壁里发现了用晚周民间别体字写的《尚书》，经过孔安国的整理，发现比通行本多出十六篇，叫做《古文尚书》。可是因为语言和文字的困难，大家都不太懂。直到成帝时候，刘向刘歆父子先后在皇家图书馆把两种版本校勘，才重新推出，结果因为权位之争，闹出今古文之争。其中掺进王肃做的伪书，冒名顶替一千年之久。直到清朝学者出来，才算理出它的面目。
006.社会科学类.txt	11	3	说	晏婴（前6世纪），字平仲，莱之夷维人（山东高密人）。他一生跟过齐灵公、齐庄公、齐景公，“以节俭力行重于齐”。因为他有这种美德，所以柳宗元把他列为墨家。柳宗元《辩晏子春秋》说：
006.社会科学类.txt	13	3	说	照柳宗元说法，人是晏子的，书是墨家的，这种见解是很高明的。虽然晏子在墨子之前，但是《晏子春秋》这部书，写的却是墨家的思想。晏婴是中国伟大的政治家，他的言行，开了墨家的先河，他给墨家选中了做尾闾，是可能的。
006.社会科学类.txt	39	3	班固	崔寔（？-约170），字子真，河北涿县人。“少沉静，好典籍。”他出生在书香之家。祖父崔骃是班固级的大学者；父亲崔瑗是马融级的大学者。崔寔是父亲死后，“隐居墓侧”，不肯做官。他是一个清高的人。
006.社会科学类.txt	40	3	后来	东汉桓帝时候，要选“至孝独行之士”，崔寔被看中。后来他“论当世便事数十条”，写了一部《政论》，很有名。仲长统主张这部书“凡为人主，宜写一通，置之座侧”。可见对他的推崇。
006.社会科学类.txt	41	3	说	崔寔对政治的批评，是很敏锐的。他批评西汉文帝除肉刑是所谓德政之说，有这样露骨的话：
006.社会科学类.txt	42	3	曰	昔高祖令萧何作九章之律，有夷三族之令，黥、劓、斩趾、断舌、枭首，故谓之具五刑。文帝虽除肉刑，当劓者笞三百，当斩左趾者笞五百，当斩右趾者弃市。右趾者既殒其命，笞挞者往往至死，虽有轻刑之名，其实杀也。当此之时，民皆思复肉刑。至景帝元年，乃下诏曰：“笞与重罪无异，幸而不死，不可为民。”乃定律，减笞轻捶。自是之后，笞者得全。以此言之，文帝乃重刑，非轻之也；以严致平，非以宽致平也。必欲行若言，当大定其本……
006.社会科学类.txt	46	3	说	荀悦思想的主旨，一方面是反对迷信惑众，一方面是反对土地私有，他对刑罚的立论，是主张“统法”，他说：
006.社会科学类.txt	48	3	说	他这里提出“罚妄行，则恶不惩”的说法，不失为一种进步的法律观念。
006.社会科学类.txt	52	3	说	王安石在政治以外，古文与诗词也卓然成家。他的文字比起旧式知识人来，思想细密得多。对他的万言书，方苞就说：“欧、苏诸公上书，多条举数事，其体出于贾谊《陈政事疏》。此篇止言一事，而以众法之善败，经纬其中，义皆贯通，气能包举，遂觉高出同时诸公之上。”可见在思想上，他是超出时代的。
006.社会科学类.txt	58	3	说	这就是《心史》的来源。清朝阎若璩说《心史》是姚士粦作的伪书，自属可信。只是郑思肖真人复生，他所作所为，也必然如此了。
006.社会科学类.txt	63	3	说	邓牧在统治者专制下反对暴政，他说：
006.社会科学类.txt	70	3	说	黄宗羲一生最精彩的思想表现，是他的政论。他在五十三岁时候发表《明夷待访录》，严厉抨击君主专政，他说：“为天下之大害者，君而已矣！”他反对忠于一君一姓，而要忠于天下与万民。这种言论，不能不说是石破天惊的。
006.社会科学类.txt	73	3	说	唐甄（1630-1704），初名大陶，字铸万，后改名甄，号圃亭，四川达州人。《清史稿》说他：
006.社会科学类.txt	90	3	曰	六十年来，万国通商，中外汲汲，然言维新、言守旧、言洋务、言海防，或是古而非今、或逐末而忘本，求其洞见本原、深明大略者，有几人哉？孙子曰知己知彼，百战百胜，此言虽小，可以喻大。应虽不敏……乃知其治乱之源，富强之本，不尽在船坚炮利，而在议院上下同心、教养得法。兴学校、广书院、重技艺、别考课，使人尽其才；讲农学、利水道、化瘠土为良田，使地尽其利；造铁路、设电线、薄税敛、保商务，使物畅其流……
006.社会科学类.txt	95	3	问	古代流传的《孙子》书（即今本），和古墓出土的《孙子》书（即竹简本），有三分之一是相同的；其他一百多处不同的，也多是虚字和假借字，不算重要；另有一千多字的不同逸文，包括《吴问》《四变》《黄帝伐赤帝》《地形二》《程兵》《孙武传》六篇，可补今本《孙子》的不足。
006.社会科学类.txt	99	3	不料	就因为如此，所以后人就附会起来了：认为孙膑即孙武这个人、孙膑“兵法”即《孙子》这部书，一切都二合一起来了。不料1972年4月，在山东临沂银雀山的一号、二号汉墓里，发现了一批竹简。竹简中赫然有《孙子》，也赫然有孙膑“兵法”，千古疑案，自此分明！
006.社会科学类.txt	103	3	说	1972年4月，在山东临沂银雀山的一号、二号汉墓里，发现了一批竹简，由于竹简中有汉武帝元光元年（前134）的历谱，可以断定这批竹简是两千一百年前就已流传的文献。又由于竹简中用字不避汉朝皇帝的讳，又可以断定竹简的古书，都早于汉朝。再往上推，秦二世在位三年，秦始皇在位三十七年。上距战国，不过四十多年，四十多年又值秦始皇统一思想，没人有闲工夫造假书，所以竹简中的古书，都是战国以前的原装货，应无疑义。这批竹简中，竟赫然有古书《尉缭子》。《尉缭子》一直被许多大牌学者如钱穆等人怀疑是后代假造的书、是伪书，并且说得头头是道。但是这批竹简一出土，证明了真金不怕众口铄，大牌学者也者，不过大言欺人而已。
006.社会科学类.txt	106	3	梦	1975年12月，在湖北云梦睡虎地发掘了十二座秦朝的坟，其中第十一号墓，出土了一千一百五十五支竹简（另有残片八十片），其中大部分是中国最早的法律文书。中国的完整法律文书，过去只能早到唐律，唐律以前，虽经辑佚，只有片段可寻。这次大量的秦律出土，把中国法律重新延伸了上限，它的意义之大，自不寻常。
006.社会科学类.txt	125	3	说	因为《周礼》是四万五千八百零六字的精密政制著作，所以古人改革政治，就因它而立说，宋朝王安石变法，便是一例。
006.社会科学类.txt	138	3	告诉	宋朝董煟写《救荒活民书》三卷，“在南宋人著述之中，最切于实用，胜理气心性之空谈”。元朝张光大跟着写了这书的续集，明朝朱熊跟着写了《救荒活民补遗书》三卷，陈龙正又跟着把上三书订补出《救荒策会》七卷。此外，明朝朱橚写《救荒本草》二卷，告诉人们如何在荒年时找野生植物充饥；周孔教、张陛各写《救荒事宜》一卷；清朝初年俞森写《荒政丛书》十卷，陆曾禹写《救荒谱》。俞森、陆曾禹都是浙江杭县人。
006.社会科学类.txt	157	3	问	从《盐铁论》一书里，我们可以看出中国人财经思想的水平，使我们知道中国人对财经问题的见解，不过如此。
007.语文学类.txt	2	3	说	许慎：《说文》
007.语文学类.txt	5	3	说	《说文》就是《说文解字》，它的真正的价值，直到清朝才被认定出来。其中以段玉裁、桂馥、朱骏声、王筠等学人功劳最大。丁福保汇集历代注家于各字之下，成《说文解字诂林》一书，最方便实用。
007.语文学类.txt	13	3	说	《清史稿》记马建忠说：
008.自然科学类.txt	8	3	说	张衡（3-78），字平子，河南南阳人。《后汉书》说他：
008.自然科学类.txt	10	3	说	这是文学家的张衡。又说：
008.自然科学类.txt	11	3	曰	衡善机巧，尤致思于天文、阴阳、历算。常耽好《玄经》，谓崔瑗曰：“吾观‘太玄’，方知子云妙极道数，乃与‘五经’相拟，非徒传记之属，使人难论阴阳之事，汉家得天下二百岁之书也。复二百岁，殆将终乎？所以作者之数，必显一世，常然之符也，汉四百岁，玄其兴矣。”安帝雅闻衡善术学，公车特征拜郎中，再迁为太史令。遂乃研核阴阳，妙尽璇机之正，作浑天仪，著《灵宪》《算罔论》，言甚详明。
008.自然科学类.txt	14	3	梦	沈括：《梦溪笔谈》
008.自然科学类.txt	15	3	梦	沈括（1031-1095），字存中，浙江杭州人。他三十二岁中进士，三十六岁后在昭文馆编校书籍、考订礼仪，四十二岁掌管天文历法，四十三岁考察农田水利，四十五岁从事军事外交，五十八岁迁居京口梦溪，写《梦溪笔谈》《忘怀录》《茶论》等书，六十五岁死去、
008.自然科学类.txt	19	3	说	吴其濬（约1795前-约1848后），字瀹斋，河南固始人。他是清仁宗嘉庆二十二年（1817）一甲一名的进士。清宣宗道光年间，先后督湖北、江西学政。《清史稿》说他在道光二十年（1840）——
008.自然科学类.txt	21	3	后来	后来他又参与剿平“逆匪钟人杰”等祸乱，又调任云南巡抚、云贵总督。后又调福建、山西，“时称其清勤”。在道光二十六年（1846）退休。
009.应用技术类.txt	18	3	说	中国建筑到了宋朝是一个大转折，因为宋朝以后，除了元朝建筑的喇嘛塔外，就直达明清了。对建筑法式，明朝没有编修定本，清朝在17世纪编修《工程做法》七十四卷，是继宋朝以后的大跟进。大体说来，以因袭者多。事实上，唐朝的结构性比清朝高明，清朝只能以装饰性取胜，并不完全在进步。
009.应用技术类.txt	26	3	问	《齐民要术》是中国最早的一部农业书，也是世界最早的一部农业书，它成于6世纪的30年代。贾思勰写它的时候，先搜集民瑶农谚、访问老农老圃，做好实际的准备，然后再印证古书。他印证的古书有一百五十多种，这些书今天大都失传了，但靠着贾思勰的印证，许多一鳞半爪，却得以保存到今天。
011.文学类.txt	6	3	最后	赋本是“被之管弦”的“诗”和“合于乐舞”的《楚辞》以后的一种新文体，它是“不歌而诵”的，但是堆砌词句、徧寻奇字、穷搜典故，最后弄得“于辞则易为藻饰，于义则虚而无征”，全是空架子。司马相如的赋，就是此中翘楚。在中国文章史上，他有所创例，也是一个罪魁。
011.文学类.txt	16	3	逃	孔融是勇敢的人。他做青州刺史，被袁谭围攻，自春至夏，守城的只剩下几百人了，危在旦夕，但是他“隐几读书，谈笑自若”。城陷之夜，他妻子被俘，他得以逃出。
011.文学类.txt	29	3	下狱	江淹（444-505），字文通，河南兰考人。他十三岁就做了孤儿，家里很穷，“常采薪以养母”。长大后在南北朝时期的宋朝做官，但并不得志，二十三岁时候，且因郭彦文案受牵累被诬拿了黑钱，因而下狱。经他在狱中上书宋建平王刘景素，有以自明，才被放出来。
011.文学类.txt	42	3	后来	范仲淹带兵防御西夏时候，就有“军中有一范，西贼闻之惊破胆”的时谚，可见他威望之隆。后来做到宰相，主持“庆历变法”，遭到守旧派和保持既得利益的权贵的反对，没有成功。
011.文学类.txt	43	3	说	范仲淹做秀才时候，就说他的志愿是“先天下之忧而忧，后天下之乐而乐”。这种风范，影响了当代和后代中国的许多知识分子。
011.文学类.txt	55	3	苏轼	苏轼虽是达者，但他的思想水准只是超级文人式的，最高境界止于《赤壁赋》，并没有思想家式的细腻与深入。又掺入佛、道及民间迷信，行为上搞求雨、炼丹，境界有低段出现。他的政治观点尤其旧派，比王安石差多了，真所谓“汝唯多学而识之，望道而未见也”了。
011.文学类.txt	72	3	梦	归有光是一个漂亮多情的人，他的散文写父子、写夫妇、写朋友、写生离死别，都很动人。明朝从李梦阳、何景明提倡摹仿秦汉古文后，大家都学得歪七扭八，变成了伪古文体，归有光的文章却没这种毛病。
011.文学类.txt	74	3	说	袁宏道（1568-1610），湖北公安人。《明史》说他“年十六为诸生，即结社城南，为之长。闲为诗歌古文，有声里中。举万历二十年进士。归家，下帷读书，诗文主妙悟。选吴县知县，听断敏决，公庭鲜事。与士大夫谈说诗文，以风雅自命。已而解官去。起授顺天教授，历国子助教、礼部主事，谢病归。久之，起故官。寻以清望擢吏部验封主事，改文选。寻移考功员外郎，立岁终考察群吏法……遂为定制。迁稽勋郎中，后谢病归，数月卒。”
011.文学类.txt	80	3	被捕	在他死后四十七年，发生了一场大文字狱。湖南人曾静以叛乱被捕，供词中提到他受了吕留良评选时文的影响，于是清廷追究死人，把吕留良“戮尸枭示”，家属杀的杀、发作奴隶的发作奴隶，他的学生也一样待遇。这一场大文字狱闹了七个省，前后将近四十年，死人无算。当然吕留良的书也被毁被禁，如今流传下来的，只是凤毛麟角了。
011.文学类.txt	82	3	问	刘献廷（1648-1695），字继庄，别号广阳子，北京人。他生于清初，在乱世中，全力研究学术、考察山川、访问遗老志士，生平“志在利济天下后世，造就人才，而身家非所计”。
011.文学类.txt	83	3	说	刘献廷在史地与音韵方面，功力尤深。《清史稿》说他：
011.文学类.txt	84	3	顾祖禹	其学主经世，自象纬、律历、音韵、险塞、财赋、军政，以逮岐黄、释老之书，无所不究习。与梁溪顾培、衡山王夫之、南昌彭士望为师友，而复往来昆山徐乾学之门。议论不随人后。万斯同引参《明史》馆事，顾祖禹、黄仪亦引参《一统志》事。献廷谓：“诸公考古有余，实用则未也。”
011.文学类.txt	86	3	说	刘献廷除了博学外，思想明通与气象开阔，也是清朝少见的。他死后，王源写《刘处士墓表》，说：“生死无关于天下，不足为天下士；既为天下士，不能与古人争雄长，亦不足为千古之士。若处士者，其生其死，固世运消长所关，而上下千百年中不数见之人也。”检查刘献廷的一生，正是如此。
011.文学类.txt	90	3	说	丢官以后，郑燮住在扬州，继续卖画，“一缣一楮，海内争藏之”。他自订润例，幽默地说：
011.文学类.txt	96	3	说	刘光汉写《全祖望传》，说：
011.文学类.txt	101	3	辞官	袁枚（1716-1797），字子才，号简斋，别号随园老人，浙江杭州人。他二十四岁中进士，做了几处知县，成绩不错。三十八岁就辞官养母，在江宁小仓山下筑随园，世称随园先生。随园四边没有墙，任人参观，“任人来看四时花”，与人同乐。六十五岁以后，开始独游名山大川，浙江、安徽、江西、广东、广西、湖南、福建等，他都一一玩过。他在八十二岁死去，一生享尽文名、长寿和山水，无人能及。
011.文学类.txt	102	3	说	袁枚为人，纯真性灵，放诞风流。恽敬说：“子才以巧丽宏诞之词动天下，贵游及豪富少年，乐其无检，靡然从之；其时老师宿儒与为往复，而才辨悬绝，皆为所摧败，不能出气者且数十年。”可见他气焰之高、风光之盛！他是文坛大龙头，自不消说。
011.文学类.txt	107	3	说	汪中在扬州安定书院时，书院山长沈祖志夸自己的诗多好多好，在满座附和之际，汪中说你为人师表，不以经世之学启迪后进，只会以写诗自命，对老百姓有什么好处？何况诗又写得不好！
011.文学类.txt	109	3	说	汪中“性情伉直，不信释老阴阳神怪之说，又不喜宋儒性命之学，朱子之外，有举其名者，必痛诋之……且言世多淫祀，尤为惑人心、害政事，见人邀福祠祷者，辄骂不休”。他破除迷信的火气，竟一至于此！
011.文学类.txt	111	3	说	俞正燮（1775-1840），字理初，安徽黟县人。《清史稿》说他：
011.文学类.txt	112	3	曰	性强记，经目不忘。年二十余，北走兖州谒孙星衍。时星衍为伏生建立博士，复访求左氏后裔。正燮因作《邱明子孙姓氏论》《左山考》，星衍多据以折中群议，由是名大起。道光元年举人。明年，阮元主会试，士相谓曰：“理初入彀矣！”后竟落第。其经策淹博，为他考官所乙，元未之见也。房考王藻尝引为恨。
011.文学类.txt	115	3	问	年六十矣，口所谈者皆游戏语，遇于道则行无所适，东南西北无可无不可。至人家，谈数语，辄睡于客座。问古今事，诡言不知，或晚间酒后，则原原本本，无一字遗，予所识博雅者无出其右。
011.文学类.txt	124	3	后来	《诗经》是中国最早的一部诗集，那时候的诗，事实上是歌谣。歌谣分随口唱的“徒歌”，和随着乐器唱的“乐歌”。当时的音乐家叫乐工，他们搜集这些“徒歌”和“乐歌”，编成唱本，有三百多篇，就叫《诗》或《诗三百》。后来乐谱散失了，只剩下歌词了。
011.文学类.txt	127	3	说	至于说孔子删订这部书的事，也是不确实的。因为孔子八岁的时候，吴季札就到鲁国来听乐工给他歌诗了。那时的分类名目，都已经定形了，自然不是孔子所能删订的了。
011.文学类.txt	130	3	自杀	司马迁曾去屈平自杀的地方，垂泪想他，为他写下了《屈原列传》，是中国最动人的一篇传记。
011.文学类.txt	131	3	问	屈平的作品，据王逸的《楚辞章句》，有《离骚》《九歌》（十一篇）、《天问》《九章》（九篇）、《远游》《卜居》《渔父》等二十五篇，是《楚辞》的精华。《楚辞》是《诗经》以来的一种新诗体，是汉朝刘向把屈平、宋玉等作品编集后定名的。
011.文学类.txt	140	3	说	汉朝末年，在未央宫里王孙残的时代，政权早就风雨飘摇了，它的命脉能够延续三十年，实在是曹操之力。曹操这种英雄，在安定中原几平海内之余，忍不住自己说：“设使国家无有孤（假若国家没有我），不知当几人称帝，几人称王？”复查历史，当时若没有这种人，哪里是三国鼎立，早已是三十国鼎立了。所以这种自许，不是吹牛，而是有自知之明的持平之论。
011.文学类.txt	149	3	后来	曹植是曹操的姨太太生的，姨太太在他五岁时扶正。他是个神童，“十岁余，诵读诗论及辞赋数十万言，善属文”。他的文章写得出色，甚至曹操都怀疑“汝倩人邪”（你是请别人代写的吧）？对他极为宠爱。后来因他“任性而行，不自雕励，饮酒无节”，对他就冷落了。
011.文学类.txt	159	3	说	谢灵运（385-433），河南太康人。他的祖父是谢安的侄子谢玄，谢玄是东晋名将，是淝水之战的英雄。但他的父亲谢瑍，却是个笨蛋。谢灵运父亲虽是笨蛋，他自己却是神童，所以谢玄感慨说：“我乃生换，瑍哪得生灵运！”
011.文学类.txt	166	3	说	5世纪刘宋一代，号称是文学盛世，盛世中最有成就的作者就是鲍照。鲍照二十岁时写的《行路难》十八首，就是空前的佳作。受了时代的矮化，鲍照是不能人尽其才的，钟嵘《诗品》说：“嗟其才秀人微，故取湮当代。”正是指此。
011.文学类.txt	171	3	下狱	谢朓一生遭遇着不少是非。刘明帝萧鸾死后，他的儿子东昏侯萧宝卷即位，荒唐无道，别人拉谢朓搞政变，他不肯，结果被反咬一口，反被诬告叛乱，下狱论死，死时三十六岁。
011.文学类.txt	172	3	说	谢朓做过一件大义灭亲的事，就是检举他的丈人浔阳郡公王敬则谋反，王敬则因此被宋明帝杀掉。此事为谢朓太太所不谅解，老是想为父亲报仇，找丈夫算账，也要大义灭亲，谢朓只好避而不见。他临刑前，为他的大义灭亲而有惭德悔意，他说：“天道其不可昧乎？吾虽不杀王公，王公因我而死！”
011.文学类.txt	175	3	不料	王勃在王府中看贵族们斗鸡，写了一篇《檄英王鸡文》的游戏文章，被唐高宗看到了，认为“据此是构煽之渐”，认为他挑拨皇亲国戚，就把他赶到四川去，他的父亲也因为教子无方，贬为交趾令。不料却因此种下王勃的死因。他渡海去看父亲，掉在水里，竟“惊悸而死”，年二十八岁。
011.文学类.txt	177	3	说	《唐诗纪事》说王勃写文章：“先墨磨墨数升，引被覆面而卧。忽起书之，初不加点，时谓腹稿。”这也是一奇迹。
011.文学类.txt	185	3	最后	王维“九岁知属辞”，是神童。二十一岁中进士。他少年得志，但在中年以后，出了一件事，在安史之乱时，他曾被俘，虽然装病，但仍受到安禄山的礼遇，软禁在庙里，做了“伪官”。那时他五十四岁，写《凝碧池诗》表示悲愤。乱平后，在制裁陷贼官吏的时候，他凭这首诗，获得减刑，最后还官拜尚书右丞（内阁书记长）。虽然这样，在精神上，他仍然以“没于逆贼，不能杀身，负国偷生”为憾，一直难以释怀。
011.文学类.txt	186	3	问	晚年的王维，寄情禅悦与山水，他买下宋之问的别墅，整天焚香、饭僧、弹琴、赋诗。他的妻子早逝，他一连过了三十年的单身生活。六十一岁时候，在写了几封诀别信后，从容死去，他被称为“诗佛”。
011.文学类.txt	205	3	曰	每旦日出，骑弱马，从小奚奴，背古锦囊，遇所得，书投囊中，未始先立题，然后为诗，如他人牵合程课者。及暮归，足成之。非大醉、吊丧日率如此，过亦不甚省。母使婢探囊中，见所书多，即怒曰：“是儿要呕出心乃已耳！”
011.文学类.txt	231	3	说	对政治，陆游用诗来讥评不已，他说：
011.文学类.txt	239	3	说	黄遵宪（1848-1905），字公度，别署东海黄公，广东梅县人。他是清朝举人，何如璋做首任驻日本公使，请他去做参赞，由于他博学多才，很得日本朝野景仰。他是有心人，中年苦学日文，然后写下一部大书——《日本国志》，提醒中国人注意日本。可是大家不注意，直到五年以后甲午之战失败，大家才注意到这位先知。梁启超说如果中国朝野早就注意这部书，甲午之战也许可以避免了。
011.文学类.txt	243	3	后来	朱彝尊（1629-1709），字锡鬯，浙江秀水人。他天资极高，“书经目不遗”。年轻时四处云游，“所至丛祠荒冢、破炉残碣之文，莫不搜剔考证，与史传参校同异。”后来被选修《明史》，清圣祖康熙皇帝题匾“研经博物”送他，文名极大。他的著作有《曝书亭集》《经义考》《日下旧闻》《欧阳子五代史注》《赢洲道古录》《明诗综》等。
011.文学类.txt	249	3	问	王国维从小是读古书的，到了十八岁，才知道古书以外，还有西方的新学问。二十二岁起学外国文，二十五岁留学日本。三十六岁以前，他的治学主力在西洋哲学（他是最早介绍康德、叔本华、尼采到中国来的人）和中国词曲（他的名著是《人间词话》和《宋元戏曲史》，他提升了中国平民文学的地位）。此后主力转向古史与古文字学。
011.文学类.txt	252	3	说	徐渭（1521-1593），字文长，号青藤，别署天池山人、田水月，浙江绍兴人。他只是明朝的秀才，但是他文思敏捷，以才气被浙江巡抚胡宗宪赏识。《明史》说：
011.文学类.txt	253	3	下狱	渭知兵，好奇计，宗宪擒徐海，诱王直，皆预其谋。藉宗宪势，颇横。及宗宪下狱，渭惧祸，遂发狂，引巨锥剚耳，深数寸，又以椎碎肾囊，皆不死。已，又击杀继妻，论死系狱，里人张元忭力救得免。
011.文学类.txt	254	3	说	徐文长用锥子扎自己耳朵，是四十五岁的事。第二年就杀了老婆，此后一直在狱。四十八岁母亲死了，他出来办好丧事，再回去坐牢，五十三岁才出狱。袁宏道《徐文长传》说他：
011.文学类.txt	258	3	说	薛福成（1838-1894），字叔耘，江苏无锡人。他从二十七岁起，就追随曾国藩，很得信任。五十一岁起，任出使英、法、意、比四国大臣。《清史稿》说他：
011.文学类.txt	261	3	说	《清史稿》又说他“好为古文辞，演迆平易，曲尽事理，尤长于论事记载”。他的著作，有《庸盦文编》四卷、《庸盦文续编》二卷、《庸盦文外编》四卷、《庸盦海外文编》四卷、《筹洋刍议》一卷、《浙东筹防录》四卷、《出使奏疏》二卷、《出使公牍》十卷、《出使日记》六卷、《出使日记续刻》十卷、《庸盦笔记》六卷。这些著作，对晚清朝野的内幕、对中外早期交涉的实情，记录最多，也最珍贵，自然是研究近代中国和中外关系的最好史料。
011.文学类.txt	269	3	后来	孔尚任（1648-1718），字聘之，又字季重，号东塘，自称云亭山人，山东曲阜人。是孔子六十四代孙子。他年轻时候，在石门山中读书，博学多才，精通音律。清朝康熙皇帝“南巡北归”时，到曲阜祭孔，三十七岁的孔尚任，在御前负责讲解《论语》等书和文庙车服礼器，得到国子监博士头衔。后来他出差在外，结识了冒辟疆等“遗民”，使他对明末清初的遗文逸史感慨颇多，就以之为主题，完成了《桃花扇》。
011.文学类.txt	271	3	问	《桃花扇》的写作，达十年以上，1699年问世，次年孔尚任就丟官了。
011.文学类.txt	277	3	说	《水浒传》是从个人的或小股的反抗开始，然后合流成山头聚义。结构不凡，是中国最伟大的小说。
011.文学类.txt	284	3	说	《西游记》相沿是吴承恩做的，事实上，它是以玄奘取经的真人真事为基础，长时间累积起来的。早在南宋时候，就有了《大唐三藏取经诗话》；元朝时候，就有了《西游记平话》《唐三藏西天取经》等作品，吴承恩把这些材料作为底本，在他生命的晚年，完成了这部中国第一神怪小说。
011.文学类.txt	292	3	吴敬梓	吴敬梓（1701-1754），字敏轩，也字文木，安徽全椒人。他生于书香世家，“科第累世弗绝”，自己也是秀才。到他成年后，他“性耽挥霍”，“闲逸自恣”，能花钱也能助人，把已经中衰的家产，全给折腾光了。他的行为，竟使“乡里传为子弟戒”！
011.文学类.txt	296	3	梦	曹霑：《红楼梦》
011.文学类.txt	299	3	梦	《红楼梦》写豪门望族的浮沉与兴衰、写旧社会下个人的矛盾挣扎、写叛逆性格的悲剧、写礼教功名的无聊，都生动细致，无与伦比，是中国第一血泪之作。
012.史地类.txt	8	3	说	古代朝廷的大事，多在春天秋天举行，举行的经过，记下来，就叫《春秋》，所以《春秋》是实录，也是历史。这种《春秋》，只流传下来一部，就是《鲁春秋》。于是《春秋》变成专名，说《春秋》，就是指《鲁春秋》。
012.史地类.txt	10	3	后来	“公羊”“谷梁”是家派的名字，后来变为《公羊传》《谷梁传》。《公羊传》在发挥“春秋的褒贬，从而找出”微言大义“（微言是意义精微的话，大义是堂堂正正的道理）和“非常异义可怪之论”，这种发挥，未免失之穿凿附会，但研究中国人的大道理，却很有用。公羊久成绝学，到了清朝，才复活于世。
012.史地类.txt	11	3	说	《公羊传》旧题是公羊高写的，又说是公羊高的玄孙公羊寿等写的。
012.史地类.txt	19	3	说	但是，实际的结论似乎是：《国语》和《左传》不是同一个作者。《国语》在内容上，和《左传》不同、重复或矛盾的地方不少，有的与《春秋》也无关。语法结构上，也有不同之处。说他们语出一人，是不太妥的。
012.史地类.txt	21	3	说	《战国策》是战国时代策士、说客提供策略的结集，记录战国七雄齐、楚、燕、韩、赵、魏、秦和西周、东周、宋、卫、中山等十二国的史事，以国为单位，共收三十三篇，前后包括了两百四十五年的历史。这就是说，它包括的，不止一般所谓战国时代一百八十一年的历史（战国起算方法，照《史记》是公元前475，照《资治通鉴》是公元前403，有七十多年的误差。从宽来算，战国早期也就是春秋晚期）。
012.史地类.txt	44	3	说	《资治通鉴》是宋神宗定的名字，是司马光花了十九年的工夫，参考了正史以外三百二十二种历史书，完成的一部一千三百六十二年的编年史。由刘攽、刘恕、范祖禹等助编，内容精审，文字细致，司马光说他“毕生精力，尽萃于此”，可见他精神的一贯。大功告成以后，司马光说只有他的朋友王胜之看过一遍。别的人看了一页，就爱困了。虽然如此，这部两百九十四卷的大书，还是中国的名著。
012.史地类.txt	48	3	说	郑樵十六岁时候，死了父亲。他决定谢绝人事与科举，专心在山中苦读。他对知识界的流弊，是很轻视的，他说：
012.史地类.txt	50	3	最后	因此，他所从事的方向，是“实学”的方向。在这种方向里，他订下庞大而周密的写作计划，想继《史记》之后，完成一部包罗万象的大书，一部“集天下之书为一书”的大书。他以三十年闭户读书的基础，最后写出了两百卷的《通志》。
012.史地类.txt	55	3	说	王夫之的思想，尤其在历史观和政治思想方面，大都表现在他的《读通鉴论》和《宋论》两部书里。《读通鉴论》有三十卷，《宋论》有十五卷。据王夫之的儿子王敔在《姜斋公行述》的说法，王夫之——
012.史地类.txt	65	3	说	崔述一生最大的功劳，在于他能把历来的许多神话推翻，把许多不可信的事件一一点破，他把许多荒唐的古史给剪掉了。《清史稿》说他：
012.史地类.txt	66	3	说	其著书大旨，谓不以传注杂于经，不以诸子百家杂于传注。以经为主，传注之合于经者著之，不合者辨之。异说不经之言，则辟其谬而削之。
012.史地类.txt	67	3	说	述之为学，考据详明如汉儒，而未尝墨守旧说而不求其心之安；辨析精微如宋儒，而未尝空谈虚理而不核乎事之实。然勇于自信，任意轩轾者亦多。
012.史地类.txt	69	3	说	刘义庆：《世说新语》
012.史地类.txt	76	3	说	安徽人吴闿生在《庚子西狩丛谈》的序里说：
012.史地类.txt	77	3	召见	庚子之役，国家以乱民肇衅，外国连衡而入京师，两宫微服出狩。行二百，至榆林堡。怀来县知县吴永具衣冠恭迓于道旁。于是帝后始得进饘粥、备供帐。当是时，吴公之名闻天下，既而太后嘉其行谊，命开缺以知府随扈督办行在粮台，日夕召见，骎骎且大用，众以封圻台辅目公矣！而公伉直自将，不肯骫骳随俗，以故枢要多不悦公，遂以道员外放，然太后终契其贤。遇两司缺出，未尝不忆及公；每入都召对，未尝不移晷也。既而两宫相继殂谢，国祚亦潜移，谈者偶及往事，殆如隔世矣！
012.史地类.txt	83	3	问	这本书前半部是照作者本人从幼年到长成的年龄阶段分的。后半部是按照各别发生的问题事件分的。从这种二分里，交汇出西学东渐的一幅最珍贵的图画。
012.史地类.txt	91	3	后来	“伽蓝”就是梵语“僧伽蓝摩”的简称，就是佛寺的意思。北魏孝文帝由山西平城（大同）迁都河南洛阳时，佛教在中国如日中天。他的儿子宣武帝是佛教迷，在位十六年，造龙门石窟、营缮寺庙，远近承风，大家无不事佛。上行下效，弄出一千多个庙来。后来尔朱荣、高欢两次作乱，“寺观灰烬，庙塔丘墟”，杨衒之从这些盛衰中，写人世兴亡，乃成此一代名著。
012.史地类.txt	92	3	说	《洛阳伽蓝记》文笔优美，杨衒之说：
012.史地类.txt	109	3	问	范成大的诗、词、梅谱、菊谱都有单行本问世。他的《吴船录》《吴郡志》《桂海虞衡志》也都各有专书。鲍廷博《知不足斋丛书》收有《石湖纪行三录》，是一种好版本。《吴船录》是范成大在1177年（宋孝宗淳熙四年）五个月的游记，写他自四川到浙江的见闻，内容颇为详赡，是游记中的上品。
012.史地类.txt	113	3	说	丁文江《徐霞客游记序》中说：
012.史地类.txt	117	3	说	方苞（1668-1749），字灵皋，晚号望溪，安徽桐城人。他是清朝进士。四十三岁时候，发生了文字狱，他被牵连。《清史稿》说：
013.《中国名著精华全集》序.txt	4	3	说	从何处说起
013.《中国名著精华全集》序.txt	6	3	说	三百多年过去了，二十一史变成了二十五史，书更多了，人更忙了，历史更长了。一部二十五史，从何处说起？
013.《中国名著精华全集》序.txt	8	3	说	一部中国史，从何处说起？
013.《中国名著精华全集》序.txt	10	3	问	何况，中国书又不只历史书，历史书只是经史子集四部分类中的一部分，清朝的史学家主张“六经皆史”，这下子经书又变成了历史书。其实凡书皆史才对，中国人面对的，已不是历史书的问题，而是古书的问题。
013.《中国名著精华全集》序.txt	19	3	说	于是，中国人的办法便是：口口声声说复兴中华文化，但事实上，他们却对古书敬而远之，思念起来，未免惭愧。
013.《中国名著精华全集》序.txt	20	3	说	说你不配做中国人，你一定从心里不服气；但研究一下配做中国人的条件，你一定从心里惭愧。
013.《中国名著精华全集》序.txt	33	3	说	文言文的大缺点是它不能作为好的表达工具，它跟白话分裂，写出来，是活人说死话，说得再好也是《古文辞类纂》。到了19、20世纪，有人开始突破，最成功的是梁启超，梁启超说他文章“解放，务为平易畅达，时杂以俚语、韵语及外国语法；纵笔所至不检束……老辈则痛恨，诋为野狐”。
013.《中国名著精华全集》序.txt	56	3	告诉	但是，看了这些列举的书目，我仍旧不得不感到：它们没有太多的用处，它们的毛病在不该有的有了，该有的却又没有。它们无法把古书予以现代分类、无法从现代分类里透视古书的推陈出新的意义。同时，它们只提出书目，没有书本，虽然告诉人可以按图索骥，但是骥在哪儿，也要大费周章啊！
013.《中国名著精华全集》序.txt	60	3	说	现代处理古书的标准，不该以古董式的版本为尚，也不该以鉴赏、校勘的用度为足，而该以配合新知的研究，定其去取。例如商务印书馆的宋本《资治通鉴》，当然没有胡三省的音注，在鉴赏和校勘上，虽然有它的价值，可是在普及和实用上，就远不如它的重排本《资治通鉴》；商务印书馆的《四部丛刊》本无疏单注《五经》，在普及和实用上，也远不及艺文印书馆的阮刻《十三经注疏》；同样的，《仁寿本二十五史》中的南宋印北宋监本《史记》，在普及和实用上，也远不如黄善夫本或殿本或泷川会注本，这些例子，都说明了版本的考究，并不就是弘扬了古书①。
013.《中国名著精华全集》序.txt	63	3	说	例如这批竹简中，有古书《尉缭子》。《尉缭子》一直被许多大牌学者如钱穆等人怀疑是后代假造的书、是伪书，并且说得头头是道。但是这批竹简一出土，证明了真金不怕众口铄，大牌学者也者，不过大言欺人而已。
013.《中国名著精华全集》序.txt	71	3	问	另一个现代的观点是被埋没的古书的广为流传。中国历代的战乱不断，图书上的损失，早已无法细计，不论无意的被焚于兵祸，还是有意的聚毁于七塔，对文化而言，自属有害无益。今天我们得现代印刷术之便，实在应该把这些被埋没了的古书，尽量予以亮相，以免及身而绝②。过去有心人处理这个问题的方法，就是出版“丛书”。
013.《中国名著精华全集》序.txt	77	3	问	解决难读的问题
013.《中国名著精华全集》序.txt	82	3	说	基于上面所说的一些有关古书的重点、基于上面所说的一些心得和认识，王荣文和我，经过多次的交换意见和反复讨论，决定在《中国历史演义全集》成功后第四年的今天，推出一部《中国名著精华全集》。⑦
013.《中国名著精华全集》序.txt	84	3	问	我们希望，这部《中国名著精华全集》的问世，可以使现代的中国人，能够多少知道作为中国人应有的条件是什么、多少知道祖宗们的遗产是什么，多少知道这些遗产可以入宝山而不空手、多少知道这些遗产对我们并非高不可攀。
013.《中国名著精华全集》序.txt	85	3	问	我们相信，这部《中国名著精华全集》的问世，可以把现代人看古书的问题，得到满意的一次解决。有了这部大书，你可以上下古今，把千年精华尽收眼底；你可以纵横左右，把多样遗产罗列手边。你可以从古典中寻新义；从旧籍里找时潮；从深入浅出的文字里，了解古代的中国和现代的中国。
013.《中国名著精华全集》序.txt	91	3	入狱	③这套《中国名著精华全集》，尽量表扬被压扁的异类思想，特别注重中国古书中的多样性、独创性与个性。因此，作者群中，入狱的、杀头的比例也颇大，这是一个必要的义举——点燃旧日的火种，加添今后的光明，这本就是我多年的一个心愿。至于纯属个人的一些感情泛滥的集部书，我有意缩小它们的比例。
013.《中国名著精华全集》序.txt	93	3	说	⑤俞樾是中国有史以来最能读古书的人，他在《古书疑义举例》里，却描写了古书是多么难读。他说：“夫自周秦两汉，至于今远矣，执今人寻行数墨之文法，而以读周秦两汉之书，譬如犹执山野之夫，而与言甘泉建章之巨丽也！夫自大小篆而隶书、而真书，自竹简而缣素、而纸，其为变也屡矣。执今日传刻之书，而以为是古人之真本，譬如闻人言筍可食，归而煎其箦也！嗟夫，此古书疑义所以日滋也欤？”
013.《中国名著精华全集》序.txt	94	3	说	⑥这套《中国名著精华全集》，尽量以实用的解题、注释、翻译为原则，酌量收入。现代人每以注释为读古书的要件，其实注释不一定全对读者有益。像《论语》《孟子》，读了朱熹的注释，反会堕入宋儒理学的魔障，这说明了注释不当，反倒有害。
001.《要把金针度与人》（代序）.txt	9	2		□还不止此。在12世纪，一个伟大的中国有心人郑樵，在隐居山林、谢绝人事的专事写作里，曾立下“集天下之书为一书”的雄心大愿，但他五十九岁死去，没有完成。如今，八百年过去了，这种雄心大愿，有赖于新时代的有心人和新时代的出版形态来完成了。新时代的有心人要做“集”旧中国“天下之书为一书”的新尝试。它的形态所决定的方向，必然是划时代的方向。
003.总类.txt	9	2		阮元认为“圣贤之道存于经，经非训诂不明”，“古今义理之学，必自训诂始”，这是很实事求是的治学态度。阮元八十六岁时死去，他在提倡学术的影响上，既深且久。在浙江立“诂经精舍”，有教室五十间之多；在广东立“学海堂”，也是有名的学术重镇。
003.总类.txt	14	2		在编《四库全书》以前，首先要人民提供藏书做底本，但是人民怕文字狱，都不敢提供。经乾隆皇帝保证“书中即有忌讳字面，并无妨碍”。千方百计，劝诱人民提供藏书。可是一旦提供出来，乾隆皇帝就露出真面目，就一边发扬文化，一边摧残文化了。1776年乾隆皇帝下谕：“明季诸人书集，词意抵触本朝者，自当在销毁之列”；1778年又下谕：“如有收藏明末国初悖谬之书，急宜及早交出。”随着就展开一波又一波的禁书运动。估计全毁书目在两千四百五十种以上，抽毁书目在四百种以上。这些书目今天都不全了，但从残余之中，还可看到一片杀气，足令我们猛省。
004.哲学类.txt	111	2		王廷相（1474-1544），字子衡，号浚川，人称浚川先生，河南仪封人。他“幼有文名”，二十九岁中明朝进士后，开始做官。他一边做官，一边“究心国家典章时政机宜……以正学术”。为了揭发宦官的黑暗弄权，他被人反咬一口，坐了牢，但没有证据证明他不法。出狱后，降级改叙，继续做官。为了替盗林木的百姓讲话，又被罚俸。他七十一岁死去，死前三年，还因“朋比阿党”的罪名，被赶出朝廷，“斥为民”。
004.哲学类.txt	124	2		顾炎武以“体国经野之心”，去“登山临水”，每次用两匹马、两匹驴驮着书，到处研究他的实学。他一生标榜“博学于文”“行己有耻”，在这两方面，他都立下伟大的风范。
004.哲学类.txt	166	2		墨家的救世，比起儒家来，动人得多。孟子一方面明知“墨子兼爱，摩顶放踵，利天下为之”，一方面却血口喷人，骂墨子“是禽兽也”。这未免太不公道，也太伪君子了。儒家高高在上，以不耕而食为君子，以学稼为小人，一心要“其君用之，则安富尊荣”，生活起居，都要乘舆代步、从者众多的大排场，这样的救世者，比起“赴火蹈刃，死不旋踵”的墨家来，是应该脸红的。孟子不但不脸红，竟还骂墨子是禽兽。这又算什么呢？
004.哲学类.txt	172	2	后来|最后	颜之推（531-591后），琅琊（山东临沂）人。他的一生，历经战乱，他在湘东王萧绎幕中服役的时候，为侯景所败，做了俘虏，在囚送途中，几乎死掉。萧绎被拥立成梁元帝时候，叫他管理中央的图书。后来西魏军打江陵，围城二十一天后城破，萧绎认为自己完了，文化完了。乃尽烧图书，蹈火自焚。颜之推又成了俘虏，最后留在北齐做官。北齐被北周所灭时候，他又一次做了“亡国奴”。饱更忧患的经历，使他在老死以前，写下一部望子成龙的名著，就是《颜氏家训》。
005.宗教类.txt	16	2		韩愈虽然在思想上不过如此，但在文章上，却卓然成家。中国文章自魏晋以后，一作文就是“四六体”——四句六句对偶而成的骈体文，满篇堆砌，矫揉造作，非常讨厌。韩愈出来，主张秦汉古文，“师其意而不师其词”“唯陈言之务去”，造成“文起八代（魏晋六朝）之衰”的局面。虽然他的文章，讨厌之处也不少，但比起八代的来，总算是进步了。
005.宗教类.txt	49	2		吕才的多才，还不止此，他又作过“方域图”“教飞骑战阵图”“文思博要”“姓氏录”“隋记”；参与“白雪歌词”“本草”。他真是多方面的专家，在中国古人中，他有点像阿基米德。
005.宗教类.txt	52	2		这是一本笔记，书名五个字中，有三个“寄”字，第一个“寄”字是他住处的名字，第二、三个“寄”字同义，第二个是动词，第三个是动名词做目的语用。他认为宇宙万物都有所“寄”，譬如日月星辰寄于天、人的五官寄于面，所以他的家叫“寄园”，他的笔记叫《寄园寄所寄》。这部笔记，是他人生如寄的一点成果。
006.社会科学类.txt	60	2		邓牧（1207-1306），字牧心，浙江钱塘人。出身书香之家，“家世相传不过书一束”。少年时候，他很喜欢《庄子》《列子》等书，青年以后，“视名利薄之”，乃“徧游方外，历览名山”。常常“杜门危坐”，并且每天只吃一顿饭。
006.社会科学类.txt	87	2	后来|最后	郑观应（1841-1923），原名官应，字陶斋，广东香山（中山）人。他生于鸦片战争时代，觉醒于英法联军时代，在成年以后，为了救国，放弃科举，改行从商，努力学习西方语文、了解西方富强之道。在清末洋务运动中，郑观应曾多方面的参与，他写过不少有关富强的文字，1862年，他出版《救时揭要》，后来三十年间，陆续增订，最后成为《盛世危言》。
006.社会科学类.txt	88	2		《盛世危言》全书共分十四卷，一至四卷为“富国”、五至七卷为“开源”、八至十一卷为“强兵”、十二至十四卷为“节流”，共一百零二篇。有些篇后还附有英、法、德、俄等国有关资料和张之洞、薛福成等人有关文章。
006.社会科学类.txt	110	2		《唐律疏义》是唐高宗永徽四年（653），由长孙无忌进呈的，时间是唐太宗死后四年。实际上，它的内容是唐玄宗开元二十五年（737）与律令同时颁布的律疏。唐朝的律令，前后颁布多次（律有七次，令有十多次），长孙无忌进呈的是“律疏”，“律疏”变成“疏义”是以后的事。所以，把《唐律疏义》看成是唐高宗时候的永徽律，而不知它是八十四年后的唐玄宗开元注释书，就大错特错了。
006.社会科学类.txt	128	2		《礼记》共有九万九千零二十字，其中有许多篇，是给礼做阐释的。礼有“文”和“义”的不同，“文”是节目单中的节目，“义”是节目理论。像书中的“祭义”就是祭礼的理论，“婚义”就是婚礼的理论。
011.文学类.txt	48	2		欧阳修在文章上，开宋朝的先河。他上承韩愈，主张文章要有“明道”“致用”的功能，认为“大抵道胜者，文不难而自至也”。他笔下的才能，是多方面的，举凡散文、骈文、史传、诗词，都有很高超的成就，影响到三苏父子、曾巩、王安石和后代的文风。他又敢于运用中文、扩大中文，他写《醉翁亭记》，连用二十一个“也”字，其气魄可想！文章刻石后，他要把“泉洌而酒香”改成“泉香而酒洌”，要重新刻过才罢休，其认真可想！
011.文学类.txt	105	2	后来|最后	汪中（1743-1794），字容甫，江苏江都人。他七岁时死了父亲，家中很穷，夜里没有被盖，“借薪而卧”。又没钱上学，乃由母亲教他读书。后来到书店做伙计，得到方便，遍读群书，最后苦学成名，尤以骈文为清朝第一人。
011.文学类.txt	155	2		阮籍“本有济世志”，因为“魏晋之际，天下多故，名士少有全者”，人人自危之下，阮籍就“不与世争，遂酣饮以为常”。他显然对“路人皆知”的司马家政治集团不满，因此他以整天喝酒来实行不合作主义。司马家求婚于阮家，阮籍一连大醉六十天，醉掉一切。
011.文学类.txt	156	2		因为阮籍有名气，司马家逼他做官，他宁愿不做大官而做小官，因为“步兵尉营人”会做好酒，他就去做了“步兵校尉”。司马家的人也一再想罗织他入罪，但他“发言玄远，口不臧否人物”，使人抓不到他小辫，因此得保首领以殁，活了五十四岁。
011.文学类.txt	160	2		谢灵运“少好学，博览群书，文章之美，江左莫逮”；他又“性奢豪，车服鲜丽，衣裳器物，多改旧制，世共宗之”。可见在文章上和时装上，他都是顶尖儿的人物。这样一个公子哥儿，就得到一个外号，叫“谢康乐”。
011.文学类.txt	169	2		谢朓（464-499），字玄晖，河南太康人，他的祖父、父亲都是南北朝的官吏，他的母亲是宋武帝刘骏的女儿长城公主，所以他不但是贵族，也是皇族。他是谢灵运的堂侄，被称做“小谢”。李白诗中“蓬莱文章建安骨，中间小谢又清发”，就是指他。又因他做过宣城太守，遂被称做“谢宣城”。
011.文学类.txt	200	2		白居易认为诗不是“嘲风雪、弄花草”的，诗该“救济人病，裨补时阙”的。他曾编《讽谕集》，收诗一百七十二首，批评时政，他要求统治者“欲开壅蔽达人情，先向歌诗求讽刺”，结果诗一发表，“权豪贵近者相目色变，执政柄者扼腕，握军要者切齿。”
011.文学类.txt	241	2		黄遵宪去过英、美、日本、南洋，思路新奇，眼界开阔。他能以各种新词汇、新体裁为诗，他主张：“我手写我口，古岂能拘牵！”主张：“各人有面目，正不必与古人相同。”主张：“吾今所遇之时、所历之境、所思之人、所发之思，不先不后，而我在焉。前望古人，后望来者，无得与吾争之者，而我顾其情，舍人从我，何其无志也！……则今宪所为，皆宪之诗也！”这种气魄，实际是一种大丈夫行径，最值得我们景仰。
011.文学类.txt	267	2		中国文学从古代起，就分为两大干流：一是民间的，一是文人的，这两者来源不同。例如上古的民间文学是“风”，文人文学则是“雅”和“颂”；又如中古的民间文学是汉魏六朝唐的乐府；文人文学则是汉魏六朝唐的诗赋；再如近古的民间文学是宋词元曲，文人文学则是呆板的诗文。这两大干流，分野都很明白。但是，分野尽管分野，常常经过若干时间，两者又有合流的倾向。例如汉魏的民间文学——乐府，到六朝以后，文人却个个都好拟古乐府，于是乐府便发生合流的现象；又如元朝的民间文学——曲，到明清以后，文人却个个都好作传奇，于是曲便发生合流的现象。汤显祖的作品，是这种合流中最成功的，值得我们特别欣赏。
012.史地类.txt	33	2		《汉书》是记刘邦到王莽之间二百三十九年的事。分十二本纪、七十列传、八表、十志，共有一百篇、八十多万字，是中国第一部断代史。因为它的成就，跟《史记》辉映，所以古书中，常常见到“史、汉”、“班、马”、“迁、固”等合称。
012.史地类.txt	38	2	班固|陈寿	一般人读四史，因为后汉在三国之前，总以为范晔的《后汉书》也在陈寿的《三国志》之前，这是错的。事实上，范晔在陈寿死了一百年后才出生，范晔写《后汉书》，其中外夷传还是取材于陈寿的著作。故上接司马迁、班固的第一史学家，自是陈寿。
012.史地类.txt	51	2		《通志》共两大部分：第一部分是“纪传”，就是一般的历史与传纪，共一百四十八卷；第二部分是“二十略”，就是分类记述典章、制度、文化等的沿革演变，起自上古，下到唐朝，共五十二卷。“二十略”是郑樵一生功力所在，其中六书略、七音略、谥略、乐略、校雠略、金石略、昆虫草木略等，尤其是他创造的精华，他的伟大，尽于是矣。
012.史地类.txt	100	2		《读史方舆纪要》一书，集历代舆地的大成，是中国规模最大的地理学名著。书中对形势险要，行军用兵之道，尤其详尽，所以又是国防地理的专书，是有志安内攘外者不可不读的大书。全部共分十八部分，除第一部分“历代州域形势”、第十七部分“川渎”、第十八部分“分野”外，其他都是按地区的分论。
013.《中国名著精华全集》序.txt	17	2		又何况，一个人想一辈子献身从事这种“白首穷经”的工作，也不见得有好成绩。多少学究花一辈子时间去在古书里打滚，写出来的，不过是“断烂朝报”；了解的，不过是“瞎子摸象”。古书太难了解了。
013.《中国名著精华全集》序.txt	76	2		由于过去的通病是儒家挂帅下的四部分类，古书所遭遇的摧残是相当严重的，这种挂帅和分类不打破，中国的古书情况必将永远陷在不均衡的畸形里、陷在比例不对的悬殊里。所以，用现代的观点处理古书，必须首先把儒家挂帅四部分类的错误予以矫正，把所有古书，重新估定，该拉平的拉平、该扶起的扶起、该缩小的缩小、该放大的放大、该恢复的补足、该重视的给它地位③。这种重新估定之下，整个中国文化遗产才能均衡的、成比例的重新呈现在我们眼前。我们再用现代方法去“新瓶装旧酒”，古书才不止是古书，才有现代的意义④。在现代意义的光照下：许多古书，古人所贵者，如今看来已是断烂朝报；又许多古书，古人所贱者，如今看来却余味无穷。如今我们处理古书，并不是止于把它们进一步分类（如刘国钧《中国图书分类法》或杜定友《杜氏图书分类法》），或就古人之所重者印一阵就算完事，而该大力发掘并认定真正值得现代学术“獭祭”的典籍，否则的话，只是引今泥古而已，离玩物丧志也就不很远了，“学术”云乎哉！
003.总类.txt	13	1	后来	1773年，清朝乾隆皇帝开四库馆，成立了全世界最大的编书抄书阵容。他动用四千三百零三人，花了八年的时间，编出第一部九亿八千万字的《四库全书》（文渊阁），后来又编了同样的六部。《四库全书》是包含三千四百七十种、七万九千零一十八卷、三万六千三百册的丛书，是中国历史上最大的丛书。
003.总类.txt	35	1	后来	1773年，清朝乾隆皇帝开四库馆，成立了全世界最大的编书抄书阵容。他动用四千三百零三人，花了八年的时间，编出第一部九亿八千万字的《四库全书》（文渊阁），后来又编了同样的六部。《四库全书》是包含三千四百七十种、七万九千零一十八卷、三万六千三百册的丛书，是中国历史上最大的丛书。
003.总类.txt	41	1	最后	《文心雕龙》写成以后，大家并没重视。刘勰乃去找《四声谱》的作者沈约，请沈约推荐，可是无法见到。乃等在沈约家门口，装做卖书的，引起沈约的注意。最后终蒙加以揄扬，才变成名著。
004.哲学类.txt	13	1	后来	列御寇，被称为列子，是春秋后期人，比孔子晚七八十年，比庄子早一百年。他住在郑国，郑国宰相子阳曾送他吃的，他不要，后来子阳为人所杀。他好像是跟当道不合作的。
004.哲学类.txt	24	1	后来	荀况是战国晚期的大思想家，他生在赵国，住在齐国与楚国，做的是祭酒和兰陵县（山东峄县）的县太爷，后来终老在那地方，活了八九十岁。
004.哲学类.txt	45	1	后来	桓谭在那种马屁与愚昧的时代里，敢于不讲话，也敢于讲话，的确是位了不得的前进思想家。可惜他的遗著《新论》二十九篇失传了。这篇《形神》是非常难得的一篇劫余，其中讨论“人死如灯灭”的哲理，直接影响到后来的范缜。在中国的思想家里，桓谭的确是最优秀的一位。
004.哲学类.txt	64	1	后来	后来他做了监察御史、礼部员外郎，正要得君行道时，唐顺宗病倒，传位给唐宪宗，他就被贬到湖南的永州，在山瘴里一过十年，再转到广西的柳州，过了四年，以四十七岁的年纪，死在柳州。柳州人怀念他，为他立了庙。
004.哲学类.txt	114	1	后来	何心隐（1517-1579），本姓梁，名汝元，字柱乾，号夫山，江西永丰人。他三十岁前，走科学的路，后来追随颜钧（山农），走上颜钧“欲有为于世，以寄民胞物与之志”。颜钧是王守仁（阳明）学生的学生的学生，何心隐就是三传弟子。
004.哲学类.txt	116	1	最后	何心隐案是中国旧社会迫害异端的一个显例。何心隐由反对地方官到反对当朝宰相，争取人权与讲学自由，最后竟遭惨死。他的身世与血泪，最令我们钦敬。
004.哲学类.txt	143	1	后来	戴震是清朝的大学者，在思想方面的主要著作是《原善》《孟子字义疏证》《绪言》（《绪言》和《孟子字义疏证》有很多重复，该是后者的初稿）。其他在声韵方面、历算方面、地理方面、经学方面，他都有渊博的论述，给中国的考证学，树立了登峰造极的境界，后来的王念孙、王引之、段玉裁，都是这一学风的传人。
004.哲学类.txt	147	1	后来	焦循（1763-1820），字里堂，江苏甘泉人。是清朝乾隆时候举人，后来闭户家居，研究经学、数学、天文学，很有成绩。他在雕菰楼里著书，足不进城者十多年，他的专心，由此可见。
004.哲学类.txt	152	1	后来	严复后来任编辑局总纂。辛亥革命后，任北京大学校长。袁世凯称帝，强挽他支持，成了“筹安六君子”，他没有勇于否认，是他一生中最大的败笔。
004.哲学类.txt	159	1	最后	谭嗣同（1865-1898），字复生，号壮飞，湖南浏阳人。他的父亲是清朝大官，最后做到湖北巡抚。他十三岁跟着父亲到甘肃，二十岁跟着新疆巡抚刘锦棠到新疆，以后十年间，浪迹于河北、河南、湖北、湖南、江苏、安徽、浙江各省，见闻很多。
005.宗教类.txt	5	1	后来	孟轲的地位是累积起来的。到了唐朝，韩愈推崇孟轲是直承道统的人物。到了宋朝，他配享到孔庙。到了元朝，他被封为亚圣。到了明朝，因为明太祖不喜欢他，吃了一点蹩，后来就一直风光，直到今天了。
005.宗教类.txt	29	1	后来	佛经本来就是大量抽象名词的排列组合，本来就缺乏明确的含义。慧能以后的禅宗，在冲破这种汗牛充栋上，很革命，但冲到后来，仍是用抽象代抽象，只是简化一点而已。所以，不论是口头禅或野狐禅，其禅则一也。
006.社会科学类.txt	27	1	最后	公孙鞅的变法，是中国历史上最早又最成功的一次变法。虽然他自己最后被兔死狗烹、车裂以殉，但这一事迹，在中国，却是罕见的纪录。
006.社会科学类.txt	69	1	最后	黄宗羲是明朝大儒刘宗周（蕺山）的学生，刘宗周在明朝亡后，以六八老翁，绝食而死，给了黄宗羲伟大的身教。黄宗羲从事反清复明的活动十多年，最后失败，在四十七岁以后，专心著作讲学，到八十六岁死去，前后近四十年之久，成绩极为丰富，举凡天文、地理、乐律、历算、政治、史学、诗文，种种方面他都有著作，并且很精彩。
006.社会科学类.txt	144	1	最后	洪亮吉的人口论，与马尔萨斯（Thomas Robert Malthus）的竟不谋而合。他的完成在1793年，比马尔萨斯的还早五年，虽然不如洋人的细密，但是洋人的理论是有师承的、有传统的，洪亮吉的却是土法炼钢的。可惜他的先知言论不为人所重视，最后徒托空言以“见外”而已。悲夫！
006.社会科学类.txt	148	1	后来	《仪礼》是古代礼的节目单。古代的贵族们一举一动都有一套规矩，这些规矩又因地位不同而不同，踵事增华，使当事人自己也搞不大清楚。于是就请专家们来帮忙，这种帮忙，叫做“相礼”（辅导别人行礼）；这种专家，就叫儒。相礼相得多了，就累积出节目单来，到时候照本宣科，可以省事。这种节目单的总集，就是《仪礼》。节目单最多的时候，多达五十六篇，后来丢了三十九篇，只剩十七篇，就是流传到今天的《仪礼》。
006.社会科学类.txt	151	1	后来	辜汤生（1857-1928），字鸿铭，别署汉滨读易者，福建同安人。他是英属马来亚槟榔屿的华侨，早年留学英国、德国，得到文学、工学学位。1880年后，在新加坡英国殖民政府任职。后来跟马建忠一夕谈，深感当为祖国效命，第二天就辞职，然后蓄辫易服，回祖国了。
008.自然科学类.txt	9	1	班固	少善属文，游于三辅，因入京师，观太学，遂通“五经”，贯六艺。虽才高于世，而无骄尚之情。常从容淡静，不好交接俗人。永元中，举孝廉不行，连辟公府不就。时天下承平日久，自王侯以下，莫不踰侈。衡乃拟班固《两都》，作《二京赋》，因以讽谏。精思传会，十年乃成。
010.艺术类.txt	14	1	最后	嵇康从小就死了父亲，他很聪明，读书不要人教，就可以有成绩。他是一个美男子，人们以“龙章凤姿”称赞他。他最后跟皇亲国戚发生生殖器关系，变成曹操孙子曹林的女婿，做了中散大夫。
011.文学类.txt	3	1	后来	司马相如（约前179-前117），字长卿，原名犬子，后来他因佩服蔺相如，改名相如，四川成都人。
011.文学类.txt	50	1	苏轼	苏轼：《东坡七集》
011.文学类.txt	51	1	苏轼	苏轼（1036-1101），字子瞻，号东坡居士，四川眉山人。
011.文学类.txt	54	1	苏轼	苏轼是中国杰出的文学家，不论诗、词、散文，他都有超人的表现。词在他手里，完成了独立的文体，不再是乐曲歌词的附丽，并且内容解放豪放，自成大家。
011.文学类.txt	64	1	不料	不料退而不休。明太祖兴大狱，在整肃胡惟庸的事件里，扯进宋濂的长孙宋慎。于是全家被放逐到四川，走到半路，宋濂就病死了。
011.文学类.txt	66	1	最后	宋濂是明朝初年第一大文豪，同时又是制定明朝礼乐制度的人。他被“推为开国文臣之首”，最后兔死狗烹的下场，还是免不掉的。
011.文学类.txt	129	1	最后	屈平（前343-约前290）字原，湖北秭归人。他是楚国人。关于他的身世，疑点很多，但他最后忧国怀君，投水而死，却成了中国人的共识。每年阴历五月初五端午节，相传就是他投水的日子，大家用龙舟竞渡来救他，用粽子来祭他，都表示对这位死难人物的怀念。
011.文学类.txt	148	1	最后	曹植（192-232），字子建。因为最后封陈王（河南淮阳），又谥号思，所以被称陈思王，安徽亳州人。
011.文学类.txt	151	1	最后	曹植活了四十一岁。死前四年里，曾多次上疏，写《求自试表》《求通亲表》，希望参与政事、准许和亲人来往，但都没有下文。最后在潦倒中“形容枯悴，忧心如醉”死去，结束了与统治者有生殖器关系的一生。
011.文学类.txt	180	1	后来	陈子昂二十四岁中进士，一再上书，得到武则天的重视。因有知遇之感，三十岁时候，他写《大周受命颂表》《大周受命颂四章》，对武则天歌功颂德，后来升到右拾遗。
011.文学类.txt	216	1	最后	李商隐（812-858），字义山，号玉溪生，河南沁阳人。他出生在没落的贵族之家，幼年丧父，生活很苦。十七岁时候，得到令狐楚的赏识，做了幕僚。二十五岁中进士。但是因他讨了令狐家政敌王家的女儿做老婆，为令狐家所不谅，被打入败部。他在党争夹缝中，左右不逢源、里外不是人，最后潦倒而死，年四十七岁。
011.文学类.txt	229	1	后来	陆游十二岁时候，就会做诗文。二十九岁应考，因为列名丞相秦桧的孙子之前，为当局所忌，一直吃不开。宋孝宗即位后，才开始赐进士出身，在官场或起或伏。后来派去修国史，直到八十岁才退下来，八十五岁去世。
011.文学类.txt	276	1	最后	《水浒传》是最好的抗议文学，它的基调是被压迫的人要反抗不合理的统治，要“杀去东京，夺了鸟位”，最后由英雄好汉替天行道。它显然是一部阳刚的正义之作。
011.文学类.txt	291	1	吴敬梓	吴敬梓：《儒林外史》
012.史地类.txt	22	1	后来	《战国策》的作者非一人，作成也非一时一地，汉朝刘向校勘宫中藏书，将皇室保存的各种文书加以订正，命名为《战国策》。后来刘向的本子也残缺了，宋朝曾巩曾加以增补，而成为今日的祖本。
012.史地类.txt	30	1	班固	班固：《汉书》
012.史地类.txt	32	1	班固	班固死后，《汉书》遗稿经汉和帝叫班固妹妹班昭（曹大家）续成，书中八表成于班昭之手，在天文志上，马续也帮了忙。
012.史地类.txt	35	1	陈寿	陈寿：《三国志》
012.史地类.txt	36	1	陈寿	陈寿（233-297），字承祚，四川南充人。他是《三国志》的作者，《三国志》是二十五史中最简洁的一部。《晋书》中记陈寿：
012.史地类.txt	42	1	后来	司马光二十岁时候，就中了宋朝的进士，后来一直做官。宋哲宗时做到宰相，可是只做了八个月，就累死了，活了六十八岁。
012.史地类.txt	59	1	后来	赵翼（1727-1814），字云松，号瓯北，江苏阳湖人。他是一个神童，三岁时候，就能每天认识几十个字。三十四岁中进士，后来在广西、福建做官，机警而有谋略。晚年主讲安定书院，八十八岁去世。
012.史地类.txt	70	1	后来	刘义庆（403-444），江苏铜山人。他是六朝时候宋的皇族，从小就被宋武帝刘裕看重。十四岁跟着刘裕北伐；刘裕称帝后，封为临川王。后来做文帝亲信，做过大官。他“为性简素，寡嗜欲，爱好文义，才词虽不多，然足为宗室之表。受任历藩，无浮淫之过，唯晚节奉养沙门，颇致费损。少善骑乘，及长以世路艰难，不复跨马。招聚文学之士，近远必至。”可见为人的一斑。
012.史地类.txt	74	1	后来	吴永（1865-1936），字渔川，浙江吴兴人。十九岁中秀才，跟郭嵩焘学古文义法。后来做了曾国藩儿子曾纪泽的女婿。
012.史地类.txt	95	1	顾祖禹	顾祖禹：《读史方舆纪要》
012.史地类.txt	102	1	后来	魏源（1794-1857），字默深，湖南邵阳人。二十八岁中举人后，去做小官；五十岁中进士，六年后太平军起事，他因为迟误驿报，被革职。后来恢复原官，六十三岁死去。
012.史地类.txt	104	1	后来	在魏源的著作里，影响最大的是《海国图志》。鸦片战争中战败后七年，魏源根据林则徐的《四洲志》稿，增补成为一百卷的《海国图志》，主张“师夷以制夷”的理论，呼吁变法图强。日本人首先受了这部书的影响，促进了维新。中国人反倒慢吞吞的，但总算从这部书里，了解了不少世界大势。后来曾国藩、左宗棠、沈葆桢、李鸿章等的洋务运动，都是顺着这一思路下来的。
012.史地类.txt	119	1	后来	此后他在朝里做官，后来因为刚正敢言，被人整冤枉，乾隆时——
013.《中国名著精华全集》序.txt	34	1	最后	梁启超虽被老辈痛恨，诋为野狐，但他在中国文章史上，和司马迁、韩愈等一样，是十足划时代的人物。梁启超风靡文坛一二十年，最后由白话文接替了文言文的位置，中国古书的时代，就告一段落了。
